timestamp,0x0000,0x0001,0x0002,0x0003,0x0004,0x0005,0x0006,0x0007,0x0008,0x0009,0x000A,0x000B,0x000C,0x000D,0x000E,0x000F,0x0010,0x0011,0x0012,0x0013,0x0014,0x0015,0x0016,0x0017,0x0018,0x0019,0x001A,0x001B,0x001C,0x001D,0x001E,0x001F,0x0020,0x0021,0x0022,0x0023,0x0024,0x0025,0x0026,0x0027,0x0028,0x0029,0x002A,0x002B,0x002C,0x002D,0x002E,0x002F,0x0030,0x0031,0x0032,0x0033,0x0034,0x0035,0x0036,0x0037,0x0038,0x0039,0x003A,0x003B,0x003C,0x003D,0x003E,0x003F,0x0040,0x0041,0x0042,0x0043,0x0044,0x0045,0x0046,0x0047,0x0048,0x0049,0x004A,0x004B,0x004C,0x004D,0x004E,0x004F,0x0050,0x0051,0x0052,0x0053,0x0054,0x0055,0x0056
2026-08-31T17:55:15,0x8003,0x0000,0x0000,0xFFFF,0x0000,0xFFFF,0xFFFF,0x0000,0x0000,0xFFFF,0x0000,0x0000,0xFFFF,0x0000,0x049C,0x0488,0xFFFF,0x092E,0xFFFF,0xFFFF,0x0257,0x0257,0xFFFF,0x0001,0x0000,0xFFFF,0x0000,0x0000,0x0000,0x0000,0x0000,0x0000,0x0000,0x0000,0x0000,0x0000,0x0000,0xFFFF,0x0000,0x0000,0x051E,0x0000,0x056E,0x0000,0x0046,0xFFFF,0xFFFF,0xFFFF,0xFFFF,0xFFFF,0xFFFF,0xFFFF,0x0140,0xFFFF,0xFFFF,0xFFFF,0x0083,0x0000,0x0117,0x0002,0x005C,0x001C,0xFFFF,0xFFFF,0x1100,0x1111,0xFF11,0x1111,0xF0F0,0x111F,0x0100,0x0011,0x1001,0x1111,0x0000,0x0F01,0x1F11,0x11FE,0x0007,0x6880,0x1600,0xFF10,0x081F,0x07EA,0x18FF,0x4113,0x9EEC
2026-08-31T17:55:17,0x8003,0x0000,0x0000,0xFFFF,0x0000,0xFFFF,0xFFFF,0x0000,0x0000,0xFFFF,0x0000,0x0000,0xFFFF,0x0000,0x049C,0x0488,0xFFFF,0x092E,0xFFFF,0xFFFF,0x0257,0x0258,0xFFFF,0x0001,0x0000,0xFFFF,0x0000,0x0000,0x0000,0x0000,0x0000,0x0000,0x0000,0x0000,0x0000,0x0000,0x0000,0xFFFF,0x0000,0x0000,0x051E,0x0000,0x056E,0x0000,0x0046,0xFFFF,0xFFFF,0xFFFF,0xFFFF,0xFFFF,0xFFFF,0xFFFF,0x0140,0xFFFF,0xFFFF,0xFFFF,0x0083,0x0000,0x0117,0x0002,0x005C,0x001C,0xFFFF,0xFFFF,0x1100,0x1111,0xFF11,0x1111,0xF0F0,0x111F,0x0100,0x0011,0x1001,0x1111,0x0000,0x0F01,0x1F11,0x11FE,0x0007,0x6880,0x1600,0xFF10,0x081F,0x07EA,0x18FF,0x4113,0x9EEC
2026-08-31T17:55:18,0x8003,0x0000,0x0000,0xFFFF,0x0000,0xFFFF,0xFFFF,0x0000,0x0000,0xFFFF,0x0000,0x0000,0xFFFF,0x0000,0x049C,0x0488,0xFFFF,0x092E,0xFFFF,0xFFFF,0x0258,0x0258,0xFFFF,0x0001,0x0000,0xFFFF,0x0000,0x0000,0x0000,0x0000,0x0000,0x0000,0x0000,0x0000,0x0000,0x0000,0x0000,0xFFFF,0x0000,0x0000,0x051E,0x0000,0x056E,0x0000,0x0046,0xFFFF,0xFFFF,0xFFFF,0xFFFF,0xFFFF,0xFFFF,0xFFFF,0x0140,0xFFFF,0xFFFF,0xFFFF,0x0083,0x0000,0x0117,0x0002,0x005C,0x001C,0xFFFF,0xFFFF,0x1100,0x1111,0xFF11,0x1111,0xF0F0,0x111F,0x0100,0x0011,0x1001,0x1111,0x0000,0x0F01,0x1F11,0x11FE,0x0007,0x6880,0x1600,0xFF10,0x081F,0x07EA,0x18FF,0x4113,0x9EEC
2026-08-31T17:55:19,0x8003,0x0000,0x0000,0xFFFF,0x0000,0xFFFF,0xFFFF,0x0000,0x0000,0xFFFF,0x0000,0x0000,0xFFFF,0x0000,0x049C,0x0488,0xFFFF,0x092E,0xFFFF,0xFFFF,0x0257,0x0258,0xFFFF,0x0001,0x0000,0xFFFF,0x0000,0x0000,0x0000,0x0000,0x0000,0x0000,0x0000,0x0000,0x0000,0x0000,0x0000,0xFFFF,0x0000,0x0000,0x051E,0x0000,0x056E,0x0000,0x0046,0xFFFF,0xFFFF,0xFFFF,0xFFFF,0xFFFF,0xFFFF,0xFFFF,0x0140,0xFFFF,0xFFFF,0xFFFF,0x0083,0x0000,0x0117,0x0002,0x005C,0x001C,0xFFFF,0xFFFF,0x1100,0x1111,0xFF11,0x1111,0xF0F0,0x111F,0x0100,0x0011,0x1001,0x1111,0x0000,0x0F01,0x1F11,0x11FE,0x0007,0x6880,0x1600,0xFF10,0x081F,0x07EA,0x18FF,0x4113,0x9EEC
2026-08-31T17:55:20,0x8003,0x0000,0x0000,0xFFFF,0x0000,0xFFFF,0xFFFF,0x0000,0x0000,0xFFFF,0x0000,0x0000,0xFFFF,0x0000,0x049C,0x0492,0xFFFF,0x092E,0xFFFF,0xFFFF,0x0257,0x0257,0xFFFF,0x0001,0x0000,0xFFFF,0x0000,0x0000,0x0000,0x0000,0x0000,0x0000,0x0000,0x0000,0x0000,0x0000,0x0000,0xFFFF,0x0000,0x0000,0x051E,0x0000,0x056E,0x0000,0x0046,0xFFFF,0xFFFF,0xFFFF,0xFFFF,0xFFFF,0xFFFF,0xFFFF,0x0140,0xFFFF,0xFFFF,0xFFFF,0x0083,0x0000,0x0117,0x0002,0x005C,0x001C,0xFFFF,0xFFFF,0x1100,0x1111,0xFF11,0x1111,0xF0F0,0x111F,0x0100,0x0011,0x1001,0x1111,0x0000,0x0F01,0x1F11,0x11FE,0x0007,0x6880,0x1600,0xFF10,0x081F,0x07EA,0x18FF,0x4113,0x9EEC
2026-08-31T17:55:21,0x8003,0x0000,0x0000,0xFFFF,0x0000,0xFFFF,0xFFFF,0x0000,0x0000,0xFFFF,0x0000,0x0000,0xFFFF,0x0000,0x049C,0x0492,0xFFFF,0x092E,0xFFFF,0xFFFF,0x0258,0x0258,0xFFFF,0x0001,0x0000,0xFFFF,0x0000,0x0000,0x0000,0x0000,0x0000,0x0000,0x0000,0x0000,0x0000,0x0000,0x0000,0xFFFF,0x0000,0x0000,0x051E,0x0000,0x056E,0x0000,0x0046,0xFFFF,0xFFFF,0xFFFF,0xFFFF,0xFFFF,0xFFFF,0xFFFF,0x0140,0xFFFF,0xFFFF,0xFFFF,0x0083,0x0000,0x0117,0x0002,0x005C,0x001C,0xFFFF,0xFFFF,0x1100,0x1111,0xFF11,0x1111,0xF0F0,0x111F,0x0100,0x0011,0x1001,0x1111,0x0000,0x0F01,0x1F11,0x11FE,0x0007,0x6880,0x1600,0xFF10,0x081F,0x07EA,0x18FF,0x4113,0x9EEC
2026-08-31T17:55:23,0x8003,0x0000,0x0000,0xFFFF,0x0000,0xFFFF,0xFFFF,0x0000,0x0000,0xFFFF,0x0000,0x0000,0xFFFF,0x0000,0x049C,0x0492,0xFFFF,0x092E,0xFFFF,0xFFFF,0x0257,0x0258,0xFFFF,0x0001,0x0000,0xFFFF,0x0000,0x0000,0x0000,0x0000,0x0000,0x0000,0x0000,0x0000,0x0000,0x0000,0x0000,0xFFFF,0x0000,0x0000,0x051E,0x0000,0x056E,0x0000,0x0046,0xFFFF,0xFFFF,0xFFFF,0xFFFF,0xFFFF,0xFFFF,0xFFFF,0x0140,0xFFFF,0xFFFF,0xFFFF,0x0083,0x0000,0x0117,0x0002,0x005C,0x001C,0xFFFF,0xFFFF,0x1100,0x1111,0xFF11,0x1111,0xF0F0,0x111F,0x0100,0x0011,0x1001,0x1111,0x0000,0x0F01,0x1F11,0x11FE,0x0007,0x6880,0x1600,0xFF10,0x081F,0x07EA,0x18FF,0x4113,0x9EEC
2026-08-31T17:55:24,0x8003,0x0000,0x0000,0xFFFF,0x0000,0xFFFF,0xFFFF,0x0000,0x0000,0xFFFF,0x0000,0x0000,0xFFFF,0x0000,0x049C,0x0492,0xFFFF,0x092E,0xFFFF,0xFFFF,0x0258,0x0258,0xFFFF,0x0001,0x0000,0xFFFF,0x0000,0x0000,0x0000,0x0000,0x0000,0x0000,0x0000,0x0000,0x0000,0x0000,0x0000,0xFFFF,0x0000,0x0000,0x051E,0x0000,0x056E,0x0000,0x0046,0xFFFF,0xFFFF,0xFFFF,0xFFFF,0xFFFF,0xFFFF,0xFFFF,0x0140,0xFFFF,0xFFFF,0xFFFF,0x0083,0x0000,0x0117,0x0002,0x005C,0x001C,0xFFFF,0xFFFF,0x1100,0x1111,0xFF11,0x1111,0xF0F0,0x111F,0x0100,0x0011,0x1001,0x1111,0x0000,0x0F01,0x1F11,0x11FE,0x0007,0x6880,0x1600,0xFF10,0x081F,0x07EA,0x18FF,0x4113,0x9EEC
2026-08-31T17:55:25,0x8003,0x0000,0x0000,0xFFFF,0x0000,0xFFFF,0xFFFF,0x0000,0x0000,0xFFFF,0x0000,0x0000,0xFFFF,0x0000,0x049C,0x0488,0xFFFF,0x092E,0xFFFF,0xFFFF,0x0258,0x0258,0xFFFF,0x0001,0x0000,0xFFFF,0x0000,0x0000,0x0000,0x0000,0x0000,0x0000,0x0000,0x0000,0x0000,0x0000,0x0000,0xFFFF,0x0000,0x0000,0x051E,0x0000,0x056E,0x0000,0x0046,0xFFFF,0xFFFF,0xFFFF,0xFFFF,0xFFFF,0xFFFF,0xFFFF,0x0140,0xFFFF,0xFFFF,0xFFFF,0x0083,0x0000,0x0117,0x0002,0x005C,0x001C,0xFFFF,0xFFFF,0x1100,0x1111,0xFF11,0x1111,0xF0F0,0x111F,0x0100,0x0011,0x1001,0x1111,0x0000,0x0F01,0x1F11,0x11FE,0x0007,0x6880,0x1600,0xFF10,0x081F,0x07EA,0x18FF,0x4113,0x9EEC
2026-08-31T17:55:26,0x8003,0x0000,0x0000,0xFFFF,0x0000,0xFFFF,0xFFFF,0x0000,0x0000,0xFFFF,0x0000,0x0000,0xFFFF,0x0000,0x049C,0x0488,0xFFFF,0x092E,0xFFFF,0xFFFF,0x0258,0x0257,0xFFFF,0x0001,0x0000,0xFFFF,0x0000,0x0000,0x0000,0x0000,0x0000,0x0000,0x0000,0x0000,0x0000,0x0000,0x0000,0xFFFF,0x0000,0x0000,0x051E,0x0000,0x056E,0x0000,0x0046,0xFFFF,0xFFFF,0xFFFF,0xFFFF,0xFFFF,0xFFFF,0xFFFF,0x0140,0xFFFF,0xFFFF,0xFFFF,0x0083,0x0000,0x0117,0x0002,0x005C,0x001C,0xFFFF,0xFFFF,0x1100,0x1111,0xFF11,0x1111,0xF0F0,0x111F,0x0100,0x0011,0x1001,0x1111,0x0000,0x0F01,0x1F11,0x11FE,0x0007,0x6880,0x1600,0xFF10,0x081F,0x07EA,0x18FF,0x4113,0x9EEC
2026-08-31T17:55:28,0x8003,0x0000,0x0000,0xFFFF,0x0000,0xFFFF,0xFFFF,0x0000,0x0000,0xFFFF,0x0000,0x0000,0xFFFF,0x0000,0x049C,0x0488,0xFFFF,0x092E,0xFFFF,0xFFFF,0x0258,0x0258,0xFFFF,0x0001,0x0000,0xFFFF,0x0000,0x0000,0x0000,0x0000,0x0000,0x0000,0x0000,0x0000,0x0000,0x0000,0x0000,0xFFFF,0x0000,0x0000,0x051E,0x0000,0x056E,0x0000,0x0046,0xFFFF,0xFFFF,0xFFFF,0xFFFF,0xFFFF,0xFFFF,0xFFFF,0x0140,0xFFFF,0xFFFF,0xFFFF,0x0083,0x0000,0x0117,0x0002,0x005C,0x001C,0xFFFF,0xFFFF,0x1100,0x1111,0xFF11,0x1111,0xF0F0,0x111F,0x0100,0x0011,0x1001,0x1111,0x0000,0x0F01,0x1F11,0x11FE,0x0007,0x6880,0x1600,0xFF10,0x081F,0x07EA,0x18FF,0x4113,0x9EEC
2026-08-31T17:55:29,0x8003,0x0000,0x0000,0xFFFF,0x0000,0xFFFF,0xFFFF,0x0000,0x0000,0xFFFF,0x0000,0x0000,0xFFFF,0x0000,0x049C,0x0488,0xFFFF,0x092E,0xFFFF,0xFFFF,0x0258,0x0258,0xFFFF,0x0001,0x0000,0xFFFF,0x0000,0x0000,0x0000,0x0000,0x0000,0x0000,0x0000,0x0000,0x0000,0x0000,0x0000,0xFFFF,0x0000,0x0000,0x051E,0x0000,0x056E,0x0000,0x0046,0xFFFF,0xFFFF,0xFFFF,0xFFFF,0xFFFF,0xFFFF,0xFFFF,0x0140,0xFFFF,0xFFFF,0xFFFF,0x0083,0x0000,0x0117,0x0002,0x005C,0x001C,0xFFFF,0xFFFF,0x1100,0x1111,0xFF11,0x1111,0xF0F0,0x111F,0x0100,0x0011,0x1001,0x1111,0x0000,0x0F01,0x1F11,0x11FE,0x0007,0x6880,0x1600,0xFF10,0x081F,0x07EA,0x18FF,0x4113,0x9EEC
2026-08-31T17:55:30,0x8003,0x0000,0x0000,0xFFFF,0x0000,0xFFFF,0xFFFF,0x0000,0x0000,0xFFFF,0x0000,0x0000,0xFFFF,0x0000,0x049C,0x0488,0xFFFF,0x092E,0xFFFF,0xFFFF,0x0258,0x0258,0xFFFF,0x0001,0x0000,0xFFFF,0x0000,0x0000,0x0000,0x0000,0x0000,0x0000,0x0000,0x0000,0x0000,0x0000,0x0000,0xFFFF,0x0000,0x0000,0x051E,0x0000,0x056E,0x0000,0x0046,0xFFFF,0xFFFF,0xFFFF,0xFFFF,0xFFFF,0xFFFF,0xFFFF,0x0140,0xFFFF,0xFFFF,0xFFFF,0x0083,0x0000,0x0117,0x0002,0x005C,0x001C,0xFFFF,0xFFFF,0x1100,0x1111,0xFF11,0x1111,0xF0F0,0x111F,0x0100,0x0011,0x1001,0x1111,0x0000,0x0F01,0x1F11,0x11FE,0x0007,0x6880,0x1600,0xFF10,0x081F,0x07EA,0x18FF,0x4113,0x9EEC
2026-08-31T17:55:31,0x8003,0x0000,0x0000,0xFFFF,0x0000,0xFFFF,0xFFFF,0x0000,0x0000,0xFFFF,0x0000,0x0000,0xFFFF,0x0000,0x049C,0x0488,0xFFFF,0x092E,0xFFFF,0xFFFF,0x0258,0x0257,0xFFFF,0x0000,0x0000,0xFFFF,0x0000,0x0000,0x0000,0x0000,0x0000,0x0000,0x0000,0x0000,0x0000,0x0000,0x0000,0xFFFF,0x0000,0x0000,0x051E,0x0000,0x056E,0x0000,0x0046,0xFFFF,0xFFFF,0xFFFF,0xFFFF,0xFFFF,0xFFFF,0xFFFF,0x0140,0xFFFF,0xFFFF,0xFFFF,0x0083,0x0000,0x0117,0x0002,0x005C,0x001C,0xFFFF,0xFFFF,0x1100,0x1111,0xFF11,0x1111,0xF0F0,0x111F,0x0100,0x0011,0x1001,0x1111,0x0000,0x0F01,0x1F11,0x11FE,0x0005,0x6080,0x1600,0xFF10,0x081F,0x07EA,0x18FF,0x4113,0x9EEC
2026-08-31T17:55:33,0x8003,0x0000,0x0000,0xFFFF,0x0000,0xFFFF,0xFFFF,0x0000,0x0000,0xFFFF,0x0000,0x0000,0xFFFF,0x0000,0x049C,0x0488,0xFFFF,0x092E,0xFFFF,0xFFFF,0x0257,0x0258,0xFFFF,0x0000,0x0000,0xFFFF,0x0000,0x0000,0x0000,0x0000,0x0000,0x0000,0x0000,0x0000,0x0000,0x0000,0x0000,0xFFFF,0x0000,0x0000,0x051E,0x0000,0x056E,0x0000,0x0046,0xFFFF,0xFFFF,0xFFFF,0xFFFF,0xFFFF,0xFFFF,0xFFFF,0x0140,0xFFFF,0xFFFF,0xFFFF,0x0083,0x0000,0x0117,0x0002,0x005C,0x001C,0xFFFF,0xFFFF,0x1100,0x1111,0xFF11,0x1111,0xF0F0,0x111F,0x0100,0x0011,0x1001,0x1111,0x0000,0x0F01,0x1F11,0x11FE,0x0001,0x6080,0x1600,0xFF10,0x081F,0x07EA,0x18FF,0x4113,0x9EEC
2026-08-31T17:55:34,0x8003,0x0000,0x0000,0xFFFF,0x0000,0xFFFF,0xFFFF,0x0000,0x0000,0xFFFF,0x0000,0x0000,0xFFFF,0x0000,0x049C,0x0488,0xFFFF,0x0924,0xFFFF,0xFFFF,0x0257,0x0257,0xFFFF,0x0000,0x0000,0xFFFF,0x0000,0x0000,0x0000,0x0000,0x0000,0x0000,0x0000,0x0000,0x0000,0x0000,0x0000,0xFFFF,0x0000,0x0000,0x051E,0x0000,0x056E,0x0000,0x0046,0xFFFF,0xFFFF,0xFFFF,0xFFFF,0xFFFF,0xFFFF,0xFFFF,0x014A,0xFFFF,0xFFFF,0xFFFF,0x0083,0x0000,0x0117,0x0002,0x005C,0x001C,0xFFFF,0xFFFF,0x1100,0x1111,0xFF11,0x1111,0xF0F0,0x111F,0x0100,0x0011,0x1001,0x1111,0x0000,0x0F01,0x1F11,0x11FE,0x0001,0x6080,0x1600,0xFF10,0x081F,0x07EA,0x18FF,0x4113,0x9EEC
2026-08-31T17:55:35,0x8003,0x0000,0x0000,0xFFFF,0x0000,0xFFFF,0xFFFF,0x0000,0x0000,0xFFFF,0x0000,0x0000,0xFFFF,0x0000,0x049C,0x0488,0xFFFF,0x092E,0xFFFF,0xFFFF,0x0258,0x0258,0xFFFF,0x0001,0x0000,0xFFFF,0x0000,0x0000,0x0000,0x0000,0x0000,0x0000,0x0000,0x0000,0x0000,0x0000,0x0000,0xFFFF,0x0000,0x0000,0x051E,0x0000,0x056E,0x0000,0x0046,0xFFFF,0xFFFF,0xFFFF,0xFFFF,0xFFFF,0xFFFF,0xFFFF,0x014A,0xFFFF,0xFFFF,0xFFFF,0x0083,0x0000,0x0117,0x0002,0x005C,0x001C,0xFFFF,0xFFFF,0x1100,0x1111,0xFF11,0x1111,0xF0F0,0x111F,0x0100,0x0011,0x1001,0x1111,0x0000,0x0F01,0x1F11,0x11FE,0x0001,0x6080,0x1600,0xFF10,0x081F,0x07EA,0x18FF,0x4113,0x9EEC
2026-08-31T17:55:36,0x8003,0x0000,0x0000,0xFFFF,0x0013,0xFFFF,0xFFFF,0x0000,0x0000,0xFFFF,0x0000,0x0000,0xFFFF,0x0000,0x049C,0x0488,0xFFFF,0x092E,0xFFFF,0xFFFF,0x0257,0x0257,0xFFFF,0x0001,0x0000,0xFFFF,0x0000,0x0000,0x0000,0x0000,0x0000,0x0000,0x0000,0x0000,0x0000,0x0000,0x0000,0xFFFF,0x0000,0x0000,0x051E,0x0000,0x056E,0x0000,0x0046,0xFFFF,0xFFFF,0xFFFF,0xFFFF,0xFFFF,0xFFFF,0xFFFF,0x0140,0xFFFF,0xFFFF,0xFFFF,0x007B,0x0000,0x0117,0x0002,0x005C,0x001C,0xFFFF,0xFFFF,0x1100,0x1111,0xFF11,0x1111,0xF0F0,0x111F,0x0100,0x0011,0x1001,0x1111,0x0000,0x0F01,0x1F11,0x11FE,0x0031,0x6080,0x1600,0xFF10,0x081F,0x07EA,0x18FF,0x4113,0x9EEC
2026-08-31T17:55:37,0x8003,0x001E,0x001E,0xFFFF,0x007B,0xFFFF,0xFFFF,0x0000,0x0000,0xFFFF,0x0000,0x0000,0xFFFF,0x0000,0x049C,0x0488,0xFFFF,0x092E,0xFFFF,0xFFFF,0x0257,0x0257,0xFFFF,0x0001,0x0000,0xFFFF,0x0000,0x0000,0x0000,0x0000,0x0000,0x0000,0x0000,0x0000,0x0000,0x0000,0x0000,0xFFFF,0x0000,0x0000,0x051E,0x0000,0x056E,0x0000,0x0046,0xFFFF,0xFFFF,0xFFFF,0xFFFF,0xFFFF,0xFFFF,0xFFFF,0x0140,0xFFFF,0xFFFF,0xFFFF,0x0074,0x0000,0x0117,0x0002,0x005C,0x001C,0xFFFF,0xFFFF,0x1100,0x1111,0xFF11,0x1111,0xF0F0,0x111F,0x0100,0x0011,0x1001,0x1111,0x0000,0x0F01,0x1F11,0x11FE,0x0031,0x6080,0x1600,0xFF10,0x081F,0x07EA,0x18FF,0x4113,0x9EEC
2026-08-31T17:55:39,0x8003,0x0064,0x0064,0xFFFF,0x01CD,0xFFFF,0xFFFF,0x0108,0x00FF,0xFFFF,0x0000,0x0000,0xFFFF,0x0000,0x049C,0x0488,0xFFFF,0x092E,0xFFFF,0xFFFF,0x0258,0x0258,0xFFFF,0x0001,0x0000,0xFFFF,0x0000,0x0000,0x0000,0x0000,0x0000,0x0000,0x0000,0x0000,0x0000,0x0000,0x0000,0xFFFF,0x0000,0x0000,0x051E,0x0000,0x056E,0x0000,0x0046,0xFFFF,0xFFFF,0xFFFF,0xFFFF,0xFFFF,0xFFFF,0xFFFF,0x0140,0xFFFF,0xFFFF,0xFFFF,0x0072,0x0630,0x0117,0x0002,0x005C,0x001C,0xFFFF,0xFFFF,0x1100,0x1111,0xFF11,0x1111,0xF0F0,0x111F,0x0100,0x0011,0x1001,0x1111,0x0000,0x0F01,0x1F11,0x11FE,0x0031,0x6080,0x1600,0xFF10,0x081F,0x07EA,0x18FF,0x4113,0x9EEC
2026-08-31T17:55:40,0x8003,0x0276,0x0276,0xFFFF,0x07D3,0xFFFF,0xFFFF,0x01A4,0x01A4,0xFFFF,0x0000,0x0000,0xFFFF,0x0000,0x049C,0x0488,0xFFFF,0x092E,0xFFFF,0xFFFF,0x0258,0x0258,0xFFFF,0x0000,0x0000,0xFFFF,0x0000,0x0000,0x0000,0x0000,0x0000,0x0000,0x0000,0x0000,0x0000,0x0000,0x0000,0xFFFF,0x0000,0x0000,0x051E,0x0000,0x056E,0x0000,0x0046,0xFFFF,0xFFFF,0xFFFF,0xFFFF,0xFFFF,0xFFFF,0xFFFF,0x0140,0xFFFF,0xFFFF,0xFFFF,0x0075,0x09D8,0x0117,0x0002,0x005C,0x001C,0xFFFF,0xFFFF,0x1100,0x1111,0xFF11,0x1111,0xF0F0,0x111F,0x0100,0x0011,0x1001,0x1111,0x0000,0x0F01,0x1F11,0x11FE,0x0011,0x6100,0x1600,0xFF10,0x081F,0x07EA,0x18FF,0x4113,0x9EEC
2026-08-31T17:55:41,0x8003,0x0334,0x032A,0xFFFF,0x0700,0xFFFF,0xFFFF,0x020D,0x020D,0xFFFF,0x0000,0x0000,0xFFFF,0x0000,0x049C,0x0488,0xFFFF,0x0924,0xFFFF,0xFFFF,0x0257,0x0257,0xFFFF,0x0000,0x0000,0xFFFF,0x0000,0x0000,0x0000,0x0000,0x0000,0x0000,0x0000,0x0000,0x0000,0x0000,0x0000,0xFFFF,0x0000,0x0000,0x051E,0x0000,0x056E,0x0000,0x0046,0xFFFF,0xFFFF,0xFFFF,0xFFFF,0xFFFF,0xFFFF,0xFFFF,0x0140,0xFFFF,0xFFFF,0xFFFF,0x007B,0x0C4E,0x0117,0x0002,0x005C,0x001C,0xFFFF,0xFFFF,0x1100,0x1111,0xFF11,0x1111,0xF0F0,0x111F,0x0100,0x0011,0x1001,0x1111,0x0000,0x0F01,0x1F11,0x11FE,0x0011,0x6100,0x1600,0xFF10,0x081F,0x07EA,0x18FF,0x4113,0x9EEC
2026-08-31T17:55:42,0x8003,0x0366,0x035C,0xFFFF,0x0706,0xFFFF,0xFFFF,0x01F8,0x01F9,0xFFFF,0x0000,0x0000,0xFFFF,0x0000,0x049C,0x0488,0xFFFF,0x0924,0xFFFF,0xFFFF,0x0258,0x0258,0xFFFF,0x0000,0x0000,0xFFFF,0x0000,0x0000,0x0000,0x0000,0x0000,0x0000,0x0000,0x0000,0x0000,0x0000,0x0000,0xFFFF,0x0000,0x0000,0x051E,0x0000,0x056E,0x0000,0x0046,0xFFFF,0xFFFF,0xFFFF,0xFFFF,0xFFFF,0xFFFF,0xFFFF,0x0140,0xFFFF,0xFFFF,0xFFFF,0x007C,0x0BD0,0x0117,0x0002,0x005C,0x001D,0xFFFF,0xFFFF,0x1100,0x1111,0xFF11,0x1111,0xF0F0,0x111F,0x0100,0x0011,0x1001,0x1111,0x0000,0x0F01,0x1F11,0x11FE,0x0011,0x6100,0x1600,0xFF10,0x081F,0x07EA,0x18FF,0x4113,0x9EEC
2026-08-31T17:55:44,0x8003,0x037A,0x0370,0xFFFF,0x0716,0xFFFF,0xFFFF,0x01E3,0x01E3,0xFFFF,0x0000,0x0000,0xFFFF,0x0000,0x049C,0x0488,0xFFFF,0x092E,0xFFFF,0xFFFF,0x0258,0x0258,0xFFFF,0x0000,0x0000,0xFFFF,0x0000,0x0000,0x0000,0x0000,0x0000,0x0000,0x0000,0x0000,0x0000,0x0000,0x0000,0xFFFF,0x0000,0x0000,0x051E,0x0000,0x056E,0x0000,0x0046,0xFFFF,0xFFFF,0xFFFF,0xFFFF,0xFFFF,0xFFFF,0xFFFF,0x0140,0xFFFF,0xFFFF,0xFFFF,0x007C,0x0B52,0x0117,0x0002,0x005C,0x001D,0xFFFF,0xFFFF,0x1100,0x1111,0xFF11,0x1111,0xF0F0,0x111F,0x0100,0x0011,0x1001,0x1111,0x0000,0x0F01,0x1F11,0x11FE,0x0011,0x6100,0x1600,0xFF10,0x081F,0x07EA,0x18FF,0x4113,0x9EEC
2026-08-31T17:55:45,0x8003,0x0384,0x037A,0xFFFF,0x071D,0xFFFF,0xFFFF,0x01CE,0x01CF,0xFFFF,0x0000,0x0000,0xFFFF,0x0000,0x049C,0x0488,0xFFFF,0x092E,0xFFFF,0xFFFF,0x0258,0x0258,0xFFFF,0x0001,0x0000,0xFFFF,0x0000,0x0000,0x0000,0x0000,0x0000,0x0000,0x0000,0x0000,0x0000,0x0000,0x0000,0xFFFF,0x0000,0x0000,0x051E,0x0000,0x056E,0x0000,0x0046,0xFFFF,0xFFFF,0xFFFF,0xFFFF,0xFFFF,0xFFFF,0xFFFF,0x0140,0xFFFF,0xFFFF,0xFFFF,0x007C,0x0AD4,0x0117,0x0002,0x005C,0x001D,0xFFFF,0xFFFF,0x1100,0x1111,0xFF11,0x1111,0xF0F0,0x111F,0x0100,0x0011,0x1001,0x1111,0x0000,0x0F01,0x1F11,0x11FE,0x0011,0x6100,0x1600,0xFF10,0x081F,0x07EA,0x18FF,0x4113,0x9EEC
2026-08-31T17:55:46,0x8003,0x0384,0x037A,0xFFFF,0x070A,0xFFFF,0xFFFF,0x01CF,0x01CF,0xFFFF,0x0000,0x0000,0xFFFF,0x0000,0x049C,0x0488,0xFFFF,0x092E,0xFFFF,0xFFFF,0x0258,0x0258,0xFFFF,0x0001,0x0000,0xFFFF,0x0000,0x0000,0x0000,0x0000,0x0000,0x0000,0x0000,0x0000,0x0000,0x0000,0x0000,0xFFFF,0x0000,0x0000,0x051E,0x0000,0x056E,0x0000,0x0046,0xFFFF,0xFFFF,0xFFFF,0xFFFF,0xFFFF,0xFFFF,0xFFFF,0x0140,0xFFFF,0xFFFF,0xFFFF,0x007C,0x0ADA,0x0117,0x0002,0x005C,0x001D,0xFFFF,0xFFFF,0x1100,0x1111,0xFF11,0x1111,0xF0F0,0x111F,0x0100,0x0011,0x1001,0x1111,0x0000,0x0F01,0x1F11,0x11FE,0x0011,0x6100,0x1600,0xFF10,0x081F,0x07EA,0x18FF,0x4113,0x9EEC
2026-08-31T17:55:47,0x8003,0x0384,0x037A,0xFFFF,0x0709,0xFFFF,0xFFFF,0x01D3,0x01D3,0xFFFF,0x0000,0x0000,0xFFFF,0x0000,0x049C,0x0488,0xFFFF,0x092E,0xFFFF,0xFFFF,0x0257,0x0258,0xFFFF,0x0001,0x0000,0xFFFF,0x0000,0x0000,0x0000,0x0000,0x0000,0x0000,0x0000,0x0000,0x0000,0x0000,0x0000,0xFFFF,0x0000,0x0000,0x051E,0x0000,0x056E,0x0000,0x0046,0xFFFF,0xFFFF,0xFFFF,0xFFFF,0xFFFF,0xFFFF,0xFFFF,0x0140,0xFFFF,0xFFFF,0xFFFF,0x007C,0x0AF2,0x0118,0x0002,0x005C,0x001D,0xFFFF,0xFFFF,0x1100,0x1111,0xFF11,0x1111,0xF0F0,0x111F,0x0100,0x0011,0x1001,0x1111,0x0000,0x0F01,0x1F11,0x11FE,0x0011,0x6100,0x1600,0xFF10,0x081F,0x07EA,0x18FF,0x4113,0x9EEC
2026-08-31T17:55:49,0x8003,0x0384,0x037A,0xFFFF,0x0709,0xFFFF,0xFFFF,0x01D5,0x01D6,0xFFFF,0x0000,0x0000,0xFFFF,0x0000,0x049C,0x0488,0xFFFF,0x092E,0xFFFF,0xFFFF,0x0257,0x0257,0xFFFF,0x0001,0x0000,0xFFFF,0x0000,0x0000,0x0000,0x0000,0x0000,0x0000,0x0000,0x0000,0x0000,0x0000,0x0000,0xFFFF,0x0000,0x0000,0x051E,0x0000,0x056E,0x0000,0x0046,0xFFFF,0xFFFF,0xFFFF,0xFFFF,0xFFFF,0xFFFF,0xFFFF,0x0140,0xFFFF,0xFFFF,0xFFFF,0x007C,0x0AFE,0x0118,0x0002,0x005C,0x001D,0xFFFF,0xFFFF,0x1100,0x1111,0xFF11,0x1111,0xF0F0,0x111F,0x0100,0x0011,0x1001,0x1111,0x0000,0x0F01,0x1F11,0x11FE,0x0011,0x6100,0x1600,0xFF10,0x081F,0x07EA,0x18FF,0x4113,0x9EEC
2026-08-31T17:55:50,0x8003,0x0384,0x037A,0xFFFF,0x070B,0xFFFF,0xFFFF,0x01D1,0x01D2,0xFFFF,0x0000,0x0000,0xFFFF,0x0000,0x049C,0x0492,0xFFFF,0x092E,0xFFFF,0xFFFF,0x0257,0x0257,0xFFFF,0x0001,0x0000,0xFFFF,0x0000,0x0000,0x0000,0x0000,0x0000,0x0000,0x0000,0x0000,0x0000,0x0000,0x0000,0xFFFF,0x0000,0x0000,0x051E,0x0000,0x056E,0x0000,0x0046,0xFFFF,0xFFFF,0xFFFF,0xFFFF,0xFFFF,0xFFFF,0xFFFF,0x0140,0xFFFF,0xFFFF,0xFFFF,0x007C,0x0AE6,0x0118,0x0002,0x005C,0x001D,0xFFFF,0xFFFF,0x1100,0x1111,0xFF11,0x1111,0xF0F0,0x111F,0x0100,0x0011,0x1001,0x1111,0x0000,0x0F01,0x1F11,0x11FE,0x0011,0x6100,0x1700,0xFF10,0x081F,0x07EA,0x18FF,0x4113,0x9EEC
2026-08-31T17:55:51,0x8003,0x0384,0x037A,0xFFFF,0x0707,0xFFFF,0xFFFF,0x01D3,0x01D3,0xFFFF,0x0000,0x0000,0xFFFF,0x0000,0x049C,0x0492,0xFFFF,0x092E,0xFFFF,0xFFFF,0x0258,0x0258,0xFFFF,0x0001,0x0000,0xFFFF,0x0000,0x0000,0x0000,0x0000,0x0000,0x0000,0x0000,0x0000,0x0000,0x0000,0x0000,0xFFFF,0x0000,0x0000,0x051E,0x0000,0x056E,0x0000,0x0046,0xFFFF,0xFFFF,0xFFFF,0xFFFF,0xFFFF,0xFFFF,0xFFFF,0x0140,0xFFFF,0xFFFF,0xFFFF,0x007D,0x0AF2,0x0118,0x0002,0x005C,0x001D,0xFFFF,0xFFFF,0x1100,0x1111,0xFF11,0x1111,0xF0F0,0x111F,0x0100,0x0011,0x1001,0x1111,0x0000,0x0F01,0x1F11,0x11FE,0x0011,0x6100,0x1700,0xFF10,0x081F,0x07EA,0x18FF,0x4113,0x9EEC
2026-08-31T17:55:52,0x8003,0x0384,0x037A,0xFFFF,0x0704,0xFFFF,0xFFFF,0x01D2,0x01D2,0xFFFF,0x0000,0x0000,0xFFFF,0x0000,0x049C,0x0492,0xFFFF,0x092E,0xFFFF,0xFFFF,0x0258,0x0258,0xFFFF,0x0001,0x0000,0xFFFF,0x0000,0x0000,0x0000,0x0000,0x0000,0x0000,0x0000,0x0000,0x0000,0x0000,0x0000,0xFFFF,0x0000,0x0000,0x051E,0x0000,0x056E,0x0000,0x0046,0xFFFF,0xFFFF,0xFFFF,0xFFFF,0xFFFF,0xFFFF,0xFFFF,0x0140,0xFFFF,0xFFFF,0xFFFF,0x007D,0x0AEC,0x0118,0x0002,0x005C,0x001D,0xFFFF,0xFFFF,0x1100,0x1111,0xFF11,0x1111,0xF0F0,0x111F,0x0100,0x0011,0x1001,0x1111,0x0000,0x0F01,0x1F11,0x11FE,0x0011,0x6100,0x1700,0xFF10,0x081F,0x07EA,0x18FF,0x4113,0x9EEC
2026-08-31T17:55:53,0x8003,0x0384,0x037A,0xFFFF,0x0703,0xFFFF,0xFFFF,0x01D3,0x01D3,0xFFFF,0x0000,0x0000,0xFFFF,0x0000,0x049C,0x0492,0xFFFF,0x092E,0xFFFF,0xFFFF,0x0257,0x0258,0xFFFF,0x0001,0x0000,0xFFFF,0x0000,0x0000,0x0000,0x0000,0x0000,0x0000,0x0000,0x0000,0x0000,0x0000,0x0000,0xFFFF,0x0000,0x0000,0x051E,0x0000,0x056E,0x0000,0x0046,0xFFFF,0xFFFF,0xFFFF,0xFFFF,0xFFFF,0xFFFF,0xFFFF,0x0140,0xFFFF,0xFFFF,0xFFFF,0x007D,0x0AF2,0x0118,0x0002,0x005C,0x001D,0xFFFF,0xFFFF,0x1100,0x1111,0xFF11,0x1111,0xF0F0,0x111F,0x0100,0x0011,0x1001,0x1111,0x0000,0x0F01,0x1F11,0x11FE,0x0011,0x6100,0x1700,0xFF10,0x081F,0x07EA,0x18FF,0x4113,0x9EEC
2026-08-31T17:55:55,0x8003,0x0384,0x037A,0xFFFF,0x0708,0xFFFF,0xFFFF,0x01D1,0x01D1,0xFFFF,0x0000,0x0000,0xFFFF,0x0000,0x049C,0x0488,0xFFFF,0x092E,0xFFFF,0xFFFF,0x0258,0x0257,0xFFFF,0x0001,0x0000,0xFFFF,0x0000,0x0000,0x0000,0x0000,0x0000,0x0000,0x0000,0x0000,0x0000,0x0000,0x0000,0xFFFF,0x0000,0x0000,0x051E,0x0000,0x056E,0x0000,0x0046,0xFFFF,0xFFFF,0xFFFF,0xFFFF,0xFFFF,0xFFFF,0xFFFF,0x0140,0xFFFF,0xFFFF,0xFFFF,0x007D,0x0AE6,0x0118,0x0002,0x005C,0x001D,0xFFFF,0xFFFF,0x1100,0x1111,0xFF11,0x1111,0xF0F0,0x111F,0x0100,0x0011,0x1001,0x1111,0x0000,0x0F01,0x1F11,0x11FE,0x0011,0x6100,0x1700,0xFF10,0x081F,0x07EA,0x18FF,0x4113,0x9EEC
2026-08-31T17:55:56,0x8003,0x0384,0x037A,0xFFFF,0x070A,0xFFFF,0xFFFF,0x01D1,0x01D1,0xFFFF,0x0000,0x0000,0xFFFF,0x0000,0x049C,0x0488,0xFFFF,0x092E,0xFFFF,0xFFFF,0x0257,0x0257,0xFFFF,0x0001,0x0000,0xFFFF,0x0000,0x0000,0x0000,0x0000,0x0000,0x0000,0x0000,0x0000,0x0000,0x0000,0x0000,0xFFFF,0x0000,0x0000,0x051E,0x0000,0x056E,0x0000,0x0046,0xFFFF,0xFFFF,0xFFFF,0xFFFF,0xFFFF,0xFFFF,0xFFFF,0x0140,0xFFFF,0xFFFF,0xFFFF,0x007D,0x0AE6,0x0118,0x0002,0x005C,0x001D,0xFFFF,0xFFFF,0x1100,0x1111,0xFF11,0x1111,0xF0F0,0x111F,0x0100,0x0011,0x1001,0x1111,0x0000,0x0F01,0x1F11,0x11FE,0x0011,0x6100,0x1700,0xFF10,0x081F,0x07EA,0x18FF,0x4113,0x9EEC
2026-08-31T17:55:57,0x8003,0x0384,0x037A,0xFFFF,0x0707,0xFFFF,0xFFFF,0x01D1,0x01D2,0xFFFF,0x0000,0x0000,0xFFFF,0x0000,0x049C,0x0488,0xFFFF,0x092E,0xFFFF,0xFFFF,0x0258,0x0257,0xFFFF,0x0001,0x0000,0xFFFF,0x0000,0x0000,0x0000,0x0000,0x0000,0x0000,0x0000,0x0000,0x0000,0x0000,0x0000,0xFFFF,0x0000,0x0000,0x051E,0x0000,0x056E,0x0000,0x0046,0xFFFF,0xFFFF,0xFFFF,0xFFFF,0xFFFF,0xFFFF,0xFFFF,0x0140,0xFFFF,0xFFFF,0xFFFF,0x007D,0x0AE6,0x0118,0x0002,0x005C,0x001D,0xFFFF,0xFFFF,0x1100,0x1111,0xFF11,0x1111,0xF0F0,0x111F,0x0100,0x0011,0x1001,0x1111,0x0000,0x0F01,0x1F11,0x11FE,0x0011,0x6100,0x1700,0xFF10,0x081F,0x07EA,0x18FF,0x4113,0x9EEC
2026-08-31T17:55:58,0x8003,0x0384,0x037A,0xFFFF,0x070B,0xFFFF,0xFFFF,0x01D2,0x01D2,0xFFFF,0x0000,0x0000,0xFFFF,0x0000,0x049C,0x0488,0xFFFF,0x0924,0xFFFF,0xFFFF,0x0257,0x0257,0xFFFF,0x0001,0x0000,0xFFFF,0x0000,0x0000,0x0000,0x0000,0x0000,0x0000,0x0000,0x0000,0x0000,0x0000,0x0000,0xFFFF,0x0000,0x0000,0x051E,0x0000,0x056E,0x0000,0x0046,0xFFFF,0xFFFF,0xFFFF,0xFFFF,0xFFFF,0xFFFF,0xFFFF,0x0140,0xFFFF,0xFFFF,0xFFFF,0x007D,0x0AEC,0x0118,0x0002,0x005C,0x001D,0xFFFF,0xFFFF,0x1100,0x1111,0xFF11,0x1111,0xF0F0,0x111F,0x0100,0x0011,0x1001,0x1111,0x0000,0x0F01,0x1F11,0x11FE,0x0011,0x6100,0x1700,0xFF10,0x081F,0x07EA,0x18FF,0x4113,0x9EEC
2026-08-31T17:56:00,0x8003,0x0384,0x037A,0xFFFF,0x0708,0xFFFF,0xFFFF,0x01D3,0x01D3,0xFFFF,0x0000,0x0000,0xFFFF,0x0000,0x049C,0x0488,0xFFFF,0x0924,0xFFFF,0xFFFF,0x0258,0x0257,0xFFFF,0x0001,0x0000,0xFFFF,0x0000,0x0000,0x0000,0x0000,0x0000,0x0000,0x0000,0x0000,0x0000,0x0000,0x0000,0xFFFF,0x0000,0x0000,0x051E,0x0000,0x056E,0x0000,0x0046,0xFFFF,0xFFFF,0xFFFF,0xFFFF,0xFFFF,0xFFFF,0xFFFF,0x0140,0xFFFF,0xFFFF,0xFFFF,0x007D,0x0AF2,0x0118,0x0002,0x005C,0x001D,0xFFFF,0xFFFF,0x1100,0x1111,0xFF11,0x1111,0xF0F0,0x111F,0x0100,0x0011,0x1001,0x1111,0x0000,0x0F01,0x1F11,0x11FE,0x0011,0x6100,0x1700,0xFF10,0x081F,0x07EA,0x18FF,0x4113,0x9EEC
2026-08-31T17:56:01,0x8003,0x0384,0x037A,0xFFFF,0x0705,0xFFFF,0xFFFF,0x01D1,0x01D2,0xFFFF,0x0000,0x0000,0xFFFF,0x0000,0x049C,0x0488,0xFFFF,0x0924,0xFFFF,0xFFFF,0x0257,0x0258,0xFFFF,0x0001,0x0000,0xFFFF,0x0000,0x0000,0x0000,0x0000,0x0000,0x0000,0x0000,0x0000,0x0000,0x0000,0x0000,0xFFFF,0x0000,0x0000,0x051E,0x0000,0x056E,0x0000,0x0046,0xFFFF,0xFFFF,0xFFFF,0xFFFF,0xFFFF,0xFFFF,0xFFFF,0x0140,0xFFFF,0xFFFF,0xFFFF,0x007D,0x0AE6,0x0118,0x0002,0x005C,0x001D,0xFFFF,0xFFFF,0x1100,0x1111,0xFF11,0x1111,0xF0F0,0x111F,0x0100,0x0011,0x1001,0x1111,0x0000,0x0F01,0x1F11,0x11FE,0x0011,0x6100,0x1700,0xFF10,0x081F,0x07EA,0x18FF,0x4113,0x9EEC
2026-08-31T17:56:02,0x8003,0x0384,0x037A,0xFFFF,0x0709,0xFFFF,0xFFFF,0x01D1,0x01D2,0xFFFF,0x0000,0x0000,0xFFFF,0x0000,0x049C,0x0488,0xFFFF,0x0924,0xFFFF,0xFFFF,0x0257,0x0258,0xFFFF,0x0001,0x0000,0xFFFF,0x0000,0x0000,0x0000,0x0000,0x0000,0x0000,0x0000,0x0000,0x0000,0x0000,0x0000,0xFFFF,0x0000,0x0000,0x051E,0x0000,0x056E,0x0000,0x0046,0xFFFF,0xFFFF,0xFFFF,0xFFFF,0xFFFF,0xFFFF,0xFFFF,0x0140,0xFFFF,0xFFFF,0xFFFF,0x007D,0x0AE6,0x0118,0x0002,0x005C,0x001D,0xFFFF,0xFFFF,0x1100,0x1111,0xFF11,0x1111,0xF0F0,0x111F,0x0100,0x0011,0x1001,0x1111,0x0000,0x0F01,0x1F11,0x11FE,0x0011,0x6100,0x1700,0xFF10,0x081F,0x07EA,0x18FF,0x4113,0x9EEC
2026-08-31T17:56:03,0x8003,0x0384,0x037A,0xFFFF,0x0707,0xFFFF,0xFFFF,0x01D3,0x01D2,0xFFFF,0x0000,0x0000,0xFFFF,0x0000,0x0492,0x0488,0xFFFF,0x0924,0xFFFF,0xFFFF,0x0258,0x0257,0xFFFF,0x0001,0x0000,0xFFFF,0x0000,0x0000,0x0000,0x0000,0x0000,0x0000,0x0000,0x0000,0x0000,0x0000,0x0000,0xFFFF,0x0000,0x0000,0x051E,0x0000,0x056E,0x0000,0x0046,0xFFFF,0xFFFF,0xFFFF,0xFFFF,0xFFFF,0xFFFF,0xFFFF,0x0140,0xFFFF,0xFFFF,0xFFFF,0x007D,0x0AF2,0x0118,0x0002,0x005C,0x001D,0xFFFF,0xFFFF,0x1100,0x1111,0xFF11,0x1111,0xF0F0,0x111F,0x0100,0x0011,0x1001,0x1111,0x0000,0x0F01,0x1F11,0x11FE,0x0011,0x6100,0x1700,0xFF10,0x081F,0x07EA,0x18FF,0x4113,0x9EEC
2026-08-31T17:56:05,0x8003,0x0384,0x037A,0xFFFF,0x070F,0xFFFF,0xFFFF,0x01D5,0x01D4,0xFFFF,0x0000,0x0000,0xFFFF,0x0000,0x049C,0x0488,0xFFFF,0x0924,0xFFFF,0xFFFF,0x0257,0x0258,0xFFFF,0x0001,0x0000,0xFFFF,0x0000,0x0000,0x0000,0x0000,0x0000,0x0000,0x0000,0x0000,0x0000,0x0000,0x0000,0xFFFF,0x0000,0x0000,0x051E,0x0000,0x056E,0x0000,0x0046,0xFFFF,0xFFFF,0xFFFF,0xFFFF,0xFFFF,0xFFFF,0xFFFF,0x0140,0xFFFF,0xFFFF,0xFFFF,0x007E,0x0AFE,0x0118,0x0002,0x005C,0x001D,0xFFFF,0xFFFF,0x1100,0x1111,0xFF11,0x1111,0xF0F0,0x111F,0x0100,0x0011,0x1001,0x1111,0x0000,0x0F01,0x1F11,0x11FE,0x0011,0x6100,0x1700,0xFF10,0x081F,0x07EA,0x18FF,0x4113,0x9EEC
2026-08-31T17:56:06,0x8003,0x0384,0x037A,0xFFFF,0x0709,0xFFFF,0xFFFF,0x01CF,0x01D1,0xFFFF,0x0000,0x0000,0xFFFF,0x0000,0x049C,0x0488,0xFFFF,0x092E,0xFFFF,0xFFFF,0x0258,0x0258,0xFFFF,0x0001,0x0000,0xFFFF,0x0000,0x0000,0x0000,0x0000,0x0000,0x0000,0x0000,0x0000,0x0000,0x0000,0x0000,0xFFFF,0x0000,0x0000,0x051E,0x0000,0x056E,0x0000,0x0046,0xFFFF,0xFFFF,0xFFFF,0xFFFF,0xFFFF,0xFFFF,0xFFFF,0x0140,0xFFFF,0xFFFF,0xFFFF,0x007E,0x0ADA,0x0118,0x0002,0x005C,0x001D,0xFFFF,0xFFFF,0x1100,0x1111,0xFF11,0x1111,0xF0F0,0x111F,0x0100,0x0011,0x1001,0x1111,0x0000,0x0F01,0x1F11,0x11FE,0x0011,0x6100,0x1700,0xFF10,0x081F,0x07EA,0x18FF,0x4113,0x9EEC
2026-08-31T17:56:07,0x8003,0x0384,0x037A,0xFFFF,0x070A,0xFFFF,0xFFFF,0x01D2,0x01D2,0xFFFF,0x0000,0x0000,0xFFFF,0x0000,0x049C,0x0488,0xFFFF,0x0924,0xFFFF,0xFFFF,0x0258,0x0258,0xFFFF,0x0000,0x0000,0xFFFF,0x0000,0x0000,0x0000,0x0000,0x0000,0x0000,0x0000,0x0000,0x0000,0x0000,0x0000,0xFFFF,0x0000,0x0000,0x051E,0x0000,0x056E,0x0000,0x0046,0xFFFF,0xFFFF,0xFFFF,0xFFFF,0xFFFF,0xFFFF,0xFFFF,0x0140,0xFFFF,0xFFFF,0xFFFF,0x007E,0x0AEC,0x0118,0x0002,0x005C,0x001D,0xFFFF,0xFFFF,0x1100,0x1111,0xFF11,0x1111,0xF0F0,0x111F,0x0100,0x0011,0x1001,0x1111,0x0000,0x0F01,0x1F11,0x11FE,0x0011,0x6100,0x1700,0xFF10,0x081F,0x07EA,0x18FF,0x4113,0x9EEC
2026-08-31T17:56:08,0x8003,0x0384,0x037A,0xFFFF,0x0703,0xFFFF,0xFFFF,0x01D1,0x01D1,0xFFFF,0x0000,0x0000,0xFFFF,0x0000,0x049C,0x0488,0xFFFF,0x092E,0xFFFF,0xFFFF,0x0258,0x0258,0xFFFF,0x0000,0x0000,0xFFFF,0x0000,0x0000,0x0000,0x0000,0x0000,0x0000,0x0000,0x0000,0x0000,0x0000,0x0000,0xFFFF,0x0000,0x0000,0x051E,0x0000,0x056E,0x0000,0x0046,0xFFFF,0xFFFF,0xFFFF,0xFFFF,0xFFFF,0xFFFF,0xFFFF,0x0140,0xFFFF,0xFFFF,0xFFFF,0x007E,0x0AE6,0x0118,0x0002,0x005C,0x001D,0xFFFF,0xFFFF,0x1100,0x1111,0xFF11,0x1111,0xF0F0,0x111F,0x0100,0x0011,0x1001,0x1111,0x0000,0x0F01,0x1F11,0x11FE,0x0011,0x6100,0x1700,0xFF10,0x081F,0x07EA,0x18FF,0x4113,0x9EEC
2026-08-31T17:56:09,0x8003,0x0384,0x037A,0xFFFF,0x0706,0xFFFF,0xFFFF,0x01D5,0x01D4,0xFFFF,0x0000,0x0000,0xFFFF,0x0000,0x049C,0x0492,0xFFFF,0x092E,0xFFFF,0xFFFF,0x0258,0x0258,0xFFFF,0x0000,0x0000,0xFFFF,0x0000,0x0000,0x0000,0x0000,0x0000,0x0000,0x0000,0x0000,0x0000,0x0000,0x0000,0xFFFF,0x0000,0x0000,0x051E,0x0000,0x056E,0x0000,0x0046,0xFFFF,0xFFFF,0xFFFF,0xFFFF,0xFFFF,0xFFFF,0xFFFF,0x0140,0xFFFF,0xFFFF,0xFFFF,0x007E,0x0AFE,0x0118,0x0002,0x005C,0x001D,0xFFFF,0xFFFF,0x1100,0x1111,0xFF11,0x1111,0xF0F0,0x111F,0x0100,0x0011,0x1001,0x1111,0x0000,0x0F01,0x1F11,0x11FE,0x0011,0x6100,0x1700,0xFF10,0x081F,0x07EA,0x18FF,0x4113,0x9EEC
2026-08-31T17:56:11,0x8003,0x0384,0x037A,0xFFFF,0x070F,0xFFFF,0xFFFF,0x01D3,0x01D3,0xFFFF,0x0000,0x0000,0xFFFF,0x0000,0x049C,0x0492,0xFFFF,0x092E,0xFFFF,0xFFFF,0x0258,0x0258,0xFFFF,0x0000,0x0000,0xFFFF,0x0000,0x0000,0x0000,0x0000,0x0000,0x0000,0x0000,0x0000,0x0000,0x0000,0x0000,0xFFFF,0x0000,0x0000,0x051E,0x0000,0x056E,0x0000,0x0046,0xFFFF,0xFFFF,0xFFFF,0xFFFF,0xFFFF,0xFFFF,0xFFFF,0x0140,0xFFFF,0xFFFF,0xFFFF,0x007E,0x0AF2,0x0118,0x0002,0x005C,0x001D,0xFFFF,0xFFFF,0x1100,0x1111,0xFF11,0x1111,0xF0F0,0x111F,0x0100,0x0011,0x1001,0x1111,0x0000,0x0F01,0x1F11,0x11FE,0x0011,0x6100,0x1700,0xFF10,0x081F,0x07EA,0x18FF,0x4113,0x9EEC
2026-08-31T17:56:12,0x8003,0x0384,0x037A,0xFFFF,0x0705,0xFFFF,0xFFFF,0x01D2,0x01D2,0xFFFF,0x0000,0x0000,0xFFFF,0x0000,0x049C,0x0492,0xFFFF,0x092E,0xFFFF,0xFFFF,0x0258,0x0258,0xFFFF,0x0000,0x0000,0xFFFF,0x0000,0x0000,0x0000,0x0000,0x0000,0x0000,0x0000,0x0000,0x0000,0x0000,0x0000,0xFFFF,0x0000,0x0000,0x051E,0x0000,0x056E,0x0000,0x0046,0xFFFF,0xFFFF,0xFFFF,0xFFFF,0xFFFF,0xFFFF,0xFFFF,0x0140,0xFFFF,0xFFFF,0xFFFF,0x007E,0x0AEC,0x0118,0x0002,0x005C,0x001D,0xFFFF,0xFFFF,0x1100,0x1111,0xFF11,0x1111,0xF0F0,0x111F,0x0100,0x0011,0x1001,0x1111,0x0000,0x0F01,0x1F11,0x11FE,0x0011,0x6100,0x1700,0xFF10,0x081F,0x07EA,0x18FF,0x4113,0x9EEC
2026-08-31T17:56:13,0x8003,0x0384,0x037A,0xFFFF,0x0704,0xFFFF,0xFFFF,0x01D3,0x01D2,0xFFFF,0x0000,0x0000,0xFFFF,0x0000,0x049C,0x0492,0xFFFF,0x092E,0xFFFF,0xFFFF,0x0257,0x0258,0xFFFF,0x0000,0x0000,0xFFFF,0x0000,0x0000,0x0000,0x0000,0x0000,0x0000,0x0000,0x0000,0x0000,0x0000,0x0000,0xFFFF,0x0000,0x0000,0x051E,0x0000,0x056E,0x0000,0x0046,0xFFFF,0xFFFF,0xFFFF,0xFFFF,0xFFFF,0xFFFF,0xFFFF,0x0140,0xFFFF,0xFFFF,0xFFFF,0x007E,0x0AF2,0x0118,0x0002,0x005C,0x001D,0xFFFF,0xFFFF,0x1100,0x1111,0xFF11,0x1111,0xF0F0,0x111F,0x0100,0x0011,0x1001,0x1111,0x0000,0x0F01,0x1F11,0x11FE,0x0011,0x6100,0x1700,0xFF10,0x081F,0x07EA,0x18FF,0x4113,0x9EEC
2026-08-31T17:56:14,0x8003,0x0384,0x037A,0xFFFF,0x070A,0xFFFF,0xFFFF,0x01D0,0x01D1,0xFFFF,0x0000,0x0000,0xFFFF,0x0000,0x049C,0x0492,0xFFFF,0x092E,0xFFFF,0xFFFF,0x0257,0x0257,0xFFFF,0x0000,0x0000,0xFFFF,0x0000,0x0000,0x0000,0x0000,0x0000,0x0000,0x0000,0x0000,0x0000,0x0000,0x0000,0xFFFF,0x0000,0x0000,0x051E,0x0000,0x056E,0x0000,0x0046,0xFFFF,0xFFFF,0xFFFF,0xFFFF,0xFFFF,0xFFFF,0xFFFF,0x0140,0xFFFF,0xFFFF,0xFFFF,0x007E,0x0AE0,0x0118,0x0002,0x005C,0x001D,0xFFFF,0xFFFF,0x1100,0x1111,0xFF11,0x1111,0xF0F0,0x111F,0x0100,0x0011,0x1001,0x1111,0x0000,0x0F01,0x1F11,0x11FE,0x0011,0x6100,0x1700,0xFF10,0x081F,0x07EA,0x18FF,0x4113,0x9EEC
2026-08-31T17:56:16,0x8003,0x0384,0x037A,0xFFFF,0x0705,0xFFFF,0xFFFF,0x01D3,0x01D4,0xFFFF,0x0000,0x0000,0xFFFF,0x0000,0x049C,0x0492,0xFFFF,0x092E,0xFFFF,0xFFFF,0x0258,0x0258,0xFFFF,0x0000,0x0000,0xFFFF,0x0000,0x0000,0x0000,0x0000,0x0000,0x0000,0x0000,0x0000,0x0000,0x0000,0x0000,0xFFFF,0x0000,0x0000,0x051E,0x0000,0x056E,0x0000,0x0046,0xFFFF,0xFFFF,0xFFFF,0xFFFF,0xFFFF,0xFFFF,0xFFFF,0x0140,0xFFFF,0xFFFF,0xFFFF,0x007E,0x0AF2,0x0118,0x0002,0x005C,0x001D,0xFFFF,0xFFFF,0x1100,0x1111,0xFF11,0x1111,0xF0F0,0x111F,0x0100,0x0011,0x1001,0x1111,0x0000,0x0F01,0x1F11,0x11FE,0x0011,0x6100,0x1700,0xFF10,0x081F,0x07EA,0x18FF,0x4113,0x9EEC
2026-08-31T17:56:17,0x8003,0x0384,0x037A,0xFFFF,0x0706,0xFFFF,0xFFFF,0x01D2,0x01D3,0xFFFF,0x0000,0x0000,0xFFFF,0x0000,0x049C,0x0492,0xFFFF,0x092E,0xFFFF,0xFFFF,0x0258,0x0257,0xFFFF,0x0000,0x0000,0xFFFF,0x0000,0x0000,0x0000,0x0000,0x0000,0x0000,0x0000,0x0000,0x0000,0x0000,0x0000,0xFFFF,0x0000,0x0000,0x051E,0x0000,0x056E,0x0000,0x0046,0xFFFF,0xFFFF,0xFFFF,0xFFFF,0xFFFF,0xFFFF,0xFFFF,0x0140,0xFFFF,0xFFFF,0xFFFF,0x007E,0x0AEC,0x0118,0x0002,0x005C,0x001D,0xFFFF,0xFFFF,0x1100,0x1111,0xFF11,0x1111,0xF0F0,0x111F,0x0100,0x0011,0x1001,0x1111,0x0000,0x0F01,0x1F11,0x11FE,0x0011,0x6100,0x1700,0xFF10,0x081F,0x07EA,0x18FF,0x4113,0x9EEC
2026-08-31T17:56:18,0x8003,0x0384,0x037A,0xFFFF,0x0707,0xFFFF,0xFFFF,0x01D3,0x01D2,0xFFFF,0x0000,0x0000,0xFFFF,0x0000,0x049C,0x0492,0xFFFF,0x0938,0xFFFF,0xFFFF,0x0258,0x0258,0xFFFF,0x0000,0x0000,0xFFFF,0x0000,0x0000,0x0000,0x0000,0x0000,0x0000,0x0000,0x0000,0x0000,0x0000,0x0000,0xFFFF,0x0000,0x0000,0x051E,0x0000,0x056E,0x0000,0x0046,0xFFFF,0xFFFF,0xFFFF,0xFFFF,0xFFFF,0xFFFF,0xFFFF,0x0140,0xFFFF,0xFFFF,0xFFFF,0x007E,0x0AF2,0x0118,0x0002,0x005C,0x001D,0xFFFF,0xFFFF,0x1100,0x1111,0xFF11,0x1111,0xF0F0,0x111F,0x0100,0x0011,0x1001,0x1111,0x0000,0x0F01,0x1F11,0x11FE,0x0011,0x6100,0x1700,0xFF10,0x081F,0x07EA,0x18FF,0x4113,0x9EEC
2026-08-31T17:56:19,0x8003,0x0384,0x037A,0xFFFF,0x0708,0xFFFF,0xFFFF,0x01D3,0x01D5,0xFFFF,0x0000,0x0000,0xFFFF,0x0000,0x049C,0x0492,0xFFFF,0x0938,0xFFFF,0xFFFF,0x0258,0x0257,0xFFFF,0x0000,0x0000,0xFFFF,0x0000,0x0000,0x0000,0x0000,0x0000,0x0000,0x0000,0x0000,0x0000,0x0000,0x0000,0xFFFF,0x0000,0x0000,0x051E,0x0000,0x056E,0x0000,0x0046,0xFFFF,0xFFFF,0xFFFF,0xFFFF,0xFFFF,0xFFFF,0xFFFF,0x0140,0xFFFF,0xFFFF,0xFFFF,0x007F,0x0AF2,0x0118,0x0002,0x005C,0x001D,0xFFFF,0xFFFF,0x1100,0x1111,0xFF11,0x1111,0xF0F0,0x111F,0x0100,0x0011,0x1001,0x1111,0x0000,0x0F01,0x1F11,0x11FE,0x0011,0x6100,0x1700,0xFF10,0x081F,0x07EA,0x18FF,0x4113,0x9EEC
2026-08-31T17:56:21,0x8003,0x0384,0x037A,0xFFFF,0x070B,0xFFFF,0xFFFF,0x01D6,0x01D5,0xFFFF,0x0000,0x0000,0xFFFF,0x0000,0x049C,0x0492,0xFFFF,0x0938,0xFFFF,0xFFFF,0x0257,0x0258,0xFFFF,0x0000,0x0000,0xFFFF,0x0000,0x0000,0x0000,0x0000,0x0000,0x0000,0x0000,0x0000,0x0000,0x0000,0x0000,0xFFFF,0x0000,0x0000,0x051E,0x0000,0x056E,0x0000,0x0046,0xFFFF,0xFFFF,0xFFFF,0xFFFF,0xFFFF,0xFFFF,0xFFFF,0x0140,0xFFFF,0xFFFF,0xFFFF,0x007F,0x0B04,0x0118,0x0002,0x005C,0x001D,0xFFFF,0xFFFF,0x1100,0x1111,0xFF11,0x1111,0xF0F0,0x111F,0x0100,0x0011,0x1001,0x1111,0x0000,0x0F01,0x1F11,0x11FE,0x0011,0x6100,0x1700,0xFF10,0x081F,0x07EA,0x18FF,0x4113,0x9EEC
2026-08-31T17:56:22,0x8003,0x0384,0x037A,0xFFFF,0x0702,0xFFFF,0xFFFF,0x01D5,0x01D6,0xFFFF,0x0000,0x0000,0xFFFF,0x0000,0x049C,0x0492,0xFFFF,0x0938,0xFFFF,0xFFFF,0x0258,0x0258,0xFFFF,0x0000,0x0000,0xFFFF,0x0000,0x0000,0x0000,0x0000,0x0000,0x0000,0x0000,0x0000,0x0000,0x0000,0x0000,0xFFFF,0x0000,0x0000,0x051E,0x0000,0x056E,0x0000,0x0046,0xFFFF,0xFFFF,0xFFFF,0xFFFF,0xFFFF,0xFFFF,0xFFFF,0x0140,0xFFFF,0xFFFF,0xFFFF,0x007F,0x0AFE,0x0118,0x0002,0x005C,0x001D,0xFFFF,0xFFFF,0x1100,0x1111,0xFF11,0x1111,0xF0F0,0x111F,0x0100,0x0011,0x1001,0x1111,0x0000,0x0F01,0x1F11,0x11FE,0x0011,0x6100,0x1700,0xFF10,0x081F,0x07EA,0x18FF,0x4113,0x9EEC
2026-08-31T17:56:23,0x8003,0x0384,0x037A,0xFFFF,0x0709,0xFFFF,0xFFFF,0x01D4,0x01D3,0xFFFF,0x0000,0x0000,0xFFFF,0x0000,0x049C,0x0492,0xFFFF,0x092E,0xFFFF,0xFFFF,0x0258,0x0258,0xFFFF,0x0000,0x0000,0xFFFF,0x0000,0x0000,0x0000,0x0000,0x0000,0x0000,0x0000,0x0000,0x0000,0x0000,0x0000,0xFFFF,0x0000,0x0000,0x051E,0x0000,0x056E,0x0000,0x0046,0xFFFF,0xFFFF,0xFFFF,0xFFFF,0xFFFF,0xFFFF,0xFFFF,0x0140,0xFFFF,0xFFFF,0xFFFF,0x007F,0x0AF8,0x0118,0x0002,0x005C,0x001D,0xFFFF,0xFFFF,0x1100,0x1111,0xFF11,0x1111,0xF0F0,0x111F,0x0100,0x0011,0x1001,0x1111,0x0000,0x0F01,0x1F11,0x11FE,0x0011,0x6100,0x1700,0xFF10,0x081F,0x07EA,0x18FF,0x4113,0x9EEC
2026-08-31T17:56:24,0x8003,0x0384,0x037A,0xFFFF,0x0707,0xFFFF,0xFFFF,0x01D3,0x01D4,0xFFFF,0x0000,0x0000,0xFFFF,0x0000,0x049C,0x0492,0xFFFF,0x092E,0xFFFF,0xFFFF,0x0257,0x0258,0xFFFF,0x0000,0x0000,0xFFFF,0x0000,0x0000,0x0000,0x0000,0x0000,0x0000,0x0000,0x0000,0x0000,0x0000,0x0000,0xFFFF,0x0000,0x0000,0x051E,0x0000,0x056E,0x0000,0x0046,0xFFFF,0xFFFF,0xFFFF,0xFFFF,0xFFFF,0xFFFF,0xFFFF,0x0140,0xFFFF,0xFFFF,0xFFFF,0x007F,0x0AF2,0x0118,0x0002,0x005C,0x001D,0xFFFF,0xFFFF,0x1100,0x1111,0xFF11,0x1111,0xF0F0,0x111F,0x0100,0x0011,0x1001,0x1111,0x0000,0x0F01,0x1F11,0x11FE,0x0011,0x6100,0x1700,0xFF10,0x081F,0x07EA,0x18FF,0x4113,0x9EEC
2026-08-31T17:56:25,0x8003,0x0384,0x037A,0xFFFF,0x070C,0xFFFF,0xFFFF,0x01D3,0x01D3,0xFFFF,0x0000,0x0000,0xFFFF,0x0000,0x049C,0x0488,0xFFFF,0x092E,0xFFFF,0xFFFF,0x0257,0x0258,0xFFFF,0x0000,0x0000,0xFFFF,0x0000,0x0000,0x0000,0x0000,0x0000,0x0000,0x0000,0x0000,0x0000,0x0000,0x0000,0xFFFF,0x0000,0x0000,0x051E,0x0000,0x056E,0x0000,0x0046,0xFFFF,0xFFFF,0xFFFF,0xFFFF,0xFFFF,0xFFFF,0xFFFF,0x0140,0xFFFF,0xFFFF,0xFFFF,0x007F,0x0AF2,0x0118,0x0002,0x005C,0x001D,0xFFFF,0xFFFF,0x1100,0x1111,0xFF11,0x1111,0xF0F0,0x111F,0x0100,0x0011,0x1001,0x1111,0x0000,0x0F01,0x1F11,0x11FE,0x0011,0x6100,0x1700,0xFF10,0x081F,0x07EA,0x18FF,0x4113,0x9EEC
2026-08-31T17:56:27,0x8003,0x0384,0x037A,0xFFFF,0x0707,0xFFFF,0xFFFF,0x01D4,0x01D4,0xFFFF,0x0000,0x0000,0xFFFF,0x0000,0x049C,0x0488,0xFFFF,0x092E,0xFFFF,0xFFFF,0x0258,0x0258,0xFFFF,0x0000,0x0000,0xFFFF,0x0000,0x0000,0x0000,0x0000,0x0000,0x0000,0x0000,0x0000,0x0000,0x0000,0x0000,0xFFFF,0x0000,0x0000,0x051E,0x0000,0x056E,0x0000,0x0046,0xFFFF,0xFFFF,0xFFFF,0xFFFF,0xFFFF,0xFFFF,0xFFFF,0x0140,0xFFFF,0xFFFF,0xFFFF,0x007F,0x0AF8,0x0118,0x0002,0x005C,0x001D,0xFFFF,0xFFFF,0x1100,0x1111,0xFF11,0x1111,0xF0F0,0x111F,0x0100,0x0011,0x1001,0x1111,0x0000,0x0F01,0x1F11,0x11FE,0x0011,0x6100,0x1700,0xFF10,0x081F,0x07EA,0x18FF,0x4113,0x9EEC
2026-08-31T17:56:28,0x8003,0x0384,0x037A,0xFFFF,0x0705,0xFFFF,0xFFFF,0x01D3,0x01D3,0xFFFF,0x0000,0x0000,0xFFFF,0x0000,0x049C,0x0488,0xFFFF,0x092E,0xFFFF,0xFFFF,0x0258,0x0257,0xFFFF,0x0000,0x0000,0xFFFF,0x0000,0x0000,0x0000,0x0000,0x0000,0x0000,0x0000,0x0000,0x0000,0x0000,0x0000,0xFFFF,0x0000,0x0000,0x051E,0x0000,0x056E,0x0000,0x0046,0xFFFF,0xFFFF,0xFFFF,0xFFFF,0xFFFF,0xFFFF,0xFFFF,0x0140,0xFFFF,0xFFFF,0xFFFF,0x007F,0x0AF2,0x0118,0x0002,0x005C,0x001D,0xFFFF,0xFFFF,0x1100,0x1111,0xFF11,0x1111,0xF0F0,0x111F,0x0100,0x0011,0x1001,0x1111,0x0000,0x0F01,0x1F11,0x11FE,0x0011,0x6100,0x1700,0xFF10,0x081F,0x07EA,0x18FF,0x4113,0x9EEC
2026-08-31T17:56:29,0x8003,0x0384,0x037A,0xFFFF,0x0704,0xFFFF,0xFFFF,0x01D3,0x01D3,0xFFFF,0x0000,0x0000,0xFFFF,0x0000,0x049C,0x0488,0xFFFF,0x092E,0xFFFF,0xFFFF,0x0257,0x0258,0xFFFF,0x0000,0x0000,0xFFFF,0x0000,0x0000,0x0000,0x0000,0x0000,0x0000,0x0000,0x0000,0x0000,0x0000,0x0000,0xFFFF,0x0000,0x0000,0x051E,0x0000,0x056E,0x0000,0x0046,0xFFFF,0xFFFF,0xFFFF,0xFFFF,0xFFFF,0xFFFF,0xFFFF,0x0140,0xFFFF,0xFFFF,0xFFFF,0x007F,0x0AF2,0x0118,0x0002,0x005C,0x001D,0xFFFF,0xFFFF,0x1100,0x1111,0xFF11,0x1111,0xF0F0,0x111F,0x0100,0x0011,0x1001,0x1111,0x0000,0x0F01,0x1F11,0x11FE,0x0011,0x6100,0x1700,0xFF10,0x081F,0x07EA,0x18FF,0x4113,0x9EEC
2026-08-31T17:56:30,0x8003,0x0384,0x037A,0xFFFF,0x0706,0xFFFF,0xFFFF,0x01D2,0x01D4,0xFFFF,0x0000,0x0000,0xFFFF,0x0000,0x049C,0x0488,0xFFFF,0x092E,0xFFFF,0xFFFF,0x0258,0x0258,0xFFFF,0x0000,0x0000,0xFFFF,0x0000,0x0000,0x0000,0x0000,0x0000,0x0000,0x0000,0x0000,0x0000,0x0000,0x0000,0xFFFF,0x0000,0x0000,0x051E,0x0000,0x056E,0x0000,0x0046,0xFFFF,0xFFFF,0xFFFF,0xFFFF,0xFFFF,0xFFFF,0xFFFF,0x0140,0xFFFF,0xFFFF,0xFFFF,0x007F,0x0AEC,0x0118,0x0002,0x005C,0x001D,0xFFFF,0xFFFF,0x1100,0x1111,0xFF11,0x1111,0xF0F0,0x111F,0x0100,0x0011,0x1001,0x1111,0x0000,0x0F01,0x1F11,0x11FE,0x0011,0x6100,0x1700,0xFF10,0x081F,0x07EA,0x18FF,0x4113,0x9EEC
2026-08-31T17:56:32,0x8003,0x0384,0x037A,0xFFFF,0x0707,0xFFFF,0xFFFF,0x01D2,0x01D3,0xFFFF,0x0000,0x0000,0xFFFF,0x0000,0x049C,0x0488,0xFFFF,0x092E,0xFFFF,0xFFFF,0x0258,0x0258,0xFFFF,0x0000,0x0000,0xFFFF,0x0000,0x0000,0x0000,0x0000,0x0000,0x0000,0x0000,0x0000,0x0000,0x0000,0x0000,0xFFFF,0x0000,0x0000,0x051E,0x0000,0x056E,0x0000,0x0046,0xFFFF,0xFFFF,0xFFFF,0xFFFF,0xFFFF,0xFFFF,0xFFFF,0x0140,0xFFFF,0xFFFF,0xFFFF,0x007F,0x0AEC,0x0118,0x0002,0x005C,0x001D,0xFFFF,0xFFFF,0x1100,0x1111,0xFF11,0x1111,0xF0F0,0x111F,0x0100,0x0011,0x1001,0x1111,0x0000,0x0F01,0x1F11,0x11FE,0x0011,0x6100,0x1700,0xFF10,0x081F,0x07EA,0x18FF,0x4113,0x9EEC
2026-08-31T17:56:33,0x8003,0x0384,0x037A,0xFFFF,0x0704,0xFFFF,0xFFFF,0x01D3,0x01D3,0xFFFF,0x0000,0x0000,0xFFFF,0x0000,0x049C,0x0488,0xFFFF,0x092E,0xFFFF,0xFFFF,0x0258,0x0258,0xFFFF,0x0000,0x0000,0xFFFF,0x0000,0x0000,0x0000,0x0000,0x0000,0x0000,0x0000,0x0000,0x0000,0x0000,0x0000,0xFFFF,0x0000,0x0000,0x051E,0x0000,0x056E,0x0000,0x0046,0xFFFF,0xFFFF,0xFFFF,0xFFFF,0xFFFF,0xFFFF,0xFFFF,0x0140,0xFFFF,0xFFFF,0xFFFF,0x007F,0x0AF2,0x0118,0x0002,0x005C,0x001D,0xFFFF,0xFFFF,0x1100,0x1111,0xFF11,0x1111,0xF0F0,0x111F,0x0100,0x0011,0x1001,0x1111,0x0000,0x0F01,0x1F11,0x11FE,0x0011,0x6100,0x1700,0xFF10,0x081F,0x07EA,0x18FF,0x4113,0x9EEC
2026-08-31T17:56:34,0x8003,0x0384,0x037A,0xFFFF,0x070A,0xFFFF,0xFFFF,0x01D4,0x01D3,0xFFFF,0x0000,0x0000,0xFFFF,0x0000,0x049C,0x0488,0xFFFF,0x092E,0xFFFF,0xFFFF,0x0258,0x0258,0xFFFF,0x0000,0x0000,0xFFFF,0x0000,0x0000,0x0000,0x0000,0x0000,0x0000,0x0000,0x0000,0x0000,0x0000,0x0000,0xFFFF,0x0000,0x0000,0x051E,0x0000,0x056E,0x0000,0x0046,0xFFFF,0xFFFF,0xFFFF,0xFFFF,0xFFFF,0xFFFF,0xFFFF,0x0140,0xFFFF,0xFFFF,0xFFFF,0x007F,0x0AF8,0x0118,0x0002,0x005C,0x001D,0xFFFF,0xFFFF,0x1100,0x1111,0xFF11,0x1111,0xF0F0,0x111F,0x0100,0x0011,0x1001,0x1111,0x0000,0x0F01,0x1F11,0x11FE,0x0011,0x6100,0x1700,0xFF10,0x081F,0x07EA,0x18FF,0x4113,0x9EEC
2026-08-31T17:56:35,0x8003,0x0384,0x037A,0xFFFF,0x0707,0xFFFF,0xFFFF,0x01D0,0x01D0,0xFFFF,0x0000,0x0000,0xFFFF,0x0000,0x049C,0x0488,0xFFFF,0x092E,0xFFFF,0xFFFF,0x0258,0x0258,0xFFFF,0x0000,0x0000,0xFFFF,0x0000,0x0000,0x0000,0x0000,0x0000,0x0000,0x0000,0x0000,0x0000,0x0000,0x0000,0xFFFF,0x0000,0x0000,0x051E,0x0000,0x056E,0x0000,0x0046,0xFFFF,0xFFFF,0xFFFF,0xFFFF,0xFFFF,0xFFFF,0xFFFF,0x0140,0xFFFF,0xFFFF,0xFFFF,0x007F,0x0AE0,0x0118,0x0002,0x005C,0x001D,0xFFFF,0xFFFF,0x1100,0x1111,0xFF11,0x1111,0xF0F0,0x111F,0x0100,0x0011,0x1001,0x1111,0x0000,0x0F01,0x1F11,0x11FE,0x0011,0x6100,0x1700,0xFF10,0x081F,0x07EA,0x18FF,0x4113,0x9EEC
2026-08-31T17:56:37,0x8003,0x0384,0x037A,0xFFFF,0x0704,0xFFFF,0xFFFF,0x01D3,0x01D3,0xFFFF,0x0000,0x0000,0xFFFF,0x0000,0x049C,0x0488,0xFFFF,0x092E,0xFFFF,0xFFFF,0x0257,0x0258,0xFFFF,0x0000,0x0000,0xFFFF,0x0000,0x0000,0x0000,0x0000,0x0000,0x0000,0x0000,0x0000,0x0000,0x0000,0x0000,0xFFFF,0x0000,0x0000,0x051E,0x0000,0x056E,0x0000,0x0046,0xFFFF,0xFFFF,0xFFFF,0xFFFF,0xFFFF,0xFFFF,0xFFFF,0x0140,0xFFFF,0xFFFF,0xFFFF,0x0080,0x0AF2,0x0118,0x0002,0x005C,0x001D,0xFFFF,0xFFFF,0x1100,0x1111,0xFF11,0x1111,0xF0F0,0x111F,0x0100,0x0011,0x1001,0x1111,0x0000,0x0F01,0x1F11,0x11FE,0x0011,0x6100,0x1700,0xFF10,0x081F,0x07EA,0x18FF,0x4113,0x9EEC
2026-08-31T17:56:38,0x8003,0x0384,0x037A,0xFFFF,0x0708,0xFFFF,0xFFFF,0x01D5,0x01D5,0xFFFF,0x0000,0x0000,0xFFFF,0x0000,0x049C,0x0488,0xFFFF,0x092E,0xFFFF,0xFFFF,0x0257,0x0257,0xFFFF,0x0000,0x0000,0xFFFF,0x0000,0x0000,0x0000,0x0000,0x0000,0x0000,0x0000,0x0000,0x0000,0x0000,0x0000,0xFFFF,0x0000,0x0000,0x051E,0x0000,0x056E,0x0000,0x0046,0xFFFF,0xFFFF,0xFFFF,0xFFFF,0xFFFF,0xFFFF,0xFFFF,0x0140,0xFFFF,0xFFFF,0xFFFF,0x0080,0x0AFE,0x0118,0x0002,0x005C,0x001D,0xFFFF,0xFFFF,0x1100,0x1111,0xFF11,0x1111,0xF0F0,0x111F,0x0100,0x0011,0x1001,0x1111,0x0000,0x0F01,0x1F11,0x11FE,0x0011,0x6100,0x1700,0xFF10,0x081F,0x07EA,0x18FF,0x4113,0x9EEC
2026-08-31T17:56:39,0x8003,0x0384,0x037A,0xFFFF,0x0709,0xFFFF,0xFFFF,0x01D2,0x01D1,0xFFFF,0x0000,0x0000,0xFFFF,0x0000,0x049C,0x0488,0xFFFF,0x092E,0xFFFF,0xFFFF,0x0258,0x0258,0xFFFF,0x0000,0x0000,0xFFFF,0x0000,0x0000,0x0000,0x0000,0x0000,0x0000,0x0000,0x0000,0x0000,0x0000,0x0000,0xFFFF,0x0000,0x0000,0x051E,0x0000,0x056E,0x0000,0x0046,0xFFFF,0xFFFF,0xFFFF,0xFFFF,0xFFFF,0xFFFF,0xFFFF,0x0140,0xFFFF,0xFFFF,0xFFFF,0x0080,0x0AEC,0x0118,0x0002,0x005C,0x001D,0xFFFF,0xFFFF,0x1100,0x1111,0xFF11,0x1111,0xF0F0,0x111F,0x0100,0x0011,0x1001,0x1111,0x0000,0x0F01,0x1F11,0x11FE,0x0011,0x6100,0x1700,0xFF10,0x081F,0x07EA,0x18FF,0x4113,0x9EEC
2026-08-31T17:56:40,0x8003,0x0384,0x037A,0xFFFF,0x070B,0xFFFF,0xFFFF,0x01D2,0x01D1,0xFFFF,0x0000,0x0000,0xFFFF,0x0000,0x049C,0x0488,0xFFFF,0x092E,0xFFFF,0xFFFF,0x0258,0x0257,0xFFFF,0x0000,0x0000,0xFFFF,0x0000,0x0000,0x0000,0x0000,0x0000,0x0000,0x0000,0x0000,0x0000,0x0000,0x0000,0xFFFF,0x0000,0x0000,0x051E,0x0000,0x056E,0x0000,0x0046,0xFFFF,0xFFFF,0xFFFF,0xFFFF,0xFFFF,0xFFFF,0xFFFF,0x0140,0xFFFF,0xFFFF,0xFFFF,0x0080,0x0AEC,0x0118,0x0002,0x005C,0x001D,0xFFFF,0xFFFF,0x1100,0x1111,0xFF11,0x1111,0xF0F0,0x111F,0x0100,0x0011,0x1001,0x1111,0x0000,0x0F01,0x1F11,0x11FE,0x0011,0x6100,0x1700,0xFF10,0x081F,0x07EA,0x18FF,0x4113,0x9EEC
2026-08-31T17:56:42,0x8003,0x0384,0x037A,0xFFFF,0x0705,0xFFFF,0xFFFF,0x01D1,0x01D2,0xFFFF,0x0000,0x0000,0xFFFF,0x0000,0x049C,0x0488,0xFFFF,0x092E,0xFFFF,0xFFFF,0x0258,0x0258,0xFFFF,0x0000,0x0000,0xFFFF,0x0000,0x0000,0x0000,0x0000,0x0000,0x0000,0x0000,0x0000,0x0000,0x0000,0x0000,0xFFFF,0x0000,0x0000,0x051E,0x0000,0x056E,0x0000,0x0046,0xFFFF,0xFFFF,0xFFFF,0xFFFF,0xFFFF,0xFFFF,0xFFFF,0x0140,0xFFFF,0xFFFF,0xFFFF,0x0080,0x0AE6,0x0118,0x0002,0x005C,0x001E,0xFFFF,0xFFFF,0x1100,0x1111,0xFF11,0x1111,0xF0F0,0x111F,0x0100,0x0011,0x1001,0x1111,0x0000,0x0F01,0x1F11,0x11FE,0x0011,0x6100,0x1700,0xFF10,0x081F,0x07EA,0x18FF,0x4113,0x9EEC
2026-08-31T17:56:43,0x8003,0x0384,0x037A,0xFFFF,0x070D,0xFFFF,0xFFFF,0x01D0,0x01D1,0xFFFF,0x0000,0x0000,0xFFFF,0x0000,0x049C,0x0488,0xFFFF,0x092E,0xFFFF,0xFFFF,0x0257,0x0258,0xFFFF,0x0000,0x0000,0xFFFF,0x0000,0x0000,0x0000,0x0000,0x0000,0x0000,0x0000,0x0000,0x0000,0x0000,0x0000,0xFFFF,0x0000,0x0000,0x051E,0x0000,0x056E,0x0000,0x0046,0xFFFF,0xFFFF,0xFFFF,0xFFFF,0xFFFF,0xFFFF,0xFFFF,0x0140,0xFFFF,0xFFFF,0xFFFF,0x0080,0x0AE0,0x0118,0x0002,0x005C,0x001E,0xFFFF,0xFFFF,0x1100,0x1111,0xFF11,0x1111,0xF0F0,0x111F,0x0100,0x0011,0x1001,0x1111,0x0000,0x0F01,0x1F11,0x11FE,0x0011,0x6100,0x1700,0xFF10,0x081F,0x07EA,0x18FF,0x4113,0x9EEC
2026-08-31T17:56:44,0x8003,0x0384,0x037A,0xFFFF,0x0703,0xFFFF,0xFFFF,0x01D1,0x01D2,0xFFFF,0x0000,0x0000,0xFFFF,0x0000,0x049C,0x0488,0xFFFF,0x092E,0xFFFF,0xFFFF,0x0258,0x0258,0xFFFF,0x0000,0x0000,0xFFFF,0x0000,0x0000,0x0000,0x0000,0x0000,0x0000,0x0000,0x0000,0x0000,0x0000,0x0000,0xFFFF,0x0000,0x0000,0x051E,0x0000,0x056E,0x0000,0x0046,0xFFFF,0xFFFF,0xFFFF,0xFFFF,0xFFFF,0xFFFF,0xFFFF,0x0140,0xFFFF,0xFFFF,0xFFFF,0x0080,0x0AE6,0x0118,0x0002,0x005C,0x001E,0xFFFF,0xFFFF,0x1100,0x1111,0xFF11,0x1111,0xF0F0,0x111F,0x0100,0x0011,0x1001,0x1111,0x0000,0x0F01,0x1F11,0x11FE,0x0011,0x6100,0x1700,0xFF10,0x081F,0x07EA,0x18FF,0x4113,0x9EEC
2026-08-31T17:56:45,0x8003,0x0384,0x037A,0xFFFF,0x070D,0xFFFF,0xFFFF,0x01D4,0x01D5,0xFFFF,0x0000,0x0000,0xFFFF,0x0000,0x049C,0x0488,0xFFFF,0x092E,0xFFFF,0xFFFF,0x0257,0x0257,0xFFFF,0x0000,0x0000,0xFFFF,0x0000,0x0000,0x0000,0x0000,0x0000,0x0000,0x0000,0x0000,0x0000,0x0000,0x0000,0xFFFF,0x0000,0x0000,0x051E,0x0000,0x056E,0x0000,0x0046,0xFFFF,0xFFFF,0xFFFF,0xFFFF,0xFFFF,0xFFFF,0xFFFF,0x0140,0xFFFF,0xFFFF,0xFFFF,0x0080,0x0AF8,0x0118,0x0002,0x005C,0x001E,0xFFFF,0xFFFF,0x1100,0x1111,0xFF11,0x1111,0xF0F0,0x111F,0x0100,0x0011,0x1001,0x1111,0x0000,0x0F01,0x1F11,0x11FE,0x0011,0x6100,0x1700,0xFF10,0x081F,0x07EA,0x18FF,0x4113,0x9EEC
2026-08-31T17:56:46,0x8003,0x0384,0x037A,0xFFFF,0x0704,0xFFFF,0xFFFF,0x01D2,0x01D3,0xFFFF,0x0000,0x0000,0xFFFF,0x0000,0x049C,0x0488,0xFFFF,0x092E,0xFFFF,0xFFFF,0x0258,0x0258,0xFFFF,0x0000,0x0000,0xFFFF,0x0000,0x0000,0x0000,0x0000,0x0000,0x0000,0x0000,0x0000,0x0000,0x0000,0x0000,0xFFFF,0x0000,0x0000,0x051E,0x0000,0x056E,0x0000,0x0046,0xFFFF,0xFFFF,0xFFFF,0xFFFF,0xFFFF,0xFFFF,0xFFFF,0x0140,0xFFFF,0xFFFF,0xFFFF,0x0080,0x0AEC,0x0118,0x0002,0x005C,0x001E,0xFFFF,0xFFFF,0x1100,0x1111,0xFF11,0x1111,0xF0F0,0x111F,0x0100,0x0011,0x1001,0x1111,0x0000,0x0F01,0x1F11,0x11FE,0x0011,0x6100,0x1700,0xFF10,0x081F,0x07EA,0x18FF,0x4113,0x9EEC
2026-08-31T17:56:48,0x8003,0x0384,0x037A,0xFFFF,0x0708,0xFFFF,0xFFFF,0x01D3,0x01D2,0xFFFF,0x0000,0x0000,0xFFFF,0x0000,0x049C,0x0488,0xFFFF,0x092E,0xFFFF,0xFFFF,0x0258,0x0258,0xFFFF,0x0000,0x0000,0xFFFF,0x0000,0x0000,0x0000,0x0000,0x0000,0x0000,0x0000,0x0000,0x0000,0x0000,0x0000,0xFFFF,0x0000,0x0000,0x051E,0x0000,0x056E,0x0000,0x0046,0xFFFF,0xFFFF,0xFFFF,0xFFFF,0xFFFF,0xFFFF,0xFFFF,0x0140,0xFFFF,0xFFFF,0xFFFF,0x0080,0x0AF2,0x0118,0x0002,0x005C,0x001E,0xFFFF,0xFFFF,0x1100,0x1111,0xFF11,0x1111,0xF0F0,0x111F,0x0100,0x0011,0x1001,0x1111,0x0000,0x0F01,0x1F11,0x11FE,0x0011,0x6100,0x1700,0xFF10,0x081F,0x07EA,0x18FF,0x4113,0x9EEC
2026-08-31T17:56:49,0x8003,0x0384,0x037A,0xFFFF,0x070B,0xFFFF,0xFFFF,0x01CE,0x01CE,0xFFFF,0x0000,0x0000,0xFFFF,0x0000,0x049C,0x0488,0xFFFF,0x092E,0xFFFF,0xFFFF,0x0257,0x0258,0xFFFF,0x0000,0x0000,0xFFFF,0x0000,0x0000,0x0000,0x0000,0x0000,0x0000,0x0000,0x0000,0x0000,0x0000,0x0000,0xFFFF,0x0000,0x0000,0x051E,0x0000,0x056E,0x0000,0x0046,0xFFFF,0xFFFF,0xFFFF,0xFFFF,0xFFFF,0xFFFF,0xFFFF,0x0140,0xFFFF,0xFFFF,0xFFFF,0x0080,0x0AD4,0x0118,0x0002,0x005C,0x001E,0xFFFF,0xFFFF,0x1100,0x1111,0xFF11,0x1111,0xF0F0,0x111F,0x0100,0x0011,0x1001,0x1111,0x0000,0x0F01,0x1F11,0x11FE,0x0011,0x6100,0x1700,0xFF10,0x081F,0x07EA,0x18FF,0x4113,0x9EEC
2026-08-31T17:56:50,0x8003,0x0384,0x037A,0xFFFF,0x070C,0xFFFF,0xFFFF,0x01D2,0x01D2,0xFFFF,0x0000,0x0000,0xFFFF,0x0000,0x049C,0x0492,0xFFFF,0x092E,0xFFFF,0xFFFF,0x0258,0x0258,0xFFFF,0x0000,0x0000,0xFFFF,0x0000,0x0000,0x0000,0x0000,0x0000,0x0000,0x0000,0x0000,0x0000,0x0000,0x0000,0xFFFF,0x0000,0x0000,0x051E,0x0000,0x056E,0x0000,0x0046,0xFFFF,0xFFFF,0xFFFF,0xFFFF,0xFFFF,0xFFFF,0xFFFF,0x0140,0xFFFF,0xFFFF,0xFFFF,0x0080,0x0AEC,0x0118,0x0002,0x005C,0x001E,0xFFFF,0xFFFF,0x1100,0x1111,0xFF11,0x1111,0xF0F0,0x111F,0x0100,0x0011,0x1001,0x1111,0x0000,0x0F01,0x1F11,0x11FE,0x0011,0x6100,0x1700,0xFF10,0x081F,0x07EA,0x18FF,0x4113,0x9EEC
2026-08-31T17:56:51,0x8003,0x0384,0x037A,0xFFFF,0x070A,0xFFFF,0xFFFF,0x01D4,0x01D5,0xFFFF,0x0000,0x0000,0xFFFF,0x0000,0x049C,0x0492,0xFFFF,0x0938,0xFFFF,0xFFFF,0x0258,0x0258,0xFFFF,0x0000,0x0000,0xFFFF,0x0000,0x0000,0x0000,0x0000,0x0000,0x0000,0x0000,0x0000,0x0000,0x0000,0x0000,0xFFFF,0x0000,0x0000,0x051E,0x0000,0x056E,0x0000,0x0046,0xFFFF,0xFFFF,0xFFFF,0xFFFF,0xFFFF,0xFFFF,0xFFFF,0x0140,0xFFFF,0xFFFF,0xFFFF,0x0080,0x0AF8,0x0118,0x0002,0x005C,0x001E,0xFFFF,0xFFFF,0x1100,0x1111,0xFF11,0x1111,0xF0F0,0x111F,0x0100,0x0011,0x1001,0x1111,0x0000,0x0F01,0x1F11,0x11FE,0x0011,0x6100,0x1700,0xFF10,0x081F,0x07EA,0x18FF,0x4113,0x9EEC
2026-08-31T17:56:53,0x8003,0x0384,0x037A,0xFFFF,0x0704,0xFFFF,0xFFFF,0x01D2,0x01D1,0xFFFF,0x0000,0x0000,0xFFFF,0x0000,0x049C,0x0492,0xFFFF,0x0938,0xFFFF,0xFFFF,0x0257,0x0257,0xFFFF,0x0000,0x0000,0xFFFF,0x0000,0x0000,0x0000,0x0000,0x0000,0x0000,0x0000,0x0000,0x0000,0x0000,0x0000,0xFFFF,0x0000,0x0000,0x051E,0x0000,0x056E,0x0000,0x0046,0xFFFF,0xFFFF,0xFFFF,0xFFFF,0xFFFF,0xFFFF,0xFFFF,0x0140,0xFFFF,0xFFFF,0xFFFF,0x0081,0x0AEC,0x0118,0x0002,0x005C,0x001E,0xFFFF,0xFFFF,0x1100,0x1111,0xFF11,0x1111,0xF0F0,0x111F,0x0100,0x0011,0x1001,0x1111,0x0000,0x0F01,0x1F11,0x11FE,0x0011,0x6100,0x1700,0xFF10,0x081F,0x07EA,0x18FF,0x4113,0x9EEC
2026-08-31T17:56:54,0x8003,0x0384,0x037A,0xFFFF,0x0709,0xFFFF,0xFFFF,0x01D3,0x01D2,0xFFFF,0x0000,0x0000,0xFFFF,0x0000,0x049C,0x0492,0xFFFF,0x0938,0xFFFF,0xFFFF,0x0258,0x0258,0xFFFF,0x0000,0x0000,0xFFFF,0x0000,0x0000,0x0000,0x0000,0x0000,0x0000,0x0000,0x0000,0x0000,0x0000,0x0000,0xFFFF,0x0000,0x0000,0x051E,0x0000,0x056E,0x0000,0x0046,0xFFFF,0xFFFF,0xFFFF,0xFFFF,0xFFFF,0xFFFF,0xFFFF,0x0140,0xFFFF,0xFFFF,0xFFFF,0x0081,0x0AF2,0x0118,0x0002,0x005C,0x001E,0xFFFF,0xFFFF,0x1100,0x1111,0xFF11,0x1111,0xF0F0,0x111F,0x0100,0x0011,0x1001,0x1111,0x0000,0x0F01,0x1F11,0x11FE,0x0011,0x6100,0x1700,0xFF10,0x081F,0x07EA,0x18FF,0x4113,0x9EEC
2026-08-31T17:56:55,0x8003,0x0384,0x037A,0xFFFF,0x070B,0xFFFF,0xFFFF,0x01D0,0x01D0,0xFFFF,0x0000,0x0000,0xFFFF,0x0000,0x049C,0x0488,0xFFFF,0x092E,0xFFFF,0xFFFF,0x0257,0x0258,0xFFFF,0x0000,0x0000,0xFFFF,0x0000,0x0000,0x0000,0x0000,0x0000,0x0000,0x0000,0x0000,0x0000,0x0000,0x0000,0xFFFF,0x0000,0x0000,0x051E,0x0000,0x056E,0x0000,0x0046,0xFFFF,0xFFFF,0xFFFF,0xFFFF,0xFFFF,0xFFFF,0xFFFF,0x0140,0xFFFF,0xFFFF,0xFFFF,0x0081,0x0AE0,0x0118,0x0002,0x005C,0x001E,0xFFFF,0xFFFF,0x1100,0x1111,0xFF11,0x1111,0xF0F0,0x111F,0x0100,0x0011,0x1001,0x1111,0x0000,0x0F01,0x1F11,0x11FE,0x0011,0x6100,0x1700,0xFF10,0x081F,0x07EA,0x18FF,0x4113,0x9EEC
2026-08-31T17:56:56,0x8003,0x0384,0x037A,0xFFFF,0x0706,0xFFFF,0xFFFF,0x01D4,0x01D3,0xFFFF,0x0000,0x0000,0xFFFF,0x0000,0x049C,0x0488,0xFFFF,0x092E,0xFFFF,0xFFFF,0x0257,0x0258,0xFFFF,0x0000,0x0000,0xFFFF,0x0000,0x0000,0x0000,0x0000,0x0000,0x0000,0x0000,0x0000,0x0000,0x0000,0x0000,0xFFFF,0x0000,0x0000,0x051E,0x0000,0x056E,0x0000,0x0046,0xFFFF,0xFFFF,0xFFFF,0xFFFF,0xFFFF,0xFFFF,0xFFFF,0x0140,0xFFFF,0xFFFF,0xFFFF,0x0081,0x0AF8,0x0118,0x0002,0x005C,0x001E,0xFFFF,0xFFFF,0x1100,0x1111,0xFF11,0x1111,0xF0F0,0x111F,0x0100,0x0011,0x1001,0x1111,0x0000,0x0F01,0x1F11,0x11FE,0x0011,0x6100,0x1700,0xFF10,0x081F,0x07EA,0x18FF,0x4113,0x9EEC
2026-08-31T17:56:58,0x8003,0x0384,0x037A,0xFFFF,0x0707,0xFFFF,0xFFFF,0x01D4,0x01D3,0xFFFF,0x0000,0x0000,0xFFFF,0x0000,0x049C,0x0488,0xFFFF,0x092E,0xFFFF,0xFFFF,0x0258,0x0257,0xFFFF,0x0000,0x0000,0xFFFF,0x0000,0x0000,0x0000,0x0000,0x0000,0x0000,0x0000,0x0000,0x0000,0x0000,0x0000,0xFFFF,0x0000,0x0000,0x051E,0x0000,0x056E,0x0000,0x0046,0xFFFF,0xFFFF,0xFFFF,0xFFFF,0xFFFF,0xFFFF,0xFFFF,0x0140,0xFFFF,0xFFFF,0xFFFF,0x0081,0x0AF8,0x0118,0x0002,0x005C,0x001E,0xFFFF,0xFFFF,0x1100,0x1111,0xFF11,0x1111,0xF0F0,0x111F,0x0100,0x0011,0x1001,0x1111,0x0000,0x0F01,0x1F11,0x11FE,0x0011,0x6100,0x1700,0xFF10,0x081F,0x07EA,0x18FF,0x4113,0x9EEC
2026-08-31T17:56:59,0x8003,0x0384,0x037A,0xFFFF,0x0707,0xFFFF,0xFFFF,0x01D3,0x01D3,0xFFFF,0x0000,0x0000,0xFFFF,0x0000,0x049C,0x0488,0xFFFF,0x092E,0xFFFF,0xFFFF,0x0257,0x0258,0xFFFF,0x0000,0x0000,0xFFFF,0x0000,0x0000,0x0000,0x0000,0x0000,0x0000,0x0000,0x0000,0x0000,0x0000,0x0000,0xFFFF,0x0000,0x0000,0x051E,0x0000,0x056E,0x0000,0x0046,0xFFFF,0xFFFF,0xFFFF,0xFFFF,0xFFFF,0xFFFF,0xFFFF,0x0140,0xFFFF,0xFFFF,0xFFFF,0x0081,0x0AF2,0x0118,0x0002,0x005C,0x001E,0xFFFF,0xFFFF,0x1100,0x1111,0xFF11,0x1111,0xF0F0,0x111F,0x0100,0x0011,0x1001,0x1111,0x0000,0x0F01,0x1F11,0x11FE,0x0011,0x6100,0x1700,0xFF10,0x081F,0x07EA,0x18FF,0x4113,0x9EEC
2026-08-31T17:57:00,0x8003,0x0384,0x037A,0xFFFF,0x070A,0xFFFF,0xFFFF,0x01D2,0x01D2,0xFFFF,0x0000,0x0000,0xFFFF,0x0000,0x049C,0x0488,0xFFFF,0x092E,0xFFFF,0xFFFF,0x0258,0x0258,0xFFFF,0x0000,0x0000,0xFFFF,0x0000,0x0000,0x0000,0x0000,0x0000,0x0000,0x0000,0x0000,0x0000,0x0000,0x0000,0xFFFF,0x0000,0x0000,0x051E,0x0000,0x056E,0x0000,0x0046,0xFFFF,0xFFFF,0xFFFF,0xFFFF,0xFFFF,0xFFFF,0xFFFF,0x0140,0xFFFF,0xFFFF,0xFFFF,0x0081,0x0AEC,0x0118,0x0002,0x005C,0x001E,0xFFFF,0xFFFF,0x1100,0x1111,0xFF11,0x1111,0xF0F0,0x111F,0x0100,0x0011,0x1001,0x1111,0x0000,0x0F01,0x1F11,0x11FE,0x0011,0x6100,0x1800,0xFF10,0x081F,0x07EA,0x18FF,0x4113,0x9EEC
2026-08-31T17:57:01,0x8003,0x0384,0x037A,0xFFFF,0x0707,0xFFFF,0xFFFF,0x01D4,0x01D4,0xFFFF,0x0000,0x0000,0xFFFF,0x0000,0x049C,0x0488,0xFFFF,0x092E,0xFFFF,0xFFFF,0x0258,0x0258,0xFFFF,0x0000,0x0000,0xFFFF,0x0000,0x0000,0x0000,0x0000,0x0000,0x0000,0x0000,0x0000,0x0000,0x0000,0x0000,0xFFFF,0x0000,0x0000,0x051E,0x0000,0x056E,0x0000,0x0046,0xFFFF,0xFFFF,0xFFFF,0xFFFF,0xFFFF,0xFFFF,0xFFFF,0x0140,0xFFFF,0xFFFF,0xFFFF,0x0081,0x0AF8,0x0118,0x0002,0x005C,0x001E,0xFFFF,0xFFFF,0x1100,0x1111,0xFF11,0x1111,0xF0F0,0x111F,0x0100,0x0011,0x1001,0x1111,0x0000,0x0F01,0x1F11,0x11FE,0x0011,0x6100,0x1800,0xFF10,0x081F,0x07EA,0x18FF,0x4113,0x9EEC
2026-08-31T17:57:02,0x8003,0x0384,0x037A,0xFFFF,0x0706,0xFFFF,0xFFFF,0x01D2,0x01D3,0xFFFF,0x0000,0x0000,0xFFFF,0x0000,0x049C,0x0488,0xFFFF,0x092E,0xFFFF,0xFFFF,0x0258,0x0257,0xFFFF,0x0000,0x0000,0xFFFF,0x0000,0x0000,0x0000,0x0000,0x0000,0x0000,0x0000,0x0000,0x0000,0x0000,0x0000,0xFFFF,0x0000,0x0000,0x051E,0x0000,0x056E,0x0000,0x0046,0xFFFF,0xFFFF,0xFFFF,0xFFFF,0xFFFF,0xFFFF,0xFFFF,0x0140,0xFFFF,0xFFFF,0xFFFF,0x0081,0x0AEC,0x0118,0x0002,0x005C,0x001E,0xFFFF,0xFFFF,0x1100,0x1111,0xFF11,0x1111,0xF0F0,0x111F,0x0100,0x0011,0x1001,0x1111,0x0000,0x0F01,0x1F11,0x11FE,0x0011,0x6100,0x1800,0xFF10,0x081F,0x07EA,0x18FF,0x4113,0x9EEC
2026-08-31T17:57:04,0x8003,0x0384,0x037A,0xFFFF,0x070F,0xFFFF,0xFFFF,0x01D3,0x01D2,0xFFFF,0x0000,0x0000,0xFFFF,0x0000,0x049C,0x0488,0xFFFF,0x092E,0xFFFF,0xFFFF,0x0257,0x0257,0xFFFF,0x0000,0x0000,0xFFFF,0x0000,0x0000,0x0000,0x0000,0x0000,0x0000,0x0000,0x0000,0x0000,0x0000,0x0000,0xFFFF,0x0000,0x0000,0x051E,0x0000,0x056E,0x0000,0x0046,0xFFFF,0xFFFF,0xFFFF,0xFFFF,0xFFFF,0xFFFF,0xFFFF,0x0140,0xFFFF,0xFFFF,0xFFFF,0x0081,0x0AF2,0x0118,0x0002,0x005C,0x001E,0xFFFF,0xFFFF,0x1100,0x1111,0xFF11,0x1111,0xF0F0,0x111F,0x0100,0x0011,0x1001,0x1111,0x0000,0x0F01,0x1F11,0x11FE,0x0011,0x6100,0x1800,0xFF10,0x081F,0x07EA,0x18FF,0x4113,0x9EEC
2026-08-31T17:57:05,0x8003,0x0384,0x037A,0xFFFF,0x0709,0xFFFF,0xFFFF,0x01D4,0x01D5,0xFFFF,0x0000,0x0000,0xFFFF,0x0000,0x049C,0x0488,0xFFFF,0x092E,0xFFFF,0xFFFF,0x0258,0x0258,0xFFFF,0x0000,0x0000,0xFFFF,0x0000,0x0000,0x0000,0x0000,0x0000,0x0000,0x0000,0x0000,0x0000,0x0000,0x0000,0xFFFF,0x0000,0x0000,0x051E,0x0000,0x056E,0x0000,0x0046,0xFFFF,0xFFFF,0xFFFF,0xFFFF,0xFFFF,0xFFFF,0xFFFF,0x0140,0xFFFF,0xFFFF,0xFFFF,0x0081,0x0AF8,0x0118,0x0002,0x005C,0x001E,0xFFFF,0xFFFF,0x1100,0x1111,0xFF11,0x1111,0xF0F0,0x111F,0x0100,0x0011,0x1001,0x1111,0x0000,0x0F01,0x1F11,0x11FE,0x0011,0x6100,0x1800,0xFF10,0x081F,0x07EA,0x18FF,0x4113,0x9EEC
2026-08-31T17:57:06,0x8003,0x0384,0x037A,0xFFFF,0x070A,0xFFFF,0xFFFF,0x01D0,0x01CF,0xFFFF,0x0000,0x0000,0xFFFF,0x0000,0x049C,0x0488,0xFFFF,0x092E,0xFFFF,0xFFFF,0x0257,0x0257,0xFFFF,0x0000,0x0000,0xFFFF,0x0000,0x0000,0x0000,0x0000,0x0000,0x0000,0x0000,0x0000,0x0000,0x0000,0x0000,0xFFFF,0x0000,0x0000,0x051E,0x0000,0x056E,0x0000,0x0046,0xFFFF,0xFFFF,0xFFFF,0xFFFF,0xFFFF,0xFFFF,0xFFFF,0x0140,0xFFFF,0xFFFF,0xFFFF,0x0081,0x0AE0,0x0118,0x0002,0x005C,0x001E,0xFFFF,0xFFFF,0x1100,0x1111,0xFF11,0x1111,0xF0F0,0x111F,0x0100,0x0011,0x1001,0x1111,0x0000,0x0F01,0x1F11,0x11FE,0x0011,0x6100,0x1800,0xFF10,0x081F,0x07EA,0x18FF,0x4113,0x9EEC
2026-08-31T17:57:07,0x8003,0x0384,0x037A,0xFFFF,0x0705,0xFFFF,0xFFFF,0x01D2,0x01D2,0xFFFF,0x0000,0x0000,0xFFFF,0x0000,0x049C,0x0488,0xFFFF,0x092E,0xFFFF,0xFFFF,0x0257,0x0258,0xFFFF,0x0000,0x0000,0xFFFF,0x0000,0x0000,0x0000,0x0000,0x0000,0x0000,0x0000,0x0000,0x0000,0x0000,0x0000,0xFFFF,0x0000,0x0000,0x051E,0x0000,0x056E,0x0000,0x0046,0xFFFF,0xFFFF,0xFFFF,0xFFFF,0xFFFF,0xFFFF,0xFFFF,0x0140,0xFFFF,0xFFFF,0xFFFF,0x0081,0x0AEC,0x0118,0x0002,0x005C,0x001E,0xFFFF,0xFFFF,0x1100,0x1111,0xFF11,0x1111,0xF0F0,0x111F,0x0100,0x0011,0x1001,0x1111,0x0000,0x0F01,0x1F11,0x11FE,0x0011,0x6100,0x1800,0xFF10,0x081F,0x07EA,0x18FF,0x4113,0x9EEC
2026-08-31T17:57:09,0x8003,0x0384,0x037A,0xFFFF,0x070A,0xFFFF,0xFFFF,0x01D1,0x01D1,0xFFFF,0x0000,0x0000,0xFFFF,0x0000,0x049C,0x0488,0xFFFF,0x092E,0xFFFF,0xFFFF,0x0258,0x0257,0xFFFF,0x0000,0x0000,0xFFFF,0x0000,0x0000,0x0000,0x0000,0x0000,0x0000,0x0000,0x0000,0x0000,0x0000,0x0000,0xFFFF,0x0000,0x0000,0x051E,0x0000,0x056E,0x0000,0x0046,0xFFFF,0xFFFF,0xFFFF,0xFFFF,0xFFFF,0xFFFF,0xFFFF,0x0140,0xFFFF,0xFFFF,0xFFFF,0x0081,0x0AE6,0x0118,0x0002,0x005C,0x001E,0xFFFF,0xFFFF,0x1100,0x1111,0xFF11,0x1111,0xF0F0,0x111F,0x0100,0x0011,0x1001,0x1111,0x0000,0x0F01,0x1F11,0x11FE,0x0011,0x6100,0x1800,0xFF10,0x081F,0x07EA,0x18FF,0x4113,0x9EEC
2026-08-31T17:57:10,0x8003,0x0384,0x037A,0xFFFF,0x0703,0xFFFF,0xFFFF,0x01D3,0x01D3,0xFFFF,0x0000,0x0000,0xFFFF,0x0000,0x049C,0x0492,0xFFFF,0x0938,0xFFFF,0xFFFF,0x0257,0x0258,0xFFFF,0x0000,0x0000,0xFFFF,0x0000,0x0000,0x0000,0x0000,0x0000,0x0000,0x0000,0x0000,0x0000,0x0000,0x0000,0xFFFF,0x0000,0x0000,0x051E,0x0000,0x056E,0x0000,0x0046,0xFFFF,0xFFFF,0xFFFF,0xFFFF,0xFFFF,0xFFFF,0xFFFF,0x0140,0xFFFF,0xFFFF,0xFFFF,0x0081,0x0AF2,0x0118,0x0002,0x005C,0x001E,0xFFFF,0xFFFF,0x1100,0x1111,0xFF11,0x1111,0xF0F0,0x111F,0x0100,0x0011,0x1001,0x1111,0x0000,0x0F01,0x1F11,0x11FE,0x0011,0x6100,0x1800,0xFF10,0x081F,0x07EA,0x18FF,0x4113,0x9EEC
2026-08-31T17:57:11,0x8003,0x0384,0x037A,0xFFFF,0x0707,0xFFFF,0xFFFF,0x01D8,0x01D6,0xFFFF,0x0000,0x0000,0xFFFF,0x0000,0x049C,0x0492,0xFFFF,0x0938,0xFFFF,0xFFFF,0x0257,0x0258,0xFFFF,0x0000,0x0000,0xFFFF,0x0000,0x0000,0x0000,0x0000,0x0000,0x0000,0x0000,0x0000,0x0000,0x0000,0x0000,0xFFFF,0x0000,0x0000,0x051E,0x0000,0x056E,0x0000,0x0046,0xFFFF,0xFFFF,0xFFFF,0xFFFF,0xFFFF,0xFFFF,0xFFFF,0x0140,0xFFFF,0xFFFF,0xFFFF,0x0081,0x0B10,0x0118,0x0002,0x005C,0x001E,0xFFFF,0xFFFF,0x1100,0x1111,0xFF11,0x1111,0xF0F0,0x111F,0x0100,0x0011,0x1001,0x1111,0x0000,0x0F01,0x1F11,0x11FE,0x0011,0x6100,0x1800,0xFF10,0x081F,0x07EA,0x18FF,0x4113,0x9EEC
2026-08-31T17:57:12,0x8003,0x0384,0x037A,0xFFFF,0x0705,0xFFFF,0xFFFF,0x01D5,0x01D4,0xFFFF,0x0000,0x0000,0xFFFF,0x0000,0x049C,0x0492,0xFFFF,0x0938,0xFFFF,0xFFFF,0x0258,0x0257,0xFFFF,0x0000,0x0000,0xFFFF,0x0000,0x0000,0x0000,0x0000,0x0000,0x0000,0x0000,0x0000,0x0000,0x0000,0x0000,0xFFFF,0x0000,0x0000,0x051E,0x0000,0x056E,0x0000,0x0046,0xFFFF,0xFFFF,0xFFFF,0xFFFF,0xFFFF,0xFFFF,0xFFFF,0x0140,0xFFFF,0xFFFF,0xFFFF,0x0082,0x0AFE,0x0118,0x0002,0x005C,0x001E,0xFFFF,0xFFFF,0x1100,0x1111,0xFF11,0x1111,0xF0F0,0x111F,0x0100,0x0011,0x1001,0x1111,0x0000,0x0F01,0x1F11,0x11FE,0x0011,0x6100,0x1800,0xFF10,0x081F,0x07EA,0x18FF,0x4113,0x9EEC
2026-08-31T17:57:14,0x8003,0x0384,0x037A,0xFFFF,0x070E,0xFFFF,0xFFFF,0x01D0,0x01D0,0xFFFF,0x0000,0x0000,0xFFFF,0x0000,0x049C,0x0492,0xFFFF,0x0938,0xFFFF,0xFFFF,0x0257,0x0257,0xFFFF,0x0000,0x0000,0xFFFF,0x0000,0x0000,0x0000,0x0000,0x0000,0x0000,0x0000,0x0000,0x0000,0x0000,0x0000,0xFFFF,0x0000,0x0000,0x051E,0x0000,0x056E,0x0000,0x0046,0xFFFF,0xFFFF,0xFFFF,0xFFFF,0xFFFF,0xFFFF,0xFFFF,0x0140,0xFFFF,0xFFFF,0xFFFF,0x0082,0x0AE0,0x0118,0x0002,0x005C,0x001E,0xFFFF,0xFFFF,0x1100,0x1111,0xFF11,0x1111,0xF0F0,0x111F,0x0100,0x0011,0x1001,0x1111,0x0000,0x0F01,0x1F11,0x11FE,0x0011,0x6100,0x1800,0xFF10,0x081F,0x07EA,0x18FF,0x4113,0x9EEC
2026-08-31T17:57:15,0x8003,0x0384,0x037A,0xFFFF,0x0706,0xFFFF,0xFFFF,0x01D4,0x01D3,0xFFFF,0x0000,0x0000,0xFFFF,0x0000,0x049C,0x0492,0xFFFF,0x0938,0xFFFF,0xFFFF,0x0258,0x0258,0xFFFF,0x0000,0x0000,0xFFFF,0x0000,0x0000,0x0000,0x0000,0x0000,0x0000,0x0000,0x0000,0x0000,0x0000,0x0000,0xFFFF,0x0000,0x0000,0x051E,0x0000,0x056E,0x0000,0x0046,0xFFFF,0xFFFF,0xFFFF,0xFFFF,0xFFFF,0xFFFF,0xFFFF,0x0140,0xFFFF,0xFFFF,0xFFFF,0x0082,0x0AF8,0x0118,0x0002,0x005C,0x001E,0xFFFF,0xFFFF,0x1100,0x1111,0xFF11,0x1111,0xF0F0,0x111F,0x0100,0x0011,0x1001,0x1111,0x0000,0x0F01,0x1F11,0x11FE,0x0011,0x6100,0x1800,0xFF10,0x081F,0x07EA,0x18FF,0x4113,0x9EEC
2026-08-31T17:57:16,0x8003,0x0384,0x037A,0xFFFF,0x0702,0xFFFF,0xFFFF,0x01CE,0x01CE,0xFFFF,0x0000,0x0000,0xFFFF,0x0000,0x049C,0x0492,0xFFFF,0x0938,0xFFFF,0xFFFF,0x0258,0x0258,0xFFFF,0x0000,0x0000,0xFFFF,0x0000,0x0000,0x0000,0x0000,0x0000,0x0000,0x0000,0x0000,0x0000,0x0000,0x0000,0xFFFF,0x0000,0x0000,0x051E,0x0000,0x056E,0x0000,0x0046,0xFFFF,0xFFFF,0xFFFF,0xFFFF,0xFFFF,0xFFFF,0xFFFF,0x0140,0xFFFF,0xFFFF,0xFFFF,0x0082,0x0AD4,0x0118,0x0002,0x005C,0x001E,0xFFFF,0xFFFF,0x1100,0x1111,0xFF11,0x1111,0xF0F0,0x111F,0x0100,0x0011,0x1001,0x1111,0x0000,0x0F01,0x1F11,0x11FE,0x0011,0x6100,0x1800,0xFF10,0x081F,0x07EA,0x18FF,0x4113,0x9EEC
2026-08-31T17:57:17,0x8003,0x0384,0x037A,0xFFFF,0x0701,0xFFFF,0xFFFF,0x01CF,0x01CF,0xFFFF,0x0000,0x0000,0xFFFF,0x0000,0x049C,0x0492,0xFFFF,0x0938,0xFFFF,0xFFFF,0x0257,0x0257,0xFFFF,0x0000,0x0000,0xFFFF,0x0000,0x0000,0x0000,0x0000,0x0000,0x0000,0x0000,0x0000,0x0000,0x0000,0x0000,0xFFFF,0x0000,0x0000,0x051E,0x0000,0x056E,0x0000,0x0046,0xFFFF,0xFFFF,0xFFFF,0xFFFF,0xFFFF,0xFFFF,0xFFFF,0x0140,0xFFFF,0xFFFF,0xFFFF,0x0082,0x0ADA,0x0118,0x0002,0x005C,0x001E,0xFFFF,0xFFFF,0x1100,0x1111,0xFF11,0x1111,0xF0F0,0x111F,0x0100,0x0011,0x1001,0x1111,0x0000,0x0F01,0x1F11,0x11FE,0x0011,0x6100,0x1800,0xFF10,0x081F,0x07EA,0x18FF,0x4113,0x9EEC
2026-08-31T17:57:18,0x8003,0x0384,0x037A,0xFFFF,0x0709,0xFFFF,0xFFFF,0x01D1,0x01D0,0xFFFF,0x0000,0x0000,0xFFFF,0x0000,0x049C,0x0492,0xFFFF,0x0938,0xFFFF,0xFFFF,0x0258,0x024E,0xFFFF,0x0000,0x0000,0xFFFF,0x0000,0x0000,0x0000,0x0000,0x0000,0x0000,0x0000,0x0000,0x0000,0x0000,0x0000,0xFFFF,0x0000,0x0000,0x051E,0x0000,0x056E,0x0000,0x0046,0xFFFF,0xFFFF,0xFFFF,0xFFFF,0xFFFF,0xFFFF,0xFFFF,0x0140,0xFFFF,0xFFFF,0xFFFF,0x0082,0x0AE6,0x0118,0x0002,0x005C,0x001E,0xFFFF,0xFFFF,0x1100,0x1111,0xFF11,0x1111,0xF0F0,0x111F,0x0100,0x0011,0x1001,0x1111,0x0000,0x0F01,0x1F11,0x11FE,0x0011,0x6100,0x1800,0xFF10,0x081F,0x07EA,0x18FF,0x4113,0x9EEC
2026-08-31T17:57:20,0x8003,0x0384,0x037A,0xFFFF,0x0707,0xFFFF,0xFFFF,0x01D1,0x01D2,0xFFFF,0x0000,0x0000,0xFFFF,0x0000,0x049C,0x0492,0xFFFF,0x0938,0xFFFF,0xFFFF,0x0258,0x0258,0xFFFF,0x0000,0x0000,0xFFFF,0x0000,0x0000,0x0000,0x0000,0x0000,0x0000,0x0000,0x0000,0x0000,0x0000,0x0000,0xFFFF,0x0000,0x0000,0x051E,0x0000,0x056E,0x0000,0x0046,0xFFFF,0xFFFF,0xFFFF,0xFFFF,0xFFFF,0xFFFF,0xFFFF,0x0140,0xFFFF,0xFFFF,0xFFFF,0x0082,0x0AE6,0x0118,0x0002,0x005C,0x001E,0xFFFF,0xFFFF,0x1100,0x1111,0xFF11,0x1111,0xF0F0,0x111F,0x0100,0x0011,0x1001,0x1111,0x0000,0x0F01,0x1F11,0x11FE,0x0011,0x6100,0x1800,0xFF10,0x081F,0x07EA,0x18FF,0x4113,0x9EEC
2026-08-31T17:57:21,0x8003,0x0384,0x037A,0xFFFF,0x070A,0xFFFF,0xFFFF,0x01D1,0x01D0,0xFFFF,0x0000,0x0000,0xFFFF,0x0000,0x049C,0x0492,0xFFFF,0x0938,0xFFFF,0xFFFF,0x0258,0x0258,0xFFFF,0x0000,0x0000,0xFFFF,0x0000,0x0000,0x0000,0x0000,0x0000,0x0000,0x0000,0x0000,0x0000,0x0000,0x0000,0xFFFF,0x0000,0x0000,0x051E,0x0000,0x056E,0x0000,0x0046,0xFFFF,0xFFFF,0xFFFF,0xFFFF,0xFFFF,0xFFFF,0xFFFF,0x0140,0xFFFF,0xFFFF,0xFFFF,0x0082,0x0AE6,0x0118,0x0002,0x005C,0x001E,0xFFFF,0xFFFF,0x1100,0x1111,0xFF11,0x1111,0xF0F0,0x111F,0x0100,0x0011,0x1001,0x1111,0x0000,0x0F01,0x1F11,0x11FE,0x0011,0x6100,0x1800,0xFF10,0x081F,0x07EA,0x18FF,0x4113,0x9EEC
2026-08-31T17:57:22,0x8003,0x0384,0x037A,0xFFFF,0x0703,0xFFFF,0xFFFF,0x01D2,0x01D3,0xFFFF,0x0000,0x0000,0xFFFF,0x0000,0x049C,0x0492,0xFFFF,0x0938,0xFFFF,0xFFFF,0x0258,0x0258,0xFFFF,0x0000,0x0000,0xFFFF,0x0000,0x0000,0x0000,0x0000,0x0000,0x0000,0x0000,0x0000,0x0000,0x0000,0x0000,0xFFFF,0x0000,0x0000,0x051E,0x0000,0x056E,0x0000,0x0046,0xFFFF,0xFFFF,0xFFFF,0xFFFF,0xFFFF,0xFFFF,0xFFFF,0x0140,0xFFFF,0xFFFF,0xFFFF,0x0082,0x0AEC,0x0118,0x0002,0x005C,0x001E,0xFFFF,0xFFFF,0x1100,0x1111,0xFF11,0x1111,0xF0F0,0x111F,0x0100,0x0011,0x1001,0x1111,0x0000,0x0F01,0x1F11,0x11FE,0x0011,0x6100,0x1800,0xFF10,0x081F,0x07EA,0x18FF,0x4113,0x9EEC
2026-08-31T17:57:23,0x8003,0x0384,0x037A,0xFFFF,0x0707,0xFFFF,0xFFFF,0x01D0,0x01D0,0xFFFF,0x0000,0x0000,0xFFFF,0x0000,0x049C,0x0492,0xFFFF,0x0938,0xFFFF,0xFFFF,0x0258,0x0258,0xFFFF,0x0000,0x0000,0xFFFF,0x0000,0x0000,0x0000,0x0000,0x0000,0x0000,0x0000,0x0000,0x0000,0x0000,0x0000,0xFFFF,0x0000,0x0000,0x051E,0x0000,0x056E,0x0000,0x0046,0xFFFF,0xFFFF,0xFFFF,0xFFFF,0xFFFF,0xFFFF,0xFFFF,0x0140,0xFFFF,0xFFFF,0xFFFF,0x0082,0x0AE0,0x0118,0x0002,0x005C,0x001E,0xFFFF,0xFFFF,0x1100,0x1111,0xFF11,0x1111,0xF0F0,0x111F,0x0100,0x0011,0x1001,0x1111,0x0000,0x0F01,0x1F11,0x11FE,0x0011,0x6100,0x1800,0xFF10,0x081F,0x07EA,0x18FF,0x4113,0x9EEC
2026-08-31T17:57:25,0x8003,0x0384,0x037A,0xFFFF,0x070A,0xFFFF,0xFFFF,0x01D4,0x01D4,0xFFFF,0x0000,0x0000,0xFFFF,0x0000,0x049C,0x0492,0xFFFF,0x092E,0xFFFF,0xFFFF,0x0258,0x0258,0xFFFF,0x0000,0x0000,0xFFFF,0x0000,0x0000,0x0000,0x0000,0x0000,0x0000,0x0000,0x0000,0x0000,0x0000,0x0000,0xFFFF,0x0000,0x0000,0x051E,0x0000,0x056E,0x0000,0x0046,0xFFFF,0xFFFF,0xFFFF,0xFFFF,0xFFFF,0xFFFF,0xFFFF,0x0140,0xFFFF,0xFFFF,0xFFFF,0x0082,0x0AF8,0x0118,0x0002,0x005C,0x001E,0xFFFF,0xFFFF,0x1100,0x1111,0xFF11,0x1111,0xF0F0,0x111F,0x0100,0x0011,0x1001,0x1111,0x0000,0x0F01,0x1F11,0x11FE,0x0011,0x6100,0x1800,0xFF10,0x081F,0x07EA,0x18FF,0x4113,0x9EEC
2026-08-31T17:57:26,0x8003,0x0384,0x037A,0xFFFF,0x0709,0xFFFF,0xFFFF,0x01D2,0x01D1,0xFFFF,0x0000,0x0000,0xFFFF,0x0000,0x049C,0x0492,0xFFFF,0x092E,0xFFFF,0xFFFF,0x0258,0x0258,0xFFFF,0x0000,0x0000,0xFFFF,0x0000,0x0000,0x0000,0x0000,0x0000,0x0000,0x0000,0x0000,0x0000,0x0000,0x0000,0xFFFF,0x0000,0x0000,0x051E,0x0000,0x056E,0x0000,0x0046,0xFFFF,0xFFFF,0xFFFF,0xFFFF,0xFFFF,0xFFFF,0xFFFF,0x0140,0xFFFF,0xFFFF,0xFFFF,0x0082,0x0AEC,0x0118,0x0002,0x005C,0x001E,0xFFFF,0xFFFF,0x1100,0x1111,0xFF11,0x1111,0xF0F0,0x111F,0x0100,0x0011,0x1001,0x1111,0x0000,0x0F01,0x1F11,0x11FE,0x0011,0x6100,0x1800,0xFF10,0x081F,0x07EA,0x18FF,0x4113,0x9EEC
2026-08-31T17:57:27,0x8003,0x0384,0x037A,0xFFFF,0x070F,0xFFFF,0xFFFF,0x01D2,0x01D1,0xFFFF,0x0000,0x0000,0xFFFF,0x0000,0x049C,0x0492,0xFFFF,0x0938,0xFFFF,0xFFFF,0x0258,0x0258,0xFFFF,0x0000,0x0000,0xFFFF,0x0000,0x0000,0x0000,0x0000,0x0000,0x0000,0x0000,0x0000,0x0000,0x0000,0x0000,0xFFFF,0x0000,0x0000,0x051E,0x0000,0x056E,0x0000,0x0046,0xFFFF,0xFFFF,0xFFFF,0xFFFF,0xFFFF,0xFFFF,0xFFFF,0x0140,0xFFFF,0xFFFF,0xFFFF,0x0082,0x0AEC,0x0118,0x0002,0x005C,0x001E,0xFFFF,0xFFFF,0x1100,0x1111,0xFF11,0x1111,0xF0F0,0x111F,0x0100,0x0011,0x1001,0x1111,0x0000,0x0F01,0x1F11,0x11FE,0x0011,0x6100,0x1800,0xFF10,0x081F,0x07EA,0x18FF,0x4113,0x9EEC
2026-08-31T17:57:28,0x8003,0x0384,0x037A,0xFFFF,0x070F,0xFFFF,0xFFFF,0x01D2,0x01D2,0xFFFF,0x0000,0x0000,0xFFFF,0x0000,0x049C,0x0492,0xFFFF,0x092E,0xFFFF,0xFFFF,0x0258,0x0257,0xFFFF,0x0000,0x0000,0xFFFF,0x0000,0x0000,0x0000,0x0000,0x0000,0x0000,0x0000,0x0000,0x0000,0x0000,0x0000,0xFFFF,0x0000,0x0000,0x051E,0x0000,0x056E,0x0000,0x0046,0xFFFF,0xFFFF,0xFFFF,0xFFFF,0xFFFF,0xFFFF,0xFFFF,0x0140,0xFFFF,0xFFFF,0xFFFF,0x0082,0x0AEC,0x0118,0x0002,0x005C,0x001E,0xFFFF,0xFFFF,0x1100,0x1111,0xFF11,0x1111,0xF0F0,0x111F,0x0100,0x0011,0x1001,0x1111,0x0000,0x0F01,0x1F11,0x11FE,0x0011,0x6100,0x1800,0xFF10,0x081F,0x07EA,0x18FF,0x4113,0x9EEC
2026-08-31T17:57:30,0x8003,0x0384,0x037A,0xFFFF,0x0707,0xFFFF,0xFFFF,0x01D3,0x01D2,0xFFFF,0x0000,0x0000,0xFFFF,0x0000,0x049C,0x0488,0xFFFF,0x092E,0xFFFF,0xFFFF,0x0258,0x0258,0xFFFF,0x0000,0x0000,0xFFFF,0x0000,0x0000,0x0000,0x0000,0x0000,0x0000,0x0000,0x0000,0x0000,0x0000,0x0000,0xFFFF,0x0000,0x0000,0x051E,0x0000,0x056E,0x0000,0x0046,0xFFFF,0xFFFF,0xFFFF,0xFFFF,0xFFFF,0xFFFF,0xFFFF,0x0140,0xFFFF,0xFFFF,0xFFFF,0x0082,0x0AF2,0x0118,0x0002,0x005C,0x001E,0xFFFF,0xFFFF,0x1100,0x1111,0xFF11,0x1111,0xF0F0,0x111F,0x0100,0x0011,0x1001,0x1111,0x0000,0x0F01,0x1F11,0x11FE,0x0011,0x6100,0x1800,0xFF10,0x081F,0x07EA,0x18FF,0x4113,0x9EEC
2026-08-31T17:57:31,0x8003,0x0384,0x037A,0xFFFF,0x0704,0xFFFF,0xFFFF,0x01D3,0x01D2,0xFFFF,0x0000,0x0000,0xFFFF,0x0000,0x049C,0x0488,0xFFFF,0x092E,0xFFFF,0xFFFF,0x0258,0x0258,0xFFFF,0x0000,0x0001,0xFFFF,0x0000,0x0000,0x0000,0x0000,0x0000,0x0000,0x0000,0x0000,0x0000,0x0000,0x0000,0xFFFF,0x0000,0x0000,0x051E,0x0000,0x056E,0x0000,0x0046,0xFFFF,0xFFFF,0xFFFF,0xFFFF,0xFFFF,0xFFFF,0xFFFF,0x0140,0xFFFF,0xFFFF,0xFFFF,0x0082,0x0AF2,0x0118,0x0002,0x005C,0x001E,0xFFFF,0xFFFF,0x1100,0x1111,0xFF11,0x1111,0xF0F0,0x111F,0x0100,0x0011,0x1001,0x1111,0x0000,0x0F01,0x1F11,0x11FE,0x0011,0x6100,0x1800,0xFF10,0x081F,0x07EA,0x18FF,0x4113,0x9EEC
2026-08-31T17:57:32,0x8003,0x0384,0x037A,0xFFFF,0x070A,0xFFFF,0xFFFF,0x01D2,0x01D2,0xFFFF,0x0000,0x0000,0xFFFF,0x0000,0x049C,0x0488,0xFFFF,0x092E,0xFFFF,0xFFFF,0x0257,0x0258,0xFFFF,0x0000,0x0001,0xFFFF,0x0000,0x0000,0x0000,0x0000,0x0000,0x0000,0x0000,0x0000,0x0000,0x0000,0x0000,0xFFFF,0x0000,0x0000,0x051E,0x0000,0x056E,0x0000,0x0046,0xFFFF,0xFFFF,0xFFFF,0xFFFF,0xFFFF,0xFFFF,0xFFFF,0x0140,0xFFFF,0xFFFF,0xFFFF,0x0082,0x0AEC,0x0118,0x0002,0x005C,0x001E,0xFFFF,0xFFFF,0x1100,0x1111,0xFF11,0x1111,0xF0F0,0x111F,0x0100,0x0011,0x1001,0x1111,0x0000,0x0F01,0x1F11,0x11FE,0x0011,0x6100,0x1800,0xFF10,0x081F,0x07EA,0x18FF,0x4113,0x9EEC
2026-08-31T17:57:33,0x8003,0x0384,0x037A,0xFFFF,0x0705,0xFFFF,0xFFFF,0x01D3,0x01D3,0xFFFF,0x0000,0x0000,0xFFFF,0x0000,0x049C,0x0488,0xFFFF,0x092E,0xFFFF,0xFFFF,0x0257,0x0257,0xFFFF,0x0000,0x0001,0xFFFF,0x0000,0x0000,0x0000,0x0000,0x0000,0x0000,0x0000,0x0000,0x0000,0x0000,0x0000,0xFFFF,0x0000,0x0000,0x051E,0x0000,0x056E,0x0000,0x0046,0xFFFF,0xFFFF,0xFFFF,0xFFFF,0xFFFF,0xFFFF,0xFFFF,0x0140,0xFFFF,0xFFFF,0xFFFF,0x0082,0x0AF2,0x0118,0x0002,0x005C,0x001E,0xFFFF,0xFFFF,0x1100,0x1111,0xFF11,0x1111,0xF0F0,0x111F,0x0100,0x0011,0x1001,0x1111,0x0000,0x0F01,0x1F11,0x11FE,0x0011,0x6100,0x1800,0xFF10,0x081F,0x07EA,0x18FF,0x4113,0x9EEC
2026-08-31T17:57:34,0x8003,0x0384,0x037A,0xFFFF,0x0707,0xFFFF,0xFFFF,0x01D5,0x01D5,0xFFFF,0x0000,0x0000,0xFFFF,0x0000,0x049C,0x0488,0xFFFF,0x092E,0xFFFF,0xFFFF,0x0257,0x0257,0xFFFF,0x0000,0x0001,0xFFFF,0x0000,0x0000,0x0000,0x0000,0x0000,0x0000,0x0000,0x0000,0x0000,0x0000,0x0000,0xFFFF,0x0000,0x0000,0x051E,0x0000,0x056E,0x0000,0x0046,0xFFFF,0xFFFF,0xFFFF,0xFFFF,0xFFFF,0xFFFF,0xFFFF,0x0140,0xFFFF,0xFFFF,0xFFFF,0x0083,0x0AFE,0x0118,0x0002,0x005C,0x001E,0xFFFF,0xFFFF,0x1100,0x1111,0xFF11,0x1111,0xF0F0,0x111F,0x0100,0x0011,0x1001,0x1111,0x0000,0x0F01,0x1F11,0x11FE,0x0011,0x6100,0x1800,0xFF10,0x081F,0x07EA,0x18FF,0x4113,0x9EEC
2026-08-31T17:57:36,0x8003,0x0384,0x037A,0xFFFF,0x070B,0xFFFF,0xFFFF,0x01D3,0x01D3,0xFFFF,0x0000,0x0000,0xFFFF,0x0000,0x049C,0x0488,0xFFFF,0x092E,0xFFFF,0xFFFF,0x0257,0x0258,0xFFFF,0x0000,0x0000,0xFFFF,0x0000,0x0000,0x0000,0x0000,0x0000,0x0000,0x0000,0x0000,0x0000,0x0000,0x0000,0xFFFF,0x0000,0x0000,0x051E,0x0000,0x056E,0x0000,0x0046,0xFFFF,0xFFFF,0xFFFF,0xFFFF,0xFFFF,0xFFFF,0xFFFF,0x014A,0xFFFF,0xFFFF,0xFFFF,0x0083,0x0AF2,0x0118,0x0002,0x005C,0x001E,0xFFFF,0xFFFF,0x1100,0x1111,0xFF11,0x1111,0xF0F0,0x111F,0x0100,0x0011,0x1001,0x1111,0x0000,0x0F01,0x1F11,0x11FE,0x0011,0x6100,0x1800,0xFF10,0x081F,0x07EA,0x18FF,0x4113,0x9EEC
2026-08-31T17:57:37,0x8003,0x0384,0x037A,0xFFFF,0x0703,0xFFFF,0xFFFF,0x01D1,0x01D1,0xFFFF,0x0000,0x0000,0xFFFF,0x0000,0x049C,0x0488,0xFFFF,0x092E,0xFFFF,0xFFFF,0x0258,0x0258,0xFFFF,0x0000,0x0000,0xFFFF,0x0000,0x0000,0x0000,0x0000,0x0000,0x0000,0x0000,0x0000,0x0000,0x0000,0x0000,0xFFFF,0x0000,0x0000,0x051E,0x0000,0x056E,0x0000,0x0046,0xFFFF,0xFFFF,0xFFFF,0xFFFF,0xFFFF,0xFFFF,0xFFFF,0x014A,0xFFFF,0xFFFF,0xFFFF,0x0083,0x0AE6,0x0118,0x0002,0x005C,0x001E,0xFFFF,0xFFFF,0x1100,0x1111,0xFF11,0x1111,0xF0F0,0x111F,0x0100,0x0011,0x1001,0x1111,0x0000,0x0F01,0x1F11,0x11FE,0x0011,0x6100,0x1800,0xFF10,0x081F,0x07EA,0x18FF,0x4113,0x9EEC
2026-08-31T17:57:38,0x8003,0x0384,0x037A,0xFFFF,0x070C,0xFFFF,0xFFFF,0x01D2,0x01D2,0xFFFF,0x0000,0x0000,0xFFFF,0x0000,0x049C,0x0488,0xFFFF,0x092E,0xFFFF,0xFFFF,0x0258,0x0258,0xFFFF,0x0000,0x0001,0xFFFF,0x0000,0x0000,0x0000,0x0000,0x0000,0x0000,0x0000,0x0000,0x0000,0x0000,0x0000,0xFFFF,0x0000,0x0000,0x051E,0x0000,0x056E,0x0000,0x0046,0xFFFF,0xFFFF,0xFFFF,0xFFFF,0xFFFF,0xFFFF,0xFFFF,0x0140,0xFFFF,0xFFFF,0xFFFF,0x0083,0x0AEC,0x0118,0x0002,0x005C,0x001E,0xFFFF,0xFFFF,0x1100,0x1111,0xFF11,0x1111,0xF0F0,0x111F,0x0100,0x0011,0x1001,0x1111,0x0000,0x0F01,0x1F11,0x11FE,0x0011,0x6100,0x1800,0xFF10,0x081F,0x07EA,0x18FF,0x4113,0x9EEC
2026-08-31T17:57:39,0x8003,0x0384,0x037A,0xFFFF,0x070A,0xFFFF,0xFFFF,0x01D3,0x01D2,0xFFFF,0x0000,0x0000,0xFFFF,0x0000,0x049C,0x0488,0xFFFF,0x092E,0xFFFF,0xFFFF,0x0258,0x0258,0xFFFF,0x0000,0x0001,0xFFFF,0x0000,0x0000,0x0000,0x0000,0x0000,0x0000,0x0000,0x0000,0x0000,0x0000,0x0000,0xFFFF,0x0000,0x0000,0x051E,0x0000,0x056E,0x0000,0x0046,0xFFFF,0xFFFF,0xFFFF,0xFFFF,0xFFFF,0xFFFF,0xFFFF,0x014A,0xFFFF,0xFFFF,0xFFFF,0x0083,0x0AF2,0x0118,0x0002,0x005C,0x001E,0xFFFF,0xFFFF,0x1100,0x1111,0xFF11,0x1111,0xF0F0,0x111F,0x0100,0x0011,0x1001,0x1111,0x0000,0x0F01,0x1F11,0x11FE,0x0011,0x6100,0x1800,0xFF10,0x081F,0x07EA,0x18FF,0x4113,0x9EEC
2026-08-31T17:57:41,0x8003,0x0384,0x037A,0xFFFF,0x0707,0xFFFF,0xFFFF,0x01D4,0x01D3,0xFFFF,0x0000,0x0000,0xFFFF,0x0000,0x049C,0x0488,0xFFFF,0x092E,0xFFFF,0xFFFF,0x0258,0x0258,0xFFFF,0x0000,0x0000,0xFFFF,0x0000,0x0000,0x0000,0x0000,0x0000,0x0000,0x0000,0x0000,0x0000,0x0000,0x0000,0xFFFF,0x0000,0x0000,0x051E,0x0000,0x056E,0x0000,0x0046,0xFFFF,0xFFFF,0xFFFF,0xFFFF,0xFFFF,0xFFFF,0xFFFF,0x014A,0xFFFF,0xFFFF,0xFFFF,0x0083,0x0AF8,0x0118,0x0002,0x005C,0x001E,0xFFFF,0xFFFF,0x1100,0x1111,0xFF11,0x1111,0xF0F0,0x111F,0x0100,0x0011,0x1001,0x1111,0x0000,0x0F01,0x1F11,0x11FE,0x0011,0x6100,0x1800,0xFF10,0x081F,0x07EA,0x18FF,0x4113,0x9EEC
2026-08-31T17:57:42,0x8003,0x0384,0x037A,0xFFFF,0x0707,0xFFFF,0xFFFF,0x01D5,0x01D4,0xFFFF,0x0000,0x0000,0xFFFF,0x0000,0x049C,0x0488,0xFFFF,0x092E,0xFFFF,0xFFFF,0x0257,0x0257,0xFFFF,0x0000,0x0001,0xFFFF,0x0000,0x0000,0x0000,0x0000,0x0000,0x0000,0x0000,0x0000,0x0000,0x0000,0x0000,0xFFFF,0x0000,0x0000,0x051E,0x0000,0x056E,0x0000,0x0046,0xFFFF,0xFFFF,0xFFFF,0xFFFF,0xFFFF,0xFFFF,0xFFFF,0x0140,0xFFFF,0xFFFF,0xFFFF,0x0083,0x0AFE,0x0118,0x0002,0x005C,0x001F,0xFFFF,0xFFFF,0x1100,0x1111,0xFF11,0x1111,0xF0F0,0x111F,0x0100,0x0011,0x1001,0x1111,0x0000,0x0F01,0x1F11,0x11FE,0x0011,0x6100,0x1800,0xFF10,0x081F,0x07EA,0x18FF,0x4113,0x9EEC
2026-08-31T17:57:43,0x8003,0x0384,0x037A,0xFFFF,0x0707,0xFFFF,0xFFFF,0x01D1,0x01D2,0xFFFF,0x0000,0x0000,0xFFFF,0x0000,0x049C,0x0488,0xFFFF,0x092E,0xFFFF,0xFFFF,0x0258,0x0258,0xFFFF,0x0000,0x0001,0xFFFF,0x0000,0x0000,0x0000,0x0000,0x0000,0x0000,0x0000,0x0000,0x0000,0x0000,0x0000,0xFFFF,0x0000,0x0000,0x051E,0x0000,0x056E,0x0000,0x0046,0xFFFF,0xFFFF,0xFFFF,0xFFFF,0xFFFF,0xFFFF,0xFFFF,0x014A,0xFFFF,0xFFFF,0xFFFF,0x0083,0x0AE6,0x0118,0x0002,0x005C,0x001F,0xFFFF,0xFFFF,0x1100,0x1111,0xFF11,0x1111,0xF0F0,0x111F,0x0100,0x0011,0x1001,0x1111,0x0000,0x0F01,0x1F11,0x11FE,0x0011,0x6100,0x1800,0xFF10,0x081F,0x07EA,0x18FF,0x4113,0x9EEC
2026-08-31T17:57:44,0x8003,0x0384,0x037A,0xFFFF,0x0708,0xFFFF,0xFFFF,0x01D4,0x01D4,0xFFFF,0x0000,0x0000,0xFFFF,0x0000,0x049C,0x0492,0xFFFF,0x092E,0xFFFF,0xFFFF,0x0258,0x0258,0xFFFF,0x0000,0x0001,0xFFFF,0x0000,0x0000,0x0000,0x0000,0x0000,0x0000,0x0000,0x0000,0x0000,0x0000,0x0000,0xFFFF,0x0000,0x0000,0x051E,0x0000,0x056E,0x0000,0x0046,0xFFFF,0xFFFF,0xFFFF,0xFFFF,0xFFFF,0xFFFF,0xFFFF,0x0140,0xFFFF,0xFFFF,0xFFFF,0x0083,0x0AF8,0x0118,0x0002,0x005C,0x001F,0xFFFF,0xFFFF,0x1100,0x1111,0xFF11,0x1111,0xF0F0,0x111F,0x0100,0x0011,0x1001,0x1111,0x0000,0x0F01,0x1F11,0x11FE,0x0011,0x6100,0x1800,0xFF10,0x081F,0x07EA,0x18FF,0x4113,0x9EEC
2026-08-31T17:57:46,0x8003,0x0384,0x037A,0xFFFF,0x0708,0xFFFF,0xFFFF,0x01D3,0x01D2,0xFFFF,0x0000,0x0000,0xFFFF,0x0000,0x049C,0x0492,0xFFFF,0x0938,0xFFFF,0xFFFF,0x0258,0x0258,0xFFFF,0x0000,0x0001,0xFFFF,0x0000,0x0000,0x0000,0x0000,0x0000,0x0000,0x0000,0x0000,0x0000,0x0000,0x0000,0xFFFF,0x0000,0x0000,0x051E,0x0000,0x056E,0x0000,0x0046,0xFFFF,0xFFFF,0xFFFF,0xFFFF,0xFFFF,0xFFFF,0xFFFF,0x014A,0xFFFF,0xFFFF,0xFFFF,0x0083,0x0AF2,0x0118,0x0002,0x005C,0x001F,0xFFFF,0xFFFF,0x1100,0x1111,0xFF11,0x1111,0xF0F0,0x111F,0x0100,0x0011,0x1001,0x1111,0x0000,0x0F01,0x1F11,0x11FE,0x0011,0x6100,0x1800,0xFF10,0x081F,0x07EA,0x18FF,0x4113,0x9EEC
2026-08-31T17:57:47,0x8003,0x0384,0x037A,0xFFFF,0x0707,0xFFFF,0xFFFF,0x01D3,0x01D2,0xFFFF,0x0000,0x0000,0xFFFF,0x0000,0x049C,0x0492,0xFFFF,0x0938,0xFFFF,0xFFFF,0x0257,0x0258,0xFFFF,0x0000,0x0001,0xFFFF,0x0000,0x0000,0x0000,0x0000,0x0000,0x0000,0x0000,0x0000,0x0000,0x0000,0x0000,0xFFFF,0x0000,0x0000,0x051E,0x0000,0x056E,0x0000,0x0046,0xFFFF,0xFFFF,0xFFFF,0xFFFF,0xFFFF,0xFFFF,0xFFFF,0x014A,0xFFFF,0xFFFF,0xFFFF,0x0083,0x0AF2,0x0118,0x0002,0x005C,0x001F,0xFFFF,0xFFFF,0x1100,0x1111,0xFF11,0x1111,0xF0F0,0x111F,0x0100,0x0011,0x1001,0x1111,0x0000,0x0F01,0x1F11,0x11FE,0x0011,0x6100,0x1800,0xFF10,0x081F,0x07EA,0x18FF,0x4113,0x9EEC
2026-08-31T17:57:48,0x8003,0x0384,0x037A,0xFFFF,0x0709,0xFFFF,0xFFFF,0x01D6,0x01D5,0xFFFF,0x0000,0x0000,0xFFFF,0x0000,0x049C,0x0492,0xFFFF,0x0938,0xFFFF,0xFFFF,0x0258,0x0258,0xFFFF,0x0000,0x0001,0xFFFF,0x0000,0x0000,0x0000,0x0000,0x0000,0x0000,0x0000,0x0000,0x0000,0x0000,0x0000,0xFFFF,0x0000,0x0000,0x051E,0x0000,0x056E,0x0000,0x0046,0xFFFF,0xFFFF,0xFFFF,0xFFFF,0xFFFF,0xFFFF,0xFFFF,0x014A,0xFFFF,0xFFFF,0xFFFF,0x0083,0x0B04,0x0118,0x0002,0x005C,0x001F,0xFFFF,0xFFFF,0x1100,0x1111,0xFF11,0x1111,0xF0F0,0x111F,0x0100,0x0011,0x1001,0x1111,0x0000,0x0F01,0x1F11,0x11FE,0x0011,0x6100,0x1800,0xFF10,0x081F,0x07EA,0x18FF,0x4113,0x9EEC
2026-08-31T17:57:49,0x8003,0x0384,0x037A,0xFFFF,0x0704,0xFFFF,0xFFFF,0x01D3,0x01D3,0xFFFF,0x0000,0x0000,0xFFFF,0x0000,0x049C,0x0492,0xFFFF,0x0938,0xFFFF,0xFFFF,0x0258,0x0258,0xFFFF,0x0000,0x0001,0xFFFF,0x0000,0x0000,0x0000,0x0000,0x0000,0x0000,0x0000,0x0000,0x0000,0x0000,0x0000,0xFFFF,0x0000,0x0000,0x051E,0x0000,0x056E,0x0000,0x0046,0xFFFF,0xFFFF,0xFFFF,0xFFFF,0xFFFF,0xFFFF,0xFFFF,0x014A,0xFFFF,0xFFFF,0xFFFF,0x0083,0x0AF2,0x0118,0x0002,0x005C,0x001F,0xFFFF,0xFFFF,0x1100,0x1111,0xFF11,0x1111,0xF0F0,0x111F,0x0100,0x0011,0x1001,0x1111,0x0000,0x0F01,0x1F11,0x11FE,0x0011,0x6100,0x1800,0xFF10,0x081F,0x07EA,0x18FF,0x4113,0x9EEC
2026-08-31T17:57:50,0x8003,0x0384,0x037A,0xFFFF,0x070C,0xFFFF,0xFFFF,0x01D3,0x01D3,0xFFFF,0x0000,0x0000,0xFFFF,0x0000,0x049C,0x0492,0xFFFF,0x0938,0xFFFF,0xFFFF,0x0258,0x0258,0xFFFF,0x0000,0x0001,0xFFFF,0x0000,0x0000,0x0000,0x0000,0x0000,0x0000,0x0000,0x0000,0x0000,0x0000,0x0000,0xFFFF,0x0000,0x0000,0x051E,0x0000,0x056E,0x0000,0x0046,0xFFFF,0xFFFF,0xFFFF,0xFFFF,0xFFFF,0xFFFF,0xFFFF,0x014A,0xFFFF,0xFFFF,0xFFFF,0x0083,0x0AF2,0x0118,0x0002,0x005C,0x001F,0xFFFF,0xFFFF,0x1100,0x1111,0xFF11,0x1111,0xF0F0,0x111F,0x0100,0x0011,0x1001,0x1111,0x0000,0x0F01,0x1F11,0x11FE,0x0011,0x6100,0x1900,0xFF10,0x081F,0x07EA,0x18FF,0x4113,0x9EEC
2026-08-31T17:57:52,0x8003,0x0384,0x037A,0xFFFF,0x0708,0xFFFF,0xFFFF,0x01D3,0x01D4,0xFFFF,0x0000,0x0000,0xFFFF,0x0000,0x049C,0x0492,0xFFFF,0x0938,0xFFFF,0xFFFF,0x0258,0x0257,0xFFFF,0x0000,0x0001,0xFFFF,0x0000,0x0000,0x0000,0x0000,0x0000,0x0000,0x0000,0x0000,0x0000,0x0000,0x0000,0xFFFF,0x0000,0x0000,0x051E,0x0000,0x056E,0x0000,0x0046,0xFFFF,0xFFFF,0xFFFF,0xFFFF,0xFFFF,0xFFFF,0xFFFF,0x014A,0xFFFF,0xFFFF,0xFFFF,0x0083,0x0AF2,0x0118,0x0002,0x005C,0x001F,0xFFFF,0xFFFF,0x1100,0x1111,0xFF11,0x1111,0xF0F0,0x111F,0x0100,0x0011,0x1001,0x1111,0x0000,0x0F01,0x1F11,0x11FE,0x0011,0x6100,0x1900,0xFF10,0x081F,0x07EA,0x18FF,0x4113,0x9EEC
2026-08-31T17:57:53,0x8003,0x0384,0x037A,0xFFFF,0x0705,0xFFFF,0xFFFF,0x01D2,0x01D3,0xFFFF,0x0000,0x0000,0xFFFF,0x0000,0x049C,0x0492,0xFFFF,0x0938,0xFFFF,0xFFFF,0x0258,0x0258,0xFFFF,0x0000,0x0001,0xFFFF,0x0000,0x0000,0x0000,0x0000,0x0000,0x0000,0x0000,0x0000,0x0000,0x0000,0x0000,0xFFFF,0x0000,0x0000,0x051E,0x0000,0x056E,0x0000,0x0046,0xFFFF,0xFFFF,0xFFFF,0xFFFF,0xFFFF,0xFFFF,0xFFFF,0x014A,0xFFFF,0xFFFF,0xFFFF,0x0083,0x0AEC,0x0118,0x0002,0x005C,0x001F,0xFFFF,0xFFFF,0x1100,0x1111,0xFF11,0x1111,0xF0F0,0x111F,0x0100,0x0011,0x1001,0x1111,0x0000,0x0F01,0x1F11,0x11FE,0x0011,0x6100,0x1900,0xFF10,0x081F,0x07EA,0x18FF,0x4113,0x9EEC
2026-08-31T17:57:54,0x8003,0x0384,0x037A,0xFFFF,0x0701,0xFFFF,0xFFFF,0x01D0,0x01D1,0xFFFF,0x0000,0x0000,0xFFFF,0x0000,0x049C,0x0492,0xFFFF,0x0938,0xFFFF,0xFFFF,0x0258,0x0258,0xFFFF,0x0000,0x0001,0xFFFF,0x0000,0x0000,0x0000,0x0000,0x0000,0x0000,0x0000,0x0000,0x0000,0x0000,0x0000,0xFFFF,0x0000,0x0000,0x051E,0x0000,0x056E,0x0000,0x0046,0xFFFF,0xFFFF,0xFFFF,0xFFFF,0xFFFF,0xFFFF,0xFFFF,0x0140,0xFFFF,0xFFFF,0xFFFF,0x0083,0x0AE0,0x0118,0x0002,0x005C,0x001F,0xFFFF,0xFFFF,0x1100,0x1111,0xFF11,0x1111,0xF0F0,0x111F,0x0100,0x0011,0x1001,0x1111,0x0000,0x0F01,0x1F11,0x11FE,0x0011,0x6100,0x1900,0xFF10,0x081F,0x07EA,0x18FF,0x4113,0x9EEC
2026-08-31T17:57:55,0x8003,0x0384,0x037A,0xFFFF,0x0701,0xFFFF,0xFFFF,0x01D1,0x01D1,0xFFFF,0x0000,0x0000,0xFFFF,0x0000,0x049C,0x0492,0xFFFF,0x0938,0xFFFF,0xFFFF,0x0258,0x0257,0xFFFF,0x0000,0x0001,0xFFFF,0x0000,0x0000,0x0000,0x0000,0x0000,0x0000,0x0000,0x0000,0x0000,0x0000,0x0000,0xFFFF,0x0000,0x0000,0x051E,0x0000,0x056E,0x0000,0x0046,0xFFFF,0xFFFF,0xFFFF,0xFFFF,0xFFFF,0xFFFF,0xFFFF,0x014A,0xFFFF,0xFFFF,0xFFFF,0x0083,0x0AE6,0x0118,0x0002,0x005C,0x001F,0xFFFF,0xFFFF,0x1100,0x1111,0xFF11,0x1111,0xF0F0,0x111F,0x0100,0x0011,0x1001,0x1111,0x0000,0x0F01,0x1F11,0x11FE,0x0011,0x6100,0x1900,0xFF10,0x081F,0x07EA,0x18FF,0x4113,0x9EEC
2026-08-31T17:57:57,0x8003,0x0384,0x037A,0xFFFF,0x070A,0xFFFF,0xFFFF,0x01D2,0x01D2,0xFFFF,0x0000,0x0000,0xFFFF,0x0000,0x049C,0x0492,0xFFFF,0x0938,0xFFFF,0xFFFF,0x0258,0x0257,0xFFFF,0x0000,0x0001,0xFFFF,0x0000,0x0000,0x0000,0x0000,0x0000,0x0000,0x0000,0x0000,0x0000,0x0000,0x0000,0xFFFF,0x0000,0x0000,0x051E,0x0000,0x056E,0x0000,0x0046,0xFFFF,0xFFFF,0xFFFF,0xFFFF,0xFFFF,0xFFFF,0xFFFF,0x014A,0xFFFF,0xFFFF,0xFFFF,0x0083,0x0AEC,0x0118,0x0002,0x005C,0x001F,0xFFFF,0xFFFF,0x1100,0x1111,0xFF11,0x1111,0xF0F0,0x111F,0x0100,0x0011,0x1001,0x1111,0x0000,0x0F01,0x1F11,0x11FE,0x0011,0x6100,0x1900,0xFF10,0x081F,0x07EA,0x18FF,0x4113,0x9EEC
2026-08-31T17:57:58,0x8003,0x0384,0x037A,0xFFFF,0x0700,0xFFFF,0xFFFF,0x01D1,0x01D1,0xFFFF,0x0000,0x0000,0xFFFF,0x0000,0x049C,0x0492,0xFFFF,0x0938,0xFFFF,0xFFFF,0x0258,0x0258,0xFFFF,0x0000,0x0001,0xFFFF,0x0000,0x0000,0x0000,0x0000,0x0000,0x0000,0x0000,0x0000,0x0000,0x0000,0x0000,0xFFFF,0x0000,0x0000,0x051E,0x0000,0x056E,0x0000,0x0046,0xFFFF,0xFFFF,0xFFFF,0xFFFF,0xFFFF,0xFFFF,0xFFFF,0x014A,0xFFFF,0xFFFF,0xFFFF,0x0083,0x0AE6,0x0118,0x0002,0x005C,0x001F,0xFFFF,0xFFFF,0x1100,0x1111,0xFF11,0x1111,0xF0F0,0x111F,0x0100,0x0011,0x1001,0x1111,0x0000,0x0F01,0x1F11,0x11FE,0x0011,0x6100,0x1900,0xFF10,0x081F,0x07EA,0x18FF,0x4113,0x9EEC
2026-08-31T17:57:59,0x8003,0x0384,0x037A,0xFFFF,0x0706,0xFFFF,0xFFFF,0x01D4,0x01D3,0xFFFF,0x0000,0x0000,0xFFFF,0x0000,0x049C,0x0492,0xFFFF,0x0938,0xFFFF,0xFFFF,0x0258,0x0257,0xFFFF,0x0000,0x0001,0xFFFF,0x0000,0x0000,0x0000,0x0000,0x0000,0x0000,0x0000,0x0000,0x0000,0x0000,0x0000,0xFFFF,0x0000,0x0000,0x051E,0x0000,0x056E,0x0000,0x0046,0xFFFF,0xFFFF,0xFFFF,0xFFFF,0xFFFF,0xFFFF,0xFFFF,0x014A,0xFFFF,0xFFFF,0xFFFF,0x0083,0x0AF8,0x0118,0x0002,0x005C,0x001F,0xFFFF,0xFFFF,0x1100,0x1111,0xFF11,0x1111,0xF0F0,0x111F,0x0100,0x0011,0x1001,0x1111,0x0000,0x0F01,0x1F11,0x11FE,0x0011,0x6100,0x1900,0xFF10,0x081F,0x07EA,0x18FF,0x4113,0x9EEC
2026-08-31T17:58:00,0x8003,0x0384,0x037A,0xFFFF,0x0707,0xFFFF,0xFFFF,0x01D0,0x01D0,0xFFFF,0x0000,0x0000,0xFFFF,0x0000,0x049C,0x0492,0xFFFF,0x0938,0xFFFF,0xFFFF,0x0258,0x0258,0xFFFF,0x0000,0x0001,0xFFFF,0x0000,0x0000,0x0000,0x0000,0x0000,0x0000,0x0000,0x0000,0x0000,0x0000,0x0000,0xFFFF,0x0000,0x0000,0x051E,0x0000,0x056E,0x0000,0x0046,0xFFFF,0xFFFF,0xFFFF,0xFFFF,0xFFFF,0xFFFF,0xFFFF,0x014A,0xFFFF,0xFFFF,0xFFFF,0x0083,0x0AE0,0x0118,0x0002,0x005C,0x001F,0xFFFF,0xFFFF,0x1100,0x1111,0xFF11,0x1111,0xF0F0,0x111F,0x0100,0x0011,0x1001,0x1111,0x0000,0x0F01,0x1F11,0x11FE,0x0011,0x6100,0x1900,0xFF10,0x081F,0x07EA,0x18FF,0x4113,0x9EEC
2026-08-31T17:58:02,0x8003,0x0384,0x037A,0xFFFF,0x0709,0xFFFF,0xFFFF,0x01CF,0x01D0,0xFFFF,0x0000,0x0000,0xFFFF,0x0000,0x049C,0x0492,0xFFFF,0x0938,0xFFFF,0xFFFF,0x0258,0x0258,0xFFFF,0x0000,0x0001,0xFFFF,0x0000,0x0000,0x0000,0x0000,0x0000,0x0000,0x0000,0x0000,0x0000,0x0000,0x0000,0xFFFF,0x0000,0x0000,0x051E,0x0000,0x056E,0x0000,0x0046,0xFFFF,0xFFFF,0xFFFF,0xFFFF,0xFFFF,0xFFFF,0xFFFF,0x014A,0xFFFF,0xFFFF,0xFFFF,0x0083,0x0ADA,0x0118,0x0002,0x005C,0x001F,0xFFFF,0xFFFF,0x1100,0x1111,0xFF11,0x1111,0xF0F0,0x111F,0x0100,0x0011,0x1001,0x1111,0x0000,0x0F01,0x1F11,0x11FE,0x0011,0x6100,0x1900,0xFF10,0x081F,0x07EA,0x18FF,0x4113,0x9EEC
2026-08-31T17:58:03,0x8003,0x0384,0x037A,0xFFFF,0x0706,0xFFFF,0xFFFF,0x01D3,0x01D4,0xFFFF,0x0000,0x0000,0xFFFF,0x0000,0x049C,0x0492,0xFFFF,0x0938,0xFFFF,0xFFFF,0x0257,0x0258,0xFFFF,0x0000,0x0001,0xFFFF,0x0000,0x0000,0x0000,0x0000,0x0000,0x0000,0x0000,0x0000,0x0000,0x0000,0x0000,0xFFFF,0x0000,0x0000,0x051E,0x0000,0x056E,0x0000,0x0046,0xFFFF,0xFFFF,0xFFFF,0xFFFF,0xFFFF,0xFFFF,0xFFFF,0x014A,0xFFFF,0xFFFF,0xFFFF,0x0083,0x0AF2,0x0118,0x0002,0x005C,0x001F,0xFFFF,0xFFFF,0x1100,0x1111,0xFF11,0x1111,0xF0F0,0x111F,0x0100,0x0011,0x1001,0x1111,0x0000,0x0F01,0x1F11,0x11FE,0x0011,0x6100,0x1900,0xFF10,0x081F,0x07EA,0x18FF,0x4113,0x9EEC
2026-08-31T17:58:04,0x8003,0x0384,0x037A,0xFFFF,0x0706,0xFFFF,0xFFFF,0x01D1,0x01D1,0xFFFF,0x0000,0x0000,0xFFFF,0x0000,0x049C,0x0492,0xFFFF,0x0938,0xFFFF,0xFFFF,0x0258,0x0258,0xFFFF,0x0000,0x0001,0xFFFF,0x0000,0x0000,0x0000,0x0000,0x0000,0x0000,0x0000,0x0000,0x0000,0x0000,0x0000,0xFFFF,0x0000,0x0000,0x051E,0x0000,0x056E,0x0000,0x0046,0xFFFF,0xFFFF,0xFFFF,0xFFFF,0xFFFF,0xFFFF,0xFFFF,0x014A,0xFFFF,0xFFFF,0xFFFF,0x0083,0x0AE6,0x0118,0x0002,0x005C,0x001F,0xFFFF,0xFFFF,0x1100,0x1111,0xFF11,0x1111,0xF0F0,0x111F,0x0100,0x0011,0x1001,0x1111,0x0000,0x0F01,0x1F11,0x11FE,0x0011,0x6100,0x1900,0xFF10,0x081F,0x07EA,0x18FF,0x4113,0x9EEC
2026-08-31T17:58:05,0x8003,0x0384,0x037A,0xFFFF,0x070B,0xFFFF,0xFFFF,0x01D1,0x01D2,0xFFFF,0x0000,0x0000,0xFFFF,0x0000,0x049C,0x049C,0xFFFF,0x0938,0xFFFF,0xFFFF,0x0258,0x0258,0xFFFF,0x0000,0x0001,0xFFFF,0x0000,0x0000,0x0000,0x0000,0x0000,0x0000,0x0000,0x0000,0x0000,0x0000,0x0000,0xFFFF,0x0000,0x0000,0x051E,0x0000,0x056E,0x0000,0x0046,0xFFFF,0xFFFF,0xFFFF,0xFFFF,0xFFFF,0xFFFF,0xFFFF,0x014A,0xFFFF,0xFFFF,0xFFFF,0x0083,0x0AE6,0x0118,0x0002,0x005C,0x001F,0xFFFF,0xFFFF,0x1100,0x1111,0xFF11,0x1111,0xF0F0,0x111F,0x0100,0x0011,0x1001,0x1111,0x0000,0x0F01,0x1F11,0x11FE,0x0011,0x6100,0x1900,0xFF10,0x081F,0x07EA,0x18FF,0x4113,0x9EEC
2026-08-31T17:58:07,0x8003,0x0384,0x037A,0xFFFF,0x0706,0xFFFF,0xFFFF,0x01D2,0x01D2,0xFFFF,0x0000,0x0000,0xFFFF,0x0000,0x049C,0x0492,0xFFFF,0x0938,0xFFFF,0xFFFF,0x0258,0x0258,0xFFFF,0x0000,0x0001,0xFFFF,0x0000,0x0000,0x0000,0x0000,0x0000,0x0000,0x0000,0x0000,0x0000,0x0000,0x0000,0xFFFF,0x0000,0x0000,0x051E,0x0000,0x056E,0x0000,0x0046,0xFFFF,0xFFFF,0xFFFF,0xFFFF,0xFFFF,0xFFFF,0xFFFF,0x014A,0xFFFF,0xFFFF,0xFFFF,0x0083,0x0AEC,0x0118,0x0002,0x005C,0x001F,0xFFFF,0xFFFF,0x1100,0x1111,0xFF11,0x1111,0xF0F0,0x111F,0x0100,0x0011,0x1001,0x1111,0x0000,0x0F01,0x1F11,0x11FE,0x0011,0x6100,0x1900,0xFF10,0x081F,0x07EA,0x18FF,0x4113,0x9EEC
2026-08-31T17:58:08,0x8003,0x0384,0x037A,0xFFFF,0x0709,0xFFFF,0xFFFF,0x01D5,0x01D3,0xFFFF,0x0000,0x0000,0xFFFF,0x0000,0x049C,0x0492,0xFFFF,0x0938,0xFFFF,0xFFFF,0x0257,0x0257,0xFFFF,0x0000,0x0001,0xFFFF,0x0000,0x0000,0x0000,0x0000,0x0000,0x0000,0x0000,0x0000,0x0000,0x0000,0x0000,0xFFFF,0x0000,0x0000,0x051E,0x0000,0x056E,0x0000,0x0046,0xFFFF,0xFFFF,0xFFFF,0xFFFF,0xFFFF,0xFFFF,0xFFFF,0x014A,0xFFFF,0xFFFF,0xFFFF,0x0083,0x0AFE,0x0118,0x0002,0x005C,0x001F,0xFFFF,0xFFFF,0x1100,0x1111,0xFF11,0x1111,0xF0F0,0x111F,0x0100,0x0011,0x1001,0x1111,0x0000,0x0F01,0x1F11,0x11FE,0x0011,0x6100,0x1900,0xFF10,0x081F,0x07EA,0x18FF,0x4113,0x9EEC
2026-08-31T17:58:09,0x8003,0x0384,0x037A,0xFFFF,0x070D,0xFFFF,0xFFFF,0x01D0,0x01D1,0xFFFF,0x0000,0x0000,0xFFFF,0x0000,0x049C,0x049C,0xFFFF,0x0938,0xFFFF,0xFFFF,0x0258,0x0258,0xFFFF,0x0000,0x0001,0xFFFF,0x0000,0x0000,0x0000,0x0000,0x0000,0x0000,0x0000,0x0000,0x0000,0x0000,0x0000,0xFFFF,0x0000,0x0000,0x051E,0x0000,0x056E,0x0000,0x0046,0xFFFF,0xFFFF,0xFFFF,0xFFFF,0xFFFF,0xFFFF,0xFFFF,0x014A,0xFFFF,0xFFFF,0xFFFF,0x0083,0x0AE0,0x0118,0x0002,0x005C,0x001F,0xFFFF,0xFFFF,0x1100,0x1111,0xFF11,0x1111,0xF0F0,0x111F,0x0100,0x0011,0x1001,0x1111,0x0000,0x0F01,0x1F11,0x11FE,0x0011,0x6100,0x1900,0xFF10,0x081F,0x07EA,0x18FF,0x4113,0x9EEC
2026-08-31T17:58:10,0x8003,0x0384,0x037A,0xFFFF,0x0709,0xFFFF,0xFFFF,0x01D2,0x01D2,0xFFFF,0x0000,0x0000,0xFFFF,0x0000,0x049C,0x049C,0xFFFF,0x0938,0xFFFF,0xFFFF,0x0258,0x0258,0xFFFF,0x0000,0x0001,0xFFFF,0x0000,0x0000,0x0000,0x0000,0x0000,0x0000,0x0000,0x0000,0x0000,0x0000,0x0000,0xFFFF,0x0000,0x0000,0x051E,0x0000,0x056E,0x0000,0x0046,0xFFFF,0xFFFF,0xFFFF,0xFFFF,0xFFFF,0xFFFF,0xFFFF,0x014A,0xFFFF,0xFFFF,0xFFFF,0x0083,0x0AEC,0x0118,0x0002,0x005C,0x001F,0xFFFF,0xFFFF,0x1100,0x1111,0xFF11,0x1111,0xF0F0,0x111F,0x0100,0x0011,0x1001,0x1111,0x0000,0x0F01,0x1F11,0x11FE,0x0011,0x6100,0x1900,0xFF10,0x081F,0x07EA,0x18FF,0x4113,0x9EEC
2026-08-31T17:58:11,0x8003,0x0384,0x037A,0xFFFF,0x0709,0xFFFF,0xFFFF,0x01D4,0x01D5,0xFFFF,0x0000,0x0000,0xFFFF,0x0000,0x049C,0x0492,0xFFFF,0x0938,0xFFFF,0xFFFF,0x0258,0x0258,0xFFFF,0x0000,0x0001,0xFFFF,0x0000,0x0000,0x0000,0x0000,0x0000,0x0000,0x0000,0x0000,0x0000,0x0000,0x0000,0xFFFF,0x0000,0x0000,0x051E,0x0000,0x056E,0x0000,0x0046,0xFFFF,0xFFFF,0xFFFF,0xFFFF,0xFFFF,0xFFFF,0xFFFF,0x014A,0xFFFF,0xFFFF,0xFFFF,0x0083,0x0AF8,0x0118,0x0002,0x005C,0x001F,0xFFFF,0xFFFF,0x1100,0x1111,0xFF11,0x1111,0xF0F0,0x111F,0x0100,0x0011,0x1001,0x1111,0x0000,0x0F01,0x1F11,0x11FE,0x0011,0x6100,0x1900,0xFF10,0x081F,0x07EA,0x18FF,0x4113,0x9EEC
2026-08-31T17:58:13,0x8003,0x0384,0x037A,0xFFFF,0x0708,0xFFFF,0xFFFF,0x01D2,0x01D1,0xFFFF,0x0000,0x0000,0xFFFF,0x0000,0x0492,0x0492,0xFFFF,0x092E,0xFFFF,0xFFFF,0x0257,0x0258,0xFFFF,0x0000,0x0001,0xFFFF,0x0000,0x0000,0x0000,0x0000,0x0000,0x0000,0x0000,0x0000,0x0000,0x0000,0x0000,0xFFFF,0x0000,0x0000,0x051E,0x0000,0x056E,0x0000,0x0046,0xFFFF,0xFFFF,0xFFFF,0xFFFF,0xFFFF,0xFFFF,0xFFFF,0x014A,0xFFFF,0xFFFF,0xFFFF,0x0083,0x0AEC,0x0118,0x0002,0x005C,0x001F,0xFFFF,0xFFFF,0x1100,0x1111,0xFF11,0x1111,0xF0F0,0x111F,0x0100,0x0011,0x1001,0x1111,0x0000,0x0F01,0x1F11,0x11FE,0x0011,0x6100,0x1900,0xFF10,0x081F,0x07EA,0x18FF,0x4113,0x9EEC
2026-08-31T17:58:14,0x8003,0x0384,0x037A,0xFFFF,0x0700,0xFFFF,0xFFFF,0x01D1,0x01CF,0xFFFF,0x0000,0x0000,0xFFFF,0x0000,0x049C,0x0492,0xFFFF,0x0938,0xFFFF,0xFFFF,0x0258,0x0258,0xFFFF,0x0000,0x0001,0xFFFF,0x0000,0x0000,0x0000,0x0000,0x0000,0x0000,0x0000,0x0000,0x0000,0x0000,0x0000,0xFFFF,0x0000,0x0000,0x051E,0x0000,0x056E,0x0000,0x0046,0xFFFF,0xFFFF,0xFFFF,0xFFFF,0xFFFF,0xFFFF,0xFFFF,0x014A,0xFFFF,0xFFFF,0xFFFF,0x0083,0x0AE6,0x0118,0x0002,0x005C,0x001F,0xFFFF,0xFFFF,0x1100,0x1111,0xFF11,0x1111,0xF0F0,0x111F,0x0100,0x0011,0x1001,0x1111,0x0000,0x0F01,0x1F11,0x11FE,0x0011,0x6100,0x1900,0xFF10,0x081F,0x07EA,0x18FF,0x4113,0x9EEC
2026-08-31T17:58:15,0x8003,0x0384,0x037A,0xFFFF,0x070D,0xFFFF,0xFFFF,0x01D3,0x01D3,0xFFFF,0x0000,0x0000,0xFFFF,0x0000,0x049C,0x049C,0xFFFF,0x0938,0xFFFF,0xFFFF,0x0258,0x0257,0xFFFF,0x0000,0x0001,0xFFFF,0x0000,0x0000,0x0000,0x0000,0x0000,0x0000,0x0000,0x0000,0x0000,0x0000,0x0000,0xFFFF,0x0000,0x0000,0x051E,0x0000,0x056E,0x0000,0x0046,0xFFFF,0xFFFF,0xFFFF,0xFFFF,0xFFFF,0xFFFF,0xFFFF,0x014A,0xFFFF,0xFFFF,0xFFFF,0x0084,0x0AF2,0x0118,0x0002,0x005C,0x001F,0xFFFF,0xFFFF,0x1100,0x1111,0xFF11,0x1111,0xF0F0,0x111F,0x0100,0x0011,0x1001,0x1111,0x0000,0x0F01,0x1F11,0x11FE,0x0011,0x6100,0x1900,0xFF10,0x081F,0x07EA,0x18FF,0x4113,0x9EEC
2026-08-31T17:58:16,0x8003,0x0384,0x037A,0xFFFF,0x0701,0xFFFF,0xFFFF,0x01D1,0x01D0,0xFFFF,0x0000,0x0000,0xFFFF,0x0000,0x049C,0x049C,0xFFFF,0x0938,0xFFFF,0xFFFF,0x0258,0x0258,0xFFFF,0x0000,0x0001,0xFFFF,0x0000,0x0000,0x0000,0x0000,0x0000,0x0000,0x0000,0x0000,0x0000,0x0000,0x0000,0xFFFF,0x0000,0x0000,0x051E,0x0000,0x056E,0x0000,0x0046,0xFFFF,0xFFFF,0xFFFF,0xFFFF,0xFFFF,0xFFFF,0xFFFF,0x014A,0xFFFF,0xFFFF,0xFFFF,0x0083,0x0AE6,0x0118,0x0002,0x005C,0x001F,0xFFFF,0xFFFF,0x1100,0x1111,0xFF11,0x1111,0xF0F0,0x111F,0x0100,0x0011,0x1001,0x1111,0x0000,0x0F01,0x1F11,0x11FE,0x0011,0x6100,0x1900,0xFF10,0x081F,0x07EA,0x18FF,0x4113,0x9EEC
2026-08-31T17:58:18,0x8003,0x0384,0x037A,0xFFFF,0x0701,0xFFFF,0xFFFF,0x01D0,0x01D0,0xFFFF,0x0000,0x0000,0xFFFF,0x0000,0x049C,0x049C,0xFFFF,0x0938,0xFFFF,0xFFFF,0x0258,0x0258,0xFFFF,0x0000,0x0001,0xFFFF,0x0000,0x0000,0x0000,0x0000,0x0000,0x0000,0x0000,0x0000,0x0000,0x0000,0x0000,0xFFFF,0x0000,0x0000,0x051E,0x0000,0x056E,0x0000,0x0046,0xFFFF,0xFFFF,0xFFFF,0xFFFF,0xFFFF,0xFFFF,0xFFFF,0x014A,0xFFFF,0xFFFF,0xFFFF,0x0084,0x0AE0,0x0118,0x0002,0x005C,0x001F,0xFFFF,0xFFFF,0x1100,0x1111,0xFF11,0x1111,0xF0F0,0x111F,0x0100,0x0011,0x1001,0x1111,0x0000,0x0F01,0x1F11,0x11FE,0x0011,0x6100,0x1900,0xFF10,0x081F,0x07EA,0x18FF,0x4113,0x9EEC
2026-08-31T17:58:19,0x8003,0x0384,0x037A,0xFFFF,0x0704,0xFFFF,0xFFFF,0x01D2,0x01D3,0xFFFF,0x0000,0x0000,0xFFFF,0x0000,0x049C,0x049C,0xFFFF,0x0938,0xFFFF,0xFFFF,0x0258,0x0258,0xFFFF,0x0000,0x0001,0xFFFF,0x0000,0x0000,0x0000,0x0000,0x0000,0x0000,0x0000,0x0000,0x0000,0x0000,0x0000,0xFFFF,0x0000,0x0000,0x051E,0x0000,0x056E,0x0000,0x0046,0xFFFF,0xFFFF,0xFFFF,0xFFFF,0xFFFF,0xFFFF,0xFFFF,0x014A,0xFFFF,0xFFFF,0xFFFF,0x0084,0x0AEC,0x0118,0x0002,0x005C,0x001F,0xFFFF,0xFFFF,0x1100,0x1111,0xFF11,0x1111,0xF0F0,0x111F,0x0100,0x0011,0x1001,0x1111,0x0000,0x0F01,0x1F11,0x11FE,0x0011,0x6100,0x1900,0xFF10,0x081F,0x07EA,0x18FF,0x4113,0x9EEC
2026-08-31T17:58:20,0x8003,0x0384,0x037A,0xFFFF,0x0707,0xFFFF,0xFFFF,0x01D4,0x01D4,0xFFFF,0x0000,0x0000,0xFFFF,0x0000,0x049C,0x049C,0xFFFF,0x0938,0xFFFF,0xFFFF,0x0258,0x0258,0xFFFF,0x0000,0x0001,0xFFFF,0x0000,0x0000,0x0000,0x0000,0x0000,0x0000,0x0000,0x0000,0x0000,0x0000,0x0000,0xFFFF,0x0000,0x0000,0x051E,0x0000,0x056E,0x0000,0x0046,0xFFFF,0xFFFF,0xFFFF,0xFFFF,0xFFFF,0xFFFF,0xFFFF,0x014A,0xFFFF,0xFFFF,0xFFFF,0x0084,0x0AF8,0x0118,0x0002,0x005C,0x001F,0xFFFF,0xFFFF,0x1100,0x1111,0xFF11,0x1111,0xF0F0,0x111F,0x0100,0x0011,0x1001,0x1111,0x0000,0x0F01,0x1F11,0x11FE,0x0011,0x6100,0x1900,0xFF10,0x081F,0x07EA,0x18FF,0x4113,0x9EEC
2026-08-31T17:58:21,0x8003,0x0384,0x037A,0xFFFF,0x0706,0xFFFF,0xFFFF,0x01D3,0x01D2,0xFFFF,0x0000,0x0000,0xFFFF,0x0000,0x049C,0x0492,0xFFFF,0x0938,0xFFFF,0xFFFF,0x0258,0x0258,0xFFFF,0x0000,0x0001,0xFFFF,0x0000,0x0000,0x0000,0x0000,0x0000,0x0000,0x0000,0x0000,0x0000,0x0000,0x0000,0xFFFF,0x0000,0x0000,0x051E,0x0000,0x056E,0x0000,0x0046,0xFFFF,0xFFFF,0xFFFF,0xFFFF,0xFFFF,0xFFFF,0xFFFF,0x014A,0xFFFF,0xFFFF,0xFFFF,0x0084,0x0AF2,0x0118,0x0002,0x005C,0x001F,0xFFFF,0xFFFF,0x1100,0x1111,0xFF11,0x1111,0xF0F0,0x111F,0x0100,0x0011,0x1001,0x1111,0x0000,0x0F01,0x1F11,0x11FE,0x0011,0x6100,0x1900,0xFF10,0x081F,0x07EA,0x18FF,0x4113,0x9EEC
2026-08-31T17:58:23,0x8003,0x0384,0x037A,0xFFFF,0x070C,0xFFFF,0xFFFF,0x01D3,0x01D3,0xFFFF,0x0000,0x0000,0xFFFF,0x0000,0x049C,0x0492,0xFFFF,0x0938,0xFFFF,0xFFFF,0x0258,0x0258,0xFFFF,0x0000,0x0001,0xFFFF,0x0000,0x0000,0x0000,0x0000,0x0000,0x0000,0x0000,0x0000,0x0000,0x0000,0x0000,0xFFFF,0x0000,0x0000,0x051E,0x0000,0x056E,0x0000,0x0046,0xFFFF,0xFFFF,0xFFFF,0xFFFF,0xFFFF,0xFFFF,0xFFFF,0x014A,0xFFFF,0xFFFF,0xFFFF,0x0084,0x0AF2,0x0118,0x0002,0x005C,0x001F,0xFFFF,0xFFFF,0x1100,0x1111,0xFF11,0x1111,0xF0F0,0x111F,0x0100,0x0011,0x1001,0x1111,0x0000,0x0F01,0x1F11,0x11FE,0x0011,0x6100,0x1900,0xFF10,0x081F,0x07EA,0x18FF,0x4113,0x9EEC
2026-08-31T17:58:24,0x8003,0x0384,0x037A,0xFFFF,0x0702,0xFFFF,0xFFFF,0x01D4,0x01D3,0xFFFF,0x0000,0x0000,0xFFFF,0x0000,0x049C,0x0492,0xFFFF,0x0938,0xFFFF,0xFFFF,0x0258,0x0258,0xFFFF,0x0000,0x0001,0xFFFF,0x0000,0x0000,0x0000,0x0000,0x0000,0x0000,0x0000,0x0000,0x0000,0x0000,0x0000,0xFFFF,0x0000,0x0000,0x051E,0x0000,0x056E,0x0000,0x0046,0xFFFF,0xFFFF,0xFFFF,0xFFFF,0xFFFF,0xFFFF,0xFFFF,0x014A,0xFFFF,0xFFFF,0xFFFF,0x0084,0x0AF8,0x0118,0x0002,0x005C,0x001F,0xFFFF,0xFFFF,0x1100,0x1111,0xFF11,0x1111,0xF0F0,0x111F,0x0100,0x0011,0x1001,0x1111,0x0000,0x0F01,0x1F11,0x11FE,0x0011,0x6100,0x1900,0xFF10,0x081F,0x07EA,0x18FF,0x4113,0x9EEC
2026-08-31T17:58:25,0x8003,0x0384,0x037A,0xFFFF,0x0707,0xFFFF,0xFFFF,0x01D3,0x01D2,0xFFFF,0x0000,0x0000,0xFFFF,0x0000,0x049C,0x0492,0xFFFF,0x0938,0xFFFF,0xFFFF,0x0258,0x0258,0xFFFF,0x0000,0x0001,0xFFFF,0x0000,0x0000,0x0000,0x0000,0x0000,0x0000,0x0000,0x0000,0x0000,0x0000,0x0000,0xFFFF,0x0000,0x0000,0x051E,0x0000,0x056E,0x0000,0x0046,0xFFFF,0xFFFF,0xFFFF,0xFFFF,0xFFFF,0xFFFF,0xFFFF,0x014A,0xFFFF,0xFFFF,0xFFFF,0x0084,0x0AF2,0x0118,0x0002,0x005C,0x001F,0xFFFF,0xFFFF,0x1100,0x1111,0xFF11,0x1111,0xF0F0,0x111F,0x0100,0x0011,0x1001,0x1111,0x0000,0x0F01,0x1F11,0x11FE,0x0011,0x6100,0x1900,0xFF10,0x081F,0x07EA,0x18FF,0x4113,0x9EEC
2026-08-31T17:58:26,0x8003,0x0384,0x037A,0xFFFF,0x0704,0xFFFF,0xFFFF,0x01D4,0x01D4,0xFFFF,0x0000,0x0000,0xFFFF,0x0000,0x049C,0x049C,0xFFFF,0x0938,0xFFFF,0xFFFF,0x0258,0x0258,0xFFFF,0x0000,0x0001,0xFFFF,0x0000,0x0000,0x0000,0x0000,0x0000,0x0000,0x0000,0x0000,0x0000,0x0000,0x0000,0xFFFF,0x0000,0x0000,0x051E,0x0000,0x056E,0x0000,0x0046,0xFFFF,0xFFFF,0xFFFF,0xFFFF,0xFFFF,0xFFFF,0xFFFF,0x014A,0xFFFF,0xFFFF,0xFFFF,0x0084,0x0AF8,0x0118,0x0002,0x005C,0x001F,0xFFFF,0xFFFF,0x1100,0x1111,0xFF11,0x1111,0xF0F0,0x111F,0x0100,0x0011,0x1001,0x1111,0x0000,0x0F01,0x1F11,0x11FE,0x0011,0x6100,0x1900,0xFF10,0x081F,0x07EA,0x18FF,0x4113,0x9EEC
2026-08-31T17:58:27,0x8003,0x0384,0x037A,0xFFFF,0x0706,0xFFFF,0xFFFF,0x01D4,0x01D3,0xFFFF,0x0000,0x0000,0xFFFF,0x0000,0x049C,0x049C,0xFFFF,0x0938,0xFFFF,0xFFFF,0x0258,0x0258,0xFFFF,0x0000,0x0001,0xFFFF,0x0000,0x0000,0x0000,0x0000,0x0000,0x0000,0x0000,0x0000,0x0000,0x0000,0x0000,0xFFFF,0x0000,0x0000,0x051E,0x0000,0x056E,0x0000,0x0046,0xFFFF,0xFFFF,0xFFFF,0xFFFF,0xFFFF,0xFFFF,0xFFFF,0x014A,0xFFFF,0xFFFF,0xFFFF,0x0083,0x0AF8,0x0118,0x0002,0x005C,0x001F,0xFFFF,0xFFFF,0x1100,0x1111,0xFF11,0x1111,0xF0F0,0x111F,0x0100,0x0011,0x1001,0x1111,0x0000,0x0F01,0x1F11,0x11FE,0x0011,0x6100,0x1900,0xFF10,0x081F,0x07EA,0x18FF,0x4113,0x9EEC
2026-08-31T17:58:29,0x8003,0x0384,0x037A,0xFFFF,0x0706,0xFFFF,0xFFFF,0x01D2,0x01D2,0xFFFF,0x0000,0x0000,0xFFFF,0x0000,0x049C,0x0492,0xFFFF,0x0938,0xFFFF,0xFFFF,0x0258,0x0258,0xFFFF,0x0000,0x0001,0xFFFF,0x0000,0x0000,0x0000,0x0000,0x0000,0x0000,0x0000,0x0000,0x0000,0x0000,0x0000,0xFFFF,0x0000,0x0000,0x051E,0x0000,0x056E,0x0000,0x0046,0xFFFF,0xFFFF,0xFFFF,0xFFFF,0xFFFF,0xFFFF,0xFFFF,0x014A,0xFFFF,0xFFFF,0xFFFF,0x0084,0x0AEC,0x0118,0x0002,0x005C,0x001F,0xFFFF,0xFFFF,0x1100,0x1111,0xFF11,0x1111,0xF0F0,0x111F,0x0100,0x0011,0x1001,0x1111,0x0000,0x0F01,0x1F11,0x11FE,0x0011,0x6100,0x1900,0xFF10,0x081F,0x07EA,0x18FF,0x4113,0x9EEC
2026-08-31T17:58:30,0x8003,0x0384,0x037A,0xFFFF,0x0712,0xFFFF,0xFFFF,0x01D2,0x01D2,0xFFFF,0x0000,0x0000,0xFFFF,0x0000,0x0492,0x0492,0xFFFF,0x092E,0xFFFF,0xFFFF,0x0258,0x0258,0xFFFF,0x0000,0x0001,0xFFFF,0x0000,0x0000,0x0000,0x0000,0x0000,0x0000,0x0000,0x0000,0x0000,0x0000,0x0000,0xFFFF,0x0000,0x0000,0x051E,0x0000,0x056E,0x0000,0x0046,0xFFFF,0xFFFF,0xFFFF,0xFFFF,0xFFFF,0xFFFF,0xFFFF,0x014A,0xFFFF,0xFFFF,0xFFFF,0x0084,0x0AEC,0x0118,0x0002,0x005C,0x001F,0xFFFF,0xFFFF,0x1100,0x1111,0xFF11,0x1111,0xF0F0,0x111F,0x0100,0x0011,0x1001,0x1111,0x0000,0x0F01,0x1F11,0x11FE,0x0011,0x6100,0x1900,0xFF10,0x081F,0x07EA,0x18FF,0x4113,0x9EEC
2026-08-31T17:58:31,0x8003,0x0384,0x037A,0xFFFF,0x0705,0xFFFF,0xFFFF,0x01D1,0x01D1,0xFFFF,0x0000,0x0000,0xFFFF,0x0000,0x0492,0x0492,0xFFFF,0x092E,0xFFFF,0xFFFF,0x0258,0x0258,0xFFFF,0x0000,0x0001,0xFFFF,0x0000,0x0000,0x0000,0x0000,0x0000,0x0000,0x0000,0x0000,0x0000,0x0000,0x0000,0xFFFF,0x0000,0x0000,0x051E,0x0000,0x056E,0x0000,0x0046,0xFFFF,0xFFFF,0xFFFF,0xFFFF,0xFFFF,0xFFFF,0xFFFF,0x014A,0xFFFF,0xFFFF,0xFFFF,0x0084,0x0AE6,0x0118,0x0002,0x005C,0x001F,0xFFFF,0xFFFF,0x1100,0x1111,0xFF11,0x1111,0xF0F0,0x111F,0x0100,0x0011,0x1001,0x1111,0x0000,0x0F01,0x1F11,0x11FE,0x0011,0x6100,0x1900,0xFF10,0x081F,0x07EA,0x18FF,0x4113,0x9EEC
2026-08-31T17:58:32,0x8003,0x0384,0x037A,0xFFFF,0x070A,0xFFFF,0xFFFF,0x01D3,0x01D4,0xFFFF,0x0000,0x0000,0xFFFF,0x0000,0x0492,0x0492,0xFFFF,0x092E,0xFFFF,0xFFFF,0x0257,0x0257,0xFFFF,0x0000,0x0001,0xFFFF,0x0000,0x0000,0x0000,0x0000,0x0000,0x0000,0x0000,0x0000,0x0000,0x0000,0x0000,0xFFFF,0x0000,0x0000,0x051E,0x0000,0x056E,0x0000,0x0046,0xFFFF,0xFFFF,0xFFFF,0xFFFF,0xFFFF,0xFFFF,0xFFFF,0x014A,0xFFFF,0xFFFF,0xFFFF,0x0083,0x0AF2,0x0118,0x0002,0x005C,0x001F,0xFFFF,0xFFFF,0x1100,0x1111,0xFF11,0x1111,0xF0F0,0x111F,0x0100,0x0011,0x1001,0x1111,0x0000,0x0F01,0x1F11,0x11FE,0x0011,0x6100,0x1900,0xFF10,0x081F,0x07EA,0x18FF,0x4113,0x9EEC
2026-08-31T17:58:34,0x8003,0x0384,0x037A,0xFFFF,0x0708,0xFFFF,0xFFFF,0x01D4,0x01D3,0xFFFF,0x0000,0x0000,0xFFFF,0x0000,0x0492,0x0492,0xFFFF,0x092E,0xFFFF,0xFFFF,0x0258,0x0257,0xFFFF,0x0000,0x0001,0xFFFF,0x0000,0x0000,0x0000,0x0000,0x0000,0x0000,0x0000,0x0000,0x0000,0x0000,0x0000,0xFFFF,0x0000,0x0000,0x051E,0x0000,0x056E,0x0000,0x0046,0xFFFF,0xFFFF,0xFFFF,0xFFFF,0xFFFF,0xFFFF,0xFFFF,0x014A,0xFFFF,0xFFFF,0xFFFF,0x0084,0x0AF8,0x0118,0x0002,0x005C,0x001F,0xFFFF,0xFFFF,0x1100,0x1111,0xFF11,0x1111,0xF0F0,0x111F,0x0100,0x0011,0x1001,0x1111,0x0000,0x0F01,0x1F11,0x11FE,0x0011,0x6100,0x1900,0xFF10,0x081F,0x07EA,0x18FF,0x4113,0x9EEC
2026-08-31T17:58:35,0x8003,0x0384,0x037A,0xFFFF,0x0708,0xFFFF,0xFFFF,0x01D3,0x01D3,0xFFFF,0x0000,0x0000,0xFFFF,0x0000,0x0492,0x0492,0xFFFF,0x092E,0xFFFF,0xFFFF,0x0258,0x0258,0xFFFF,0x0000,0x0001,0xFFFF,0x0000,0x0000,0x0000,0x0000,0x0000,0x0000,0x0000,0x0000,0x0000,0x0000,0x0000,0xFFFF,0x0000,0x0000,0x051E,0x0000,0x056E,0x0000,0x0046,0xFFFF,0xFFFF,0xFFFF,0xFFFF,0xFFFF,0xFFFF,0xFFFF,0x014A,0xFFFF,0xFFFF,0xFFFF,0x0084,0x0AF2,0x0118,0x0002,0x005C,0x001F,0xFFFF,0xFFFF,0x1100,0x1111,0xFF11,0x1111,0xF0F0,0x111F,0x0100,0x0011,0x1001,0x1111,0x0000,0x0F01,0x1F11,0x11FE,0x0011,0x6100,0x1900,0xFF10,0x081F,0x07EA,0x18FF,0x4113,0x9EEC
2026-08-31T17:58:36,0x8003,0x0384,0x037A,0xFFFF,0x0708,0xFFFF,0xFFFF,0x01D4,0x01D3,0xFFFF,0x0000,0x0000,0xFFFF,0x0000,0x0492,0x0492,0xFFFF,0x092E,0xFFFF,0xFFFF,0x0258,0x0258,0xFFFF,0x0000,0x0001,0xFFFF,0x0000,0x0000,0x0000,0x0000,0x0000,0x0000,0x0000,0x0000,0x0000,0x0000,0x0000,0xFFFF,0x0000,0x0000,0x051E,0x0000,0x056E,0x0000,0x0046,0xFFFF,0xFFFF,0xFFFF,0xFFFF,0xFFFF,0xFFFF,0xFFFF,0x014A,0xFFFF,0xFFFF,0xFFFF,0x0084,0x0AF8,0x0118,0x0002,0x005C,0x001F,0xFFFF,0xFFFF,0x1100,0x1111,0xFF11,0x1111,0xF0F0,0x111F,0x0100,0x0011,0x1001,0x1111,0x0000,0x0F01,0x1F11,0x11FE,0x0011,0x6100,0x1900,0xFF10,0x081F,0x07EA,0x18FF,0x4113,0x9EEC
2026-08-31T17:58:37,0x8003,0x0384,0x037A,0xFFFF,0x0705,0xFFFF,0xFFFF,0x01D5,0x01D4,0xFFFF,0x0000,0x0000,0xFFFF,0x0000,0x0492,0x0492,0xFFFF,0x092E,0xFFFF,0xFFFF,0x0258,0x0258,0xFFFF,0x0000,0x0001,0xFFFF,0x0000,0x0000,0x0000,0x0000,0x0000,0x0000,0x0000,0x0000,0x0000,0x0000,0x0000,0xFFFF,0x0000,0x0000,0x051E,0x0000,0x056E,0x0000,0x0046,0xFFFF,0xFFFF,0xFFFF,0xFFFF,0xFFFF,0xFFFF,0xFFFF,0x014A,0xFFFF,0xFFFF,0xFFFF,0x0084,0x0AFE,0x0118,0x0002,0x005C,0x001F,0xFFFF,0xFFFF,0x1100,0x1111,0xFF11,0x1111,0xF0F0,0x111F,0x0100,0x0011,0x1001,0x1111,0x0000,0x0F01,0x1F11,0x11FE,0x0011,0x6100,0x1900,0xFF10,0x081F,0x07EA,0x18FF,0x4113,0x9EEC
2026-08-31T17:58:39,0x8003,0x0384,0x037A,0xFFFF,0x0705,0xFFFF,0xFFFF,0x01D0,0x01D1,0xFFFF,0x0000,0x0000,0xFFFF,0x0000,0x0492,0x0492,0xFFFF,0x092E,0xFFFF,0xFFFF,0x0258,0x0258,0xFFFF,0x0000,0x0001,0xFFFF,0x0000,0x0000,0x0000,0x0000,0x0000,0x0000,0x0000,0x0000,0x0000,0x0000,0x0000,0xFFFF,0x0000,0x0000,0x051E,0x0000,0x056E,0x0000,0x0046,0xFFFF,0xFFFF,0xFFFF,0xFFFF,0xFFFF,0xFFFF,0xFFFF,0x014A,0xFFFF,0xFFFF,0xFFFF,0x0084,0x0AE0,0x0118,0x0002,0x005C,0x001F,0xFFFF,0xFFFF,0x1100,0x1111,0xFF11,0x1111,0xF0F0,0x111F,0x0100,0x0011,0x1001,0x1111,0x0000,0x0F01,0x1F11,0x11FE,0x0011,0x6100,0x1900,0xFF10,0x081F,0x07EA,0x18FF,0x4113,0x9EEC
2026-08-31T17:58:40,0x8003,0x0384,0x037A,0xFFFF,0x0707,0xFFFF,0xFFFF,0x01D2,0x01D4,0xFFFF,0x0000,0x0000,0xFFFF,0x0000,0x0492,0x0492,0xFFFF,0x092E,0xFFFF,0xFFFF,0x0258,0x0258,0xFFFF,0x0000,0x0001,0xFFFF,0x0000,0x0000,0x0000,0x0000,0x0000,0x0000,0x0000,0x0000,0x0000,0x0000,0x0000,0xFFFF,0x0000,0x0000,0x051E,0x0000,0x056E,0x0000,0x0046,0xFFFF,0xFFFF,0xFFFF,0xFFFF,0xFFFF,0xFFFF,0xFFFF,0x014A,0xFFFF,0xFFFF,0xFFFF,0x0084,0x0AEC,0x0118,0x0002,0x005C,0x001F,0xFFFF,0xFFFF,0x1100,0x1111,0xFF11,0x1111,0xF0F0,0x111F,0x0100,0x0011,0x1001,0x1111,0x0000,0x0F01,0x1F11,0x11FE,0x0011,0x6100,0x1900,0xFF10,0x081F,0x07EA,0x18FF,0x4113,0x9EEC
2026-08-31T17:58:41,0x8003,0x0384,0x037A,0xFFFF,0x070C,0xFFFF,0xFFFF,0x01D3,0x01D4,0xFFFF,0x0000,0x0000,0xFFFF,0x0000,0x0492,0x0492,0xFFFF,0x092E,0xFFFF,0xFFFF,0x0257,0x0258,0xFFFF,0x0000,0x0001,0xFFFF,0x0000,0x0000,0x0000,0x0000,0x0000,0x0000,0x0000,0x0000,0x0000,0x0000,0x0000,0xFFFF,0x0000,0x0000,0x051E,0x0000,0x056E,0x0000,0x0046,0xFFFF,0xFFFF,0xFFFF,0xFFFF,0xFFFF,0xFFFF,0xFFFF,0x014A,0xFFFF,0xFFFF,0xFFFF,0x0084,0x0AF2,0x0118,0x0002,0x005C,0x001F,0xFFFF,0xFFFF,0x1100,0x1111,0xFF11,0x1111,0xF0F0,0x111F,0x0100,0x0011,0x1001,0x1111,0x0000,0x0F01,0x1F11,0x11FE,0x0011,0x6100,0x1900,0xFF10,0x081F,0x07EA,0x18FF,0x4113,0x9EEC
2026-08-31T17:58:42,0x8003,0x0384,0x037A,0xFFFF,0x0704,0xFFFF,0xFFFF,0x01D1,0x01D1,0xFFFF,0x0000,0x0000,0xFFFF,0x0000,0x049C,0x0492,0xFFFF,0x092E,0xFFFF,0xFFFF,0x0258,0x0258,0xFFFF,0x0000,0x0001,0xFFFF,0x0000,0x0000,0x0000,0x0000,0x0000,0x0000,0x0000,0x0000,0x0000,0x0000,0x0000,0xFFFF,0x0000,0x0000,0x051E,0x0000,0x056E,0x0000,0x0046,0xFFFF,0xFFFF,0xFFFF,0xFFFF,0xFFFF,0xFFFF,0xFFFF,0x014A,0xFFFF,0xFFFF,0xFFFF,0x0084,0x0AE6,0x0118,0x0002,0x005C,0x0020,0xFFFF,0xFFFF,0x1100,0x1111,0xFF11,0x1111,0xF0F0,0x111F,0x0100,0x0011,0x1001,0x1111,0x0000,0x0F01,0x1F11,0x11FE,0x0011,0x6100,0x1900,0xFF10,0x081F,0x07EA,0x18FF,0x4113,0x9EEC
2026-08-31T17:58:43,0x8003,0x0384,0x037A,0xFFFF,0x0710,0xFFFF,0xFFFF,0x01D0,0x01D0,0xFFFF,0x0000,0x0000,0xFFFF,0x0000,0x049C,0x049C,0xFFFF,0x0938,0xFFFF,0xFFFF,0x0258,0x0257,0xFFFF,0x0000,0x0001,0xFFFF,0x0000,0x0000,0x0000,0x0000,0x0000,0x0000,0x0000,0x0000,0x0000,0x0000,0x0000,0xFFFF,0x0000,0x0000,0x051E,0x0000,0x056E,0x0000,0x0046,0xFFFF,0xFFFF,0xFFFF,0xFFFF,0xFFFF,0xFFFF,0xFFFF,0x014A,0xFFFF,0xFFFF,0xFFFF,0x0084,0x0AE0,0x0118,0x0002,0x005C,0x0020,0xFFFF,0xFFFF,0x1100,0x1111,0xFF11,0x1111,0xF0F0,0x111F,0x0100,0x0011,0x1001,0x1111,0x0000,0x0F01,0x1F11,0x11FE,0x0011,0x6100,0x1900,0xFF10,0x081F,0x07EA,0x18FF,0x4113,0x9EEC
2026-08-31T17:58:45,0x8003,0x0384,0x037A,0xFFFF,0x0705,0xFFFF,0xFFFF,0x01D2,0x01D2,0xFFFF,0x0000,0x0000,0xFFFF,0x0000,0x049C,0x0492,0xFFFF,0x0938,0xFFFF,0xFFFF,0x0258,0x0258,0xFFFF,0x0000,0x0001,0xFFFF,0x0000,0x0000,0x0000,0x0000,0x0000,0x0000,0x0000,0x0000,0x0000,0x0000,0x0000,0xFFFF,0x0000,0x0000,0x051E,0x0000,0x056E,0x0000,0x0046,0xFFFF,0xFFFF,0xFFFF,0xFFFF,0xFFFF,0xFFFF,0xFFFF,0x014A,0xFFFF,0xFFFF,0xFFFF,0x0084,0x0AEC,0x0118,0x0002,0x005C,0x0020,0xFFFF,0xFFFF,0x1100,0x1111,0xFF11,0x1111,0xF0F0,0x111F,0x0100,0x0011,0x1001,0x1111,0x0000,0x0F01,0x1F11,0x11FE,0x0011,0x6100,0x1900,0xFF10,0x081F,0x07EA,0x18FF,0x4113,0x9EEC
2026-08-31T17:58:46,0x8003,0x0384,0x037A,0xFFFF,0x0708,0xFFFF,0xFFFF,0x01D2,0x01D3,0xFFFF,0x0000,0x0000,0xFFFF,0x0000,0x049C,0x0492,0xFFFF,0x0938,0xFFFF,0xFFFF,0x0257,0x0258,0xFFFF,0x0000,0x0001,0xFFFF,0x0000,0x0000,0x0000,0x0000,0x0000,0x0000,0x0000,0x0000,0x0000,0x0000,0x0000,0xFFFF,0x0000,0x0000,0x051E,0x0000,0x056E,0x0000,0x0046,0xFFFF,0xFFFF,0xFFFF,0xFFFF,0xFFFF,0xFFFF,0xFFFF,0x014A,0xFFFF,0xFFFF,0xFFFF,0x0084,0x0AEC,0x0118,0x0002,0x005C,0x0020,0xFFFF,0xFFFF,0x1100,0x1111,0xFF11,0x1111,0xF0F0,0x111F,0x0100,0x0011,0x1001,0x1111,0x0000,0x0F01,0x1F11,0x11FE,0x0011,0x6100,0x1900,0xFF10,0x081F,0x07EA,0x18FF,0x4113,0x9EEC
2026-08-31T17:58:47,0x8003,0x0384,0x037A,0xFFFF,0x070B,0xFFFF,0xFFFF,0x01D4,0x01D3,0xFFFF,0x0000,0x0000,0xFFFF,0x0000,0x049C,0x049C,0xFFFF,0x0938,0xFFFF,0xFFFF,0x0258,0x0258,0xFFFF,0x0000,0x0001,0xFFFF,0x0000,0x0000,0x0000,0x0000,0x0000,0x0000,0x0000,0x0000,0x0000,0x0000,0x0000,0xFFFF,0x0000,0x0000,0x051E,0x0000,0x056E,0x0000,0x0046,0xFFFF,0xFFFF,0xFFFF,0xFFFF,0xFFFF,0xFFFF,0xFFFF,0x014A,0xFFFF,0xFFFF,0xFFFF,0x0084,0x0AF8,0x0118,0x0002,0x005C,0x0020,0xFFFF,0xFFFF,0x1100,0x1111,0xFF11,0x1111,0xF0F0,0x111F,0x0100,0x0011,0x1001,0x1111,0x0000,0x0F01,0x1F11,0x11FE,0x0011,0x6100,0x1900,0xFF10,0x081F,0x07EA,0x18FF,0x4113,0x9EEC
2026-08-31T17:58:48,0x8003,0x0384,0x037A,0xFFFF,0x070F,0xFFFF,0xFFFF,0x01D3,0x01D4,0xFFFF,0x0000,0x0000,0xFFFF,0x0000,0x049C,0x049C,0xFFFF,0x0938,0xFFFF,0xFFFF,0x0258,0x0258,0xFFFF,0x0000,0x0001,0xFFFF,0x0000,0x0000,0x0000,0x0000,0x0000,0x0000,0x0000,0x0000,0x0000,0x0000,0x0000,0xFFFF,0x0000,0x0000,0x051E,0x0000,0x056E,0x0000,0x0046,0xFFFF,0xFFFF,0xFFFF,0xFFFF,0xFFFF,0xFFFF,0xFFFF,0x014A,0xFFFF,0xFFFF,0xFFFF,0x0084,0x0AF2,0x0118,0x0002,0x005C,0x0020,0xFFFF,0xFFFF,0x1100,0x1111,0xFF11,0x1111,0xF0F0,0x111F,0x0100,0x0011,0x1001,0x1111,0x0000,0x0F01,0x1F11,0x11FE,0x0011,0x6100,0x1900,0xFF10,0x081F,0x07EA,0x18FF,0x4113,0x9EEC
2026-08-31T17:58:50,0x8003,0x0384,0x037A,0xFFFF,0x0709,0xFFFF,0xFFFF,0x01D2,0x01D2,0xFFFF,0x0000,0x0000,0xFFFF,0x0000,0x049C,0x049C,0xFFFF,0x0938,0xFFFF,0xFFFF,0x0258,0x0258,0xFFFF,0x0000,0x0001,0xFFFF,0x0000,0x0000,0x0000,0x0000,0x0000,0x0000,0x0000,0x0000,0x0000,0x0000,0x0000,0xFFFF,0x0000,0x0000,0x051E,0x0000,0x056E,0x0000,0x0046,0xFFFF,0xFFFF,0xFFFF,0xFFFF,0xFFFF,0xFFFF,0xFFFF,0x014A,0xFFFF,0xFFFF,0xFFFF,0x0084,0x0AEC,0x0118,0x0002,0x005C,0x0020,0xFFFF,0xFFFF,0x1100,0x1111,0xFF11,0x1111,0xF0F0,0x111F,0x0100,0x0011,0x1001,0x1111,0x0000,0x0F01,0x1F11,0x11FE,0x0011,0x6100,0x1900,0xFF10,0x081F,0x07EA,0x18FF,0x4113,0x9EEC
2026-08-31T17:58:51,0x8003,0x0384,0x037A,0xFFFF,0x0704,0xFFFF,0xFFFF,0x01D3,0x01D0,0xFFFF,0x0000,0x0000,0xFFFF,0x0000,0x049C,0x049C,0xFFFF,0x0938,0xFFFF,0xFFFF,0x0258,0x0258,0xFFFF,0x0000,0x0001,0xFFFF,0x0000,0x0000,0x0000,0x0000,0x0000,0x0000,0x0000,0x0000,0x0000,0x0000,0x0000,0xFFFF,0x0000,0x0000,0x051E,0x0000,0x056E,0x0000,0x0046,0xFFFF,0xFFFF,0xFFFF,0xFFFF,0xFFFF,0xFFFF,0xFFFF,0x014A,0xFFFF,0xFFFF,0xFFFF,0x0084,0x0AF2,0x0118,0x0002,0x005C,0x0020,0xFFFF,0xFFFF,0x1100,0x1111,0xFF11,0x1111,0xF0F0,0x111F,0x0100,0x0011,0x1001,0x1111,0x0000,0x0F01,0x1F11,0x11FE,0x0011,0x6100,0x1A00,0xFF10,0x081F,0x07EA,0x18FF,0x4113,0x9EEC
2026-08-31T17:58:52,0x8003,0x0384,0x037A,0xFFFF,0x0707,0xFFFF,0xFFFF,0x01D1,0x01D1,0xFFFF,0x0000,0x0000,0xFFFF,0x0000,0x049C,0x0492,0xFFFF,0x0938,0xFFFF,0xFFFF,0x0258,0x0258,0xFFFF,0x0000,0x0001,0xFFFF,0x0000,0x0000,0x0000,0x0000,0x0000,0x0000,0x0000,0x0000,0x0000,0x0000,0x0000,0xFFFF,0x0000,0x0000,0x051E,0x0000,0x056E,0x0000,0x0046,0xFFFF,0xFFFF,0xFFFF,0xFFFF,0xFFFF,0xFFFF,0xFFFF,0x014A,0xFFFF,0xFFFF,0xFFFF,0x0084,0x0AE6,0x0118,0x0002,0x005C,0x0020,0xFFFF,0xFFFF,0x1100,0x1111,0xFF11,0x1111,0xF0F0,0x111F,0x0100,0x0011,0x1001,0x1111,0x0000,0x0F01,0x1F11,0x11FE,0x0011,0x6100,0x1A00,0xFF10,0x081F,0x07EA,0x18FF,0x4113,0x9EEC
2026-08-31T17:58:53,0x8003,0x0384,0x037A,0xFFFF,0x0704,0xFFFF,0xFFFF,0x01D1,0x01D1,0xFFFF,0x0000,0x0000,0xFFFF,0x0000,0x049C,0x049C,0xFFFF,0x0938,0xFFFF,0xFFFF,0x0258,0x0257,0xFFFF,0x0000,0x0001,0xFFFF,0x0000,0x0000,0x0000,0x0000,0x0000,0x0000,0x0000,0x0000,0x0000,0x0000,0x0000,0xFFFF,0x0000,0x0000,0x051E,0x0000,0x056E,0x0000,0x0046,0xFFFF,0xFFFF,0xFFFF,0xFFFF,0xFFFF,0xFFFF,0xFFFF,0x014A,0xFFFF,0xFFFF,0xFFFF,0x0084,0x0AE6,0x0118,0x0002,0x005C,0x0020,0xFFFF,0xFFFF,0x1100,0x1111,0xFF11,0x1111,0xF0F0,0x111F,0x0100,0x0011,0x1001,0x1111,0x0000,0x0F01,0x1F11,0x11FE,0x0011,0x6100,0x1A00,0xFF10,0x081F,0x07EA,0x18FF,0x4113,0x9EEC
2026-08-31T17:58:55,0x8003,0x0384,0x037A,0xFFFF,0x0701,0xFFFF,0xFFFF,0x01D2,0x01D1,0xFFFF,0x0000,0x0000,0xFFFF,0x0000,0x049C,0x049C,0xFFFF,0x0938,0xFFFF,0xFFFF,0x0257,0x0258,0xFFFF,0x0000,0x0001,0xFFFF,0x0000,0x0000,0x0000,0x0000,0x0000,0x0000,0x0000,0x0000,0x0000,0x0000,0x0000,0xFFFF,0x0000,0x0000,0x051E,0x0000,0x056E,0x0000,0x0046,0xFFFF,0xFFFF,0xFFFF,0xFFFF,0xFFFF,0xFFFF,0xFFFF,0x014A,0xFFFF,0xFFFF,0xFFFF,0x0084,0x0AEC,0x0118,0x0002,0x005C,0x0020,0xFFFF,0xFFFF,0x1100,0x1111,0xFF11,0x1111,0xF0F0,0x111F,0x0100,0x0011,0x1001,0x1111,0x0000,0x0F01,0x1F11,0x11FE,0x0011,0x6100,0x1A00,0xFF10,0x081F,0x07EA,0x18FF,0x4113,0x9EEC
2026-08-31T17:58:56,0x8003,0x0384,0x037A,0xFFFF,0x0703,0xFFFF,0xFFFF,0x01D1,0x01D0,0xFFFF,0x0000,0x0000,0xFFFF,0x0000,0x049C,0x0492,0xFFFF,0x0938,0xFFFF,0xFFFF,0x0257,0x0257,0xFFFF,0x0000,0x0001,0xFFFF,0x0000,0x0000,0x0000,0x0000,0x0000,0x0000,0x0000,0x0000,0x0000,0x0000,0x0000,0xFFFF,0x0000,0x0000,0x051E,0x0000,0x056E,0x0000,0x0046,0xFFFF,0xFFFF,0xFFFF,0xFFFF,0xFFFF,0xFFFF,0xFFFF,0x014A,0xFFFF,0xFFFF,0xFFFF,0x0084,0x0AE6,0x0118,0x0002,0x005C,0x0020,0xFFFF,0xFFFF,0x1100,0x1111,0xFF11,0x1111,0xF0F0,0x111F,0x0100,0x0011,0x1001,0x1111,0x0000,0x0F01,0x1F11,0x11FE,0x0011,0x6100,0x1A00,0xFF10,0x081F,0x07EA,0x18FF,0x4113,0x9EEC
2026-08-31T17:58:57,0x8003,0x0384,0x037A,0xFFFF,0x0704,0xFFFF,0xFFFF,0x01D3,0x01D2,0xFFFF,0x0000,0x0000,0xFFFF,0x0000,0x049C,0x0492,0xFFFF,0x0938,0xFFFF,0xFFFF,0x0258,0x0258,0xFFFF,0x0000,0x0001,0xFFFF,0x0000,0x0000,0x0000,0x0000,0x0000,0x0000,0x0000,0x0000,0x0000,0x0000,0x0000,0xFFFF,0x0000,0x0000,0x051E,0x0000,0x056E,0x0000,0x0046,0xFFFF,0xFFFF,0xFFFF,0xFFFF,0xFFFF,0xFFFF,0xFFFF,0x014A,0xFFFF,0xFFFF,0xFFFF,0x0084,0x0AF2,0x0118,0x0002,0x005C,0x0020,0xFFFF,0xFFFF,0x1100,0x1111,0xFF11,0x1111,0xF0F0,0x111F,0x0100,0x0011,0x1001,0x1111,0x0000,0x0F01,0x1F11,0x11FE,0x0011,0x6100,0x1A00,0xFF10,0x081F,0x07EA,0x18FF,0x4113,0x9EEC
2026-08-31T17:58:58,0x8003,0x0384,0x037A,0xFFFF,0x0709,0xFFFF,0xFFFF,0x01D0,0x01CF,0xFFFF,0x0000,0x0000,0xFFFF,0x0000,0x049C,0x049C,0xFFFF,0x0938,0xFFFF,0xFFFF,0x0258,0x0258,0xFFFF,0x0000,0x0001,0xFFFF,0x0000,0x0000,0x0000,0x0000,0x0000,0x0000,0x0000,0x0000,0x0000,0x0000,0x0000,0xFFFF,0x0000,0x0000,0x051E,0x0000,0x056E,0x0000,0x0046,0xFFFF,0xFFFF,0xFFFF,0xFFFF,0xFFFF,0xFFFF,0xFFFF,0x014A,0xFFFF,0xFFFF,0xFFFF,0x0084,0x0AE0,0x0118,0x0002,0x005C,0x0020,0xFFFF,0xFFFF,0x1100,0x1111,0xFF11,0x1111,0xF0F0,0x111F,0x0100,0x0011,0x1001,0x1111,0x0000,0x0F01,0x1F11,0x11FE,0x0011,0x6100,0x1A00,0xFF10,0x081F,0x07EA,0x18FF,0x4113,0x9EEC
2026-08-31T17:58:59,0x8003,0x0384,0x037A,0xFFFF,0x0708,0xFFFF,0xFFFF,0x01D4,0x01D3,0xFFFF,0x0000,0x0000,0xFFFF,0x0000,0x049C,0x0492,0xFFFF,0x0938,0xFFFF,0xFFFF,0x0257,0x0257,0xFFFF,0x0000,0x0001,0xFFFF,0x0000,0x0000,0x0000,0x0000,0x0000,0x0000,0x0000,0x0000,0x0000,0x0000,0x0000,0xFFFF,0x0000,0x0000,0x051E,0x0000,0x056E,0x0000,0x0046,0xFFFF,0xFFFF,0xFFFF,0xFFFF,0xFFFF,0xFFFF,0xFFFF,0x014A,0xFFFF,0xFFFF,0xFFFF,0x0084,0x0AF8,0x0118,0x0002,0x005C,0x0020,0xFFFF,0xFFFF,0x1100,0x1111,0xFF11,0x1111,0xF0F0,0x111F,0x0100,0x0011,0x1001,0x1111,0x0000,0x0F01,0x1F11,0x11FE,0x0011,0x6100,0x1A00,0xFF10,0x081F,0x07EA,0x18FF,0x4113,0x9EEC
2026-08-31T17:59:01,0x8003,0x0384,0x037A,0xFFFF,0x0702,0xFFFF,0xFFFF,0x01D4,0x01D3,0xFFFF,0x0000,0x0000,0xFFFF,0x0000,0x049C,0x049C,0xFFFF,0x0938,0xFFFF,0xFFFF,0x0257,0x0258,0xFFFF,0x0000,0x0001,0xFFFF,0x0000,0x0000,0x0000,0x0000,0x0000,0x0000,0x0000,0x0000,0x0000,0x0000,0x0000,0xFFFF,0x0000,0x0000,0x051E,0x0000,0x056E,0x0000,0x0046,0xFFFF,0xFFFF,0xFFFF,0xFFFF,0xFFFF,0xFFFF,0xFFFF,0x014A,0xFFFF,0xFFFF,0xFFFF,0x0084,0x0AF8,0x0118,0x0002,0x005C,0x0020,0xFFFF,0xFFFF,0x1100,0x1111,0xFF11,0x1111,0xF0F0,0x111F,0x0100,0x0011,0x1001,0x1111,0x0000,0x0F01,0x1F11,0x11FE,0x0011,0x6100,0x1A00,0xFF10,0x081F,0x07EA,0x18FF,0x4113,0x9EEC
2026-08-31T17:59:02,0x8003,0x0384,0x037A,0xFFFF,0x0707,0xFFFF,0xFFFF,0x01D4,0x01D4,0xFFFF,0x0000,0x0000,0xFFFF,0x0000,0x049C,0x0492,0xFFFF,0x0938,0xFFFF,0xFFFF,0x0258,0x0258,0xFFFF,0x0000,0x0001,0xFFFF,0x0000,0x0000,0x0000,0x0000,0x0000,0x0000,0x0000,0x0000,0x0000,0x0000,0x0000,0xFFFF,0x0000,0x0000,0x051E,0x0000,0x056E,0x0000,0x0046,0xFFFF,0xFFFF,0xFFFF,0xFFFF,0xFFFF,0xFFFF,0xFFFF,0x014A,0xFFFF,0xFFFF,0xFFFF,0x0084,0x0AF8,0x0118,0x0002,0x005C,0x0020,0xFFFF,0xFFFF,0x1100,0x1111,0xFF11,0x1111,0xF0F0,0x111F,0x0100,0x0011,0x1001,0x1111,0x0000,0x0F01,0x1F11,0x11FE,0x0011,0x6100,0x1A00,0xFF10,0x081F,0x07EA,0x18FF,0x4113,0x9EEC
2026-08-31T17:59:03,0x8003,0x0384,0x037A,0xFFFF,0x0708,0xFFFF,0xFFFF,0x01D2,0x01D3,0xFFFF,0x0000,0x0000,0xFFFF,0x0000,0x049C,0x0492,0xFFFF,0x0938,0xFFFF,0xFFFF,0x0258,0x0258,0xFFFF,0x0000,0x0001,0xFFFF,0x0000,0x0000,0x0000,0x0000,0x0000,0x0000,0x0000,0x0000,0x0000,0x0000,0x0000,0xFFFF,0x0000,0x0000,0x051E,0x0000,0x056E,0x0000,0x0046,0xFFFF,0xFFFF,0xFFFF,0xFFFF,0xFFFF,0xFFFF,0xFFFF,0x014A,0xFFFF,0xFFFF,0xFFFF,0x0084,0x0AEC,0x0118,0x0002,0x005C,0x0020,0xFFFF,0xFFFF,0x1100,0x1111,0xFF11,0x1111,0xF0F0,0x111F,0x0100,0x0011,0x1001,0x1111,0x0000,0x0F01,0x1F11,0x11FE,0x0011,0x6100,0x1A00,0xFF10,0x081F,0x07EA,0x18FF,0x4113,0x9EEC
2026-08-31T17:59:04,0x8003,0x0384,0x037A,0xFFFF,0x0700,0xFFFF,0xFFFF,0x01D0,0x01D1,0xFFFF,0x0000,0x0000,0xFFFF,0x0000,0x049C,0x049C,0xFFFF,0x0938,0xFFFF,0xFFFF,0x0257,0x0258,0xFFFF,0x0000,0x0001,0xFFFF,0x0000,0x0000,0x0000,0x0000,0x0000,0x0000,0x0000,0x0000,0x0000,0x0000,0x0000,0xFFFF,0x0000,0x0000,0x051E,0x0000,0x056E,0x0000,0x0046,0xFFFF,0xFFFF,0xFFFF,0xFFFF,0xFFFF,0xFFFF,0xFFFF,0x014A,0xFFFF,0xFFFF,0xFFFF,0x0084,0x0AE0,0x0118,0x0002,0x005C,0x0020,0xFFFF,0xFFFF,0x1100,0x1111,0xFF11,0x1111,0xF0F0,0x111F,0x0100,0x0011,0x1001,0x1111,0x0000,0x0F01,0x1F11,0x11FE,0x0011,0x6100,0x1A00,0xFF10,0x081F,0x07EA,0x18FF,0x4113,0x9EEC
2026-08-31T17:59:06,0x8003,0x0384,0x037A,0xFFFF,0x0700,0xFFFF,0xFFFF,0x01D2,0x01D3,0xFFFF,0x0000,0x0000,0xFFFF,0x0000,0x049C,0x049C,0xFFFF,0x0938,0xFFFF,0xFFFF,0x0257,0x0258,0xFFFF,0x0000,0x0001,0xFFFF,0x0000,0x0000,0x0000,0x0000,0x0000,0x0000,0x0000,0x0000,0x0000,0x0000,0x0000,0xFFFF,0x0000,0x0000,0x051E,0x0000,0x056E,0x0000,0x0046,0xFFFF,0xFFFF,0xFFFF,0xFFFF,0xFFFF,0xFFFF,0xFFFF,0x014A,0xFFFF,0xFFFF,0xFFFF,0x0084,0x0AEC,0x0118,0x0002,0x005C,0x0020,0xFFFF,0xFFFF,0x1100,0x1111,0xFF11,0x1111,0xF0F0,0x111F,0x0100,0x0011,0x1001,0x1111,0x0000,0x0F01,0x1F11,0x11FE,0x0011,0x6100,0x1A00,0xFF10,0x081F,0x07EA,0x18FF,0x4113,0x9EEC
2026-08-31T17:59:07,0x8003,0x0384,0x037A,0xFFFF,0x0708,0xFFFF,0xFFFF,0x01D1,0x01D2,0xFFFF,0x0000,0x0000,0xFFFF,0x0000,0x049C,0x0492,0xFFFF,0x0938,0xFFFF,0xFFFF,0x0258,0x0258,0xFFFF,0x0000,0x0001,0xFFFF,0x0000,0x0000,0x0000,0x0000,0x0000,0x0000,0x0000,0x0000,0x0000,0x0000,0x0000,0xFFFF,0x0000,0x0000,0x051E,0x0000,0x056E,0x0000,0x0046,0xFFFF,0xFFFF,0xFFFF,0xFFFF,0xFFFF,0xFFFF,0xFFFF,0x014A,0xFFFF,0xFFFF,0xFFFF,0x0084,0x0AE6,0x0118,0x0002,0x005C,0x0020,0xFFFF,0xFFFF,0x1100,0x1111,0xFF11,0x1111,0xF0F0,0x111F,0x0100,0x0011,0x1001,0x1111,0x0000,0x0F01,0x1F11,0x11FE,0x0011,0x6100,0x1A00,0xFF10,0x081F,0x07EA,0x18FF,0x4113,0x9EEC
2026-08-31T17:59:08,0x8003,0x0384,0x037A,0xFFFF,0x0706,0xFFFF,0xFFFF,0x01D1,0x01D1,0xFFFF,0x0000,0x0000,0xFFFF,0x0000,0x049C,0x049C,0xFFFF,0x0938,0xFFFF,0xFFFF,0x0258,0x0258,0xFFFF,0x0000,0x0001,0xFFFF,0x0000,0x0000,0x0000,0x0000,0x0000,0x0000,0x0000,0x0000,0x0000,0x0000,0x0000,0xFFFF,0x0000,0x0000,0x051E,0x0000,0x056E,0x0000,0x0046,0xFFFF,0xFFFF,0xFFFF,0xFFFF,0xFFFF,0xFFFF,0xFFFF,0x014A,0xFFFF,0xFFFF,0xFFFF,0x0084,0x0AE6,0x0118,0x0002,0x005C,0x0020,0xFFFF,0xFFFF,0x1100,0x1111,0xFF11,0x1111,0xF0F0,0x111F,0x0100,0x0011,0x1001,0x1111,0x0000,0x0F01,0x1F11,0x11FE,0x0011,0x6100,0x1A00,0xFF10,0x081F,0x07EA,0x18FF,0x4113,0x9EEC
2026-08-31T17:59:09,0x8003,0x0384,0x037A,0xFFFF,0x0702,0xFFFF,0xFFFF,0x01D1,0x01D1,0xFFFF,0x0000,0x0000,0xFFFF,0x0000,0x049C,0x049C,0xFFFF,0x0938,0xFFFF,0xFFFF,0x0257,0x0258,0xFFFF,0x0000,0x0001,0xFFFF,0x0000,0x0000,0x0000,0x0000,0x0000,0x0000,0x0000,0x0000,0x0000,0x0000,0x0000,0xFFFF,0x0000,0x0000,0x051E,0x0000,0x056E,0x0000,0x0046,0xFFFF,0xFFFF,0xFFFF,0xFFFF,0xFFFF,0xFFFF,0xFFFF,0x014A,0xFFFF,0xFFFF,0xFFFF,0x0084,0x0AE6,0x0118,0x0002,0x005C,0x0020,0xFFFF,0xFFFF,0x1100,0x1111,0xFF11,0x1111,0xF0F0,0x111F,0x0100,0x0011,0x1001,0x1111,0x0000,0x0F01,0x1F11,0x11FE,0x0011,0x6100,0x1A00,0xFF10,0x081F,0x07EA,0x18FF,0x4113,0x9EEC
2026-08-31T17:59:11,0x8003,0x0384,0x037A,0xFFFF,0x070C,0xFFFF,0xFFFF,0x01D2,0x01D1,0xFFFF,0x0000,0x0000,0xFFFF,0x0000,0x049C,0x049C,0xFFFF,0x0938,0xFFFF,0xFFFF,0x0258,0x0258,0xFFFF,0x0000,0x0001,0xFFFF,0x0000,0x0000,0x0000,0x0000,0x0000,0x0000,0x0000,0x0000,0x0000,0x0000,0x0000,0xFFFF,0x0000,0x0000,0x051E,0x0000,0x056E,0x0000,0x0046,0xFFFF,0xFFFF,0xFFFF,0xFFFF,0xFFFF,0xFFFF,0xFFFF,0x014A,0xFFFF,0xFFFF,0xFFFF,0x0084,0x0AEC,0x0118,0x0002,0x005C,0x0020,0xFFFF,0xFFFF,0x1100,0x1111,0xFF11,0x1111,0xF0F0,0x111F,0x0100,0x0011,0x1001,0x1111,0x0000,0x0F01,0x1F11,0x11FE,0x0011,0x6100,0x1A00,0xFF10,0x081F,0x07EA,0x18FF,0x4113,0x9EEC
2026-08-31T17:59:12,0x8003,0x0384,0x037A,0xFFFF,0x0702,0xFFFF,0xFFFF,0x01D4,0x01D5,0xFFFF,0x0000,0x0000,0xFFFF,0x0000,0x049C,0x049C,0xFFFF,0x0938,0xFFFF,0xFFFF,0x0258,0x0258,0xFFFF,0x0000,0x0001,0xFFFF,0x0000,0x0000,0x0000,0x0000,0x0000,0x0000,0x0000,0x0000,0x0000,0x0000,0x0000,0xFFFF,0x0000,0x0000,0x051E,0x0000,0x056E,0x0000,0x0046,0xFFFF,0xFFFF,0xFFFF,0xFFFF,0xFFFF,0xFFFF,0xFFFF,0x014A,0xFFFF,0xFFFF,0xFFFF,0x0084,0x0AF8,0x0118,0x0002,0x005C,0x0020,0xFFFF,0xFFFF,0x1100,0x1111,0xFF11,0x1111,0xF0F0,0x111F,0x0100,0x0011,0x1001,0x1111,0x0000,0x0F01,0x1F11,0x11FE,0x0011,0x6100,0x1A00,0xFF10,0x081F,0x07EA,0x18FF,0x4113,0x9EEC
2026-08-31T17:59:13,0x8003,0x0384,0x037A,0xFFFF,0x0704,0xFFFF,0xFFFF,0x01D2,0x01D2,0xFFFF,0x0000,0x0000,0xFFFF,0x0000,0x049C,0x049C,0xFFFF,0x0938,0xFFFF,0xFFFF,0x0258,0x0257,0xFFFF,0x0000,0x0001,0xFFFF,0x0000,0x0000,0x0000,0x0000,0x0000,0x0000,0x0000,0x0000,0x0000,0x0000,0x0000,0xFFFF,0x0000,0x0000,0x051E,0x0000,0x056E,0x0000,0x0046,0xFFFF,0xFFFF,0xFFFF,0xFFFF,0xFFFF,0xFFFF,0xFFFF,0x014A,0xFFFF,0xFFFF,0xFFFF,0x0084,0x0AEC,0x0118,0x0002,0x005C,0x0020,0xFFFF,0xFFFF,0x1100,0x1111,0xFF11,0x1111,0xF0F0,0x111F,0x0100,0x0011,0x1001,0x1111,0x0000,0x0F01,0x1F11,0x11FE,0x0011,0x6100,0x1A00,0xFF10,0x081F,0x07EA,0x18FF,0x4113,0x9EEC
2026-08-31T17:59:14,0x8003,0x0384,0x037A,0xFFFF,0x0708,0xFFFF,0xFFFF,0x01D6,0x01D5,0xFFFF,0x0000,0x0000,0xFFFF,0x0000,0x049C,0x0492,0xFFFF,0x0938,0xFFFF,0xFFFF,0x0258,0x0258,0xFFFF,0x0000,0x0001,0xFFFF,0x0000,0x0000,0x0000,0x0000,0x0000,0x0000,0x0000,0x0000,0x0000,0x0000,0x0000,0xFFFF,0x0000,0x0000,0x051E,0x0000,0x056E,0x0000,0x0046,0xFFFF,0xFFFF,0xFFFF,0xFFFF,0xFFFF,0xFFFF,0xFFFF,0x014A,0xFFFF,0xFFFF,0xFFFF,0x0084,0x0B04,0x0118,0x0002,0x005C,0x0020,0xFFFF,0xFFFF,0x1100,0x1111,0xFF11,0x1111,0xF0F0,0x111F,0x0100,0x0011,0x1001,0x1111,0x0000,0x0F01,0x1F11,0x11FE,0x0011,0x6100,0x1A00,0xFF10,0x081F,0x07EA,0x18FF,0x4113,0x9EEC
2026-08-31T17:59:15,0x8003,0x0384,0x037A,0xFFFF,0x0706,0xFFFF,0xFFFF,0x01D5,0x01D4,0xFFFF,0x0000,0x0000,0xFFFF,0x0000,0x049C,0x049C,0xFFFF,0x0938,0xFFFF,0xFFFF,0x0258,0x0258,0xFFFF,0x0000,0x0001,0xFFFF,0x0000,0x0000,0x0000,0x0000,0x0000,0x0000,0x0000,0x0000,0x0000,0x0000,0x0000,0xFFFF,0x0000,0x0000,0x051E,0x0000,0x056E,0x0000,0x0046,0xFFFF,0xFFFF,0xFFFF,0xFFFF,0xFFFF,0xFFFF,0xFFFF,0x014A,0xFFFF,0xFFFF,0xFFFF,0x0084,0x0AFE,0x0118,0x0002,0x005C,0x0020,0xFFFF,0xFFFF,0x1100,0x1111,0xFF11,0x1111,0xF0F0,0x111F,0x0100,0x0011,0x1001,0x1111,0x0000,0x0F01,0x1F11,0x11FE,0x0011,0x6100,0x1A00,0xFF10,0x081F,0x07EA,0x18FF,0x4113,0x9EEC
2026-08-31T17:59:17,0x8003,0x0384,0x037A,0xFFFF,0x0702,0xFFFF,0xFFFF,0x01D3,0x01D3,0xFFFF,0x0000,0x0000,0xFFFF,0x0000,0x049C,0x049C,0xFFFF,0x0938,0xFFFF,0xFFFF,0x0258,0x0257,0xFFFF,0x0000,0x0001,0xFFFF,0x0000,0x0000,0x0000,0x0000,0x0000,0x0000,0x0000,0x0000,0x0000,0x0000,0x0000,0xFFFF,0x0000,0x0000,0x051E,0x0000,0x056E,0x0000,0x0046,0xFFFF,0xFFFF,0xFFFF,0xFFFF,0xFFFF,0xFFFF,0xFFFF,0x014A,0xFFFF,0xFFFF,0xFFFF,0x0084,0x0AF2,0x0118,0x0002,0x005C,0x0020,0xFFFF,0xFFFF,0x1100,0x1111,0xFF11,0x1111,0xF0F0,0x111F,0x0100,0x0011,0x1001,0x1111,0x0000,0x0F01,0x1F11,0x11FE,0x0011,0x6100,0x1A00,0xFF10,0x081F,0x07EA,0x18FF,0x4113,0x9EEC
2026-08-31T17:59:18,0x8003,0x0384,0x037A,0xFFFF,0x070B,0xFFFF,0xFFFF,0x01D3,0x01D2,0xFFFF,0x0000,0x0000,0xFFFF,0x0000,0x049C,0x049C,0xFFFF,0x0938,0xFFFF,0xFFFF,0x0257,0x0257,0xFFFF,0x0000,0x0001,0xFFFF,0x0000,0x0000,0x0000,0x0000,0x0000,0x0000,0x0000,0x0000,0x0000,0x0000,0x0000,0xFFFF,0x0000,0x0000,0x051E,0x0000,0x056E,0x0000,0x0046,0xFFFF,0xFFFF,0xFFFF,0xFFFF,0xFFFF,0xFFFF,0xFFFF,0x014A,0xFFFF,0xFFFF,0xFFFF,0x0084,0x0AF2,0x0118,0x0002,0x005C,0x0020,0xFFFF,0xFFFF,0x1100,0x1111,0xFF11,0x1111,0xF0F0,0x111F,0x0100,0x0011,0x1001,0x1111,0x0000,0x0F01,0x1F11,0x11FE,0x0011,0x6100,0x1A00,0xFF10,0x081F,0x07EA,0x18FF,0x4113,0x9EEC
2026-08-31T17:59:19,0x8003,0x0384,0x037A,0xFFFF,0x0706,0xFFFF,0xFFFF,0x01D3,0x01D3,0xFFFF,0x0000,0x0000,0xFFFF,0x0000,0x049C,0x049C,0xFFFF,0x0938,0xFFFF,0xFFFF,0x0258,0x0258,0xFFFF,0x0000,0x0001,0xFFFF,0x0000,0x0000,0x0000,0x0000,0x0000,0x0000,0x0000,0x0000,0x0000,0x0000,0x0000,0xFFFF,0x0000,0x0000,0x051E,0x0000,0x056E,0x0000,0x0046,0xFFFF,0xFFFF,0xFFFF,0xFFFF,0xFFFF,0xFFFF,0xFFFF,0x014A,0xFFFF,0xFFFF,0xFFFF,0x0084,0x0AF2,0x0118,0x0002,0x005C,0x0020,0xFFFF,0xFFFF,0x1100,0x1111,0xFF11,0x1111,0xF0F0,0x111F,0x0100,0x0011,0x1001,0x1111,0x0000,0x0F01,0x1F11,0x11FE,0x0011,0x6100,0x1A00,0xFF10,0x081F,0x07EA,0x18FF,0x4113,0x9EEC
2026-08-31T17:59:20,0x8003,0x0384,0x037A,0xFFFF,0x0708,0xFFFF,0xFFFF,0x01D1,0x01D2,0xFFFF,0x0000,0x0000,0xFFFF,0x0000,0x049C,0x049C,0xFFFF,0x0938,0xFFFF,0xFFFF,0x0257,0x0257,0xFFFF,0x0000,0x0001,0xFFFF,0x0000,0x0000,0x0000,0x0000,0x0000,0x0000,0x0000,0x0000,0x0000,0x0000,0x0000,0xFFFF,0x0000,0x0000,0x051E,0x0000,0x056E,0x0000,0x0046,0xFFFF,0xFFFF,0xFFFF,0xFFFF,0xFFFF,0xFFFF,0xFFFF,0x014A,0xFFFF,0xFFFF,0xFFFF,0x0084,0x0AE6,0x0118,0x0002,0x005C,0x0020,0xFFFF,0xFFFF,0x1100,0x1111,0xFF11,0x1111,0xF0F0,0x111F,0x0100,0x0011,0x1001,0x1111,0x0000,0x0F01,0x1F11,0x11FE,0x0011,0x6100,0x1A00,0xFF10,0x081F,0x07EA,0x18FF,0x4113,0x9EEC
2026-08-31T17:59:22,0x8003,0x0384,0x037A,0xFFFF,0x0705,0xFFFF,0xFFFF,0x01D4,0x01D4,0xFFFF,0x0000,0x0000,0xFFFF,0x0000,0x049C,0x049C,0xFFFF,0x0938,0xFFFF,0xFFFF,0x0258,0x0257,0xFFFF,0x0000,0x0001,0xFFFF,0x0000,0x0000,0x0000,0x0000,0x0000,0x0000,0x0000,0x0000,0x0000,0x0000,0x0000,0xFFFF,0x0000,0x0000,0x051E,0x0000,0x056E,0x0000,0x0046,0xFFFF,0xFFFF,0xFFFF,0xFFFF,0xFFFF,0xFFFF,0xFFFF,0x014A,0xFFFF,0xFFFF,0xFFFF,0x0084,0x0AF8,0x0118,0x0002,0x005C,0x0020,0xFFFF,0xFFFF,0x1100,0x1111,0xFF11,0x1111,0xF0F0,0x111F,0x0100,0x0011,0x1001,0x1111,0x0000,0x0F01,0x1F11,0x11FE,0x0011,0x6100,0x1A00,0xFF10,0x081F,0x07EA,0x18FF,0x4113,0x9EEC
2026-08-31T17:59:23,0x8003,0x0384,0x037A,0xFFFF,0x0705,0xFFFF,0xFFFF,0x01D2,0x01D4,0xFFFF,0x0000,0x0000,0xFFFF,0x0000,0x049C,0x049C,0xFFFF,0x0938,0xFFFF,0xFFFF,0x0257,0x0257,0xFFFF,0x0000,0x0001,0xFFFF,0x0000,0x0000,0x0000,0x0000,0x0000,0x0000,0x0000,0x0000,0x0000,0x0000,0x0000,0xFFFF,0x0000,0x0000,0x051E,0x0000,0x056E,0x0000,0x0046,0xFFFF,0xFFFF,0xFFFF,0xFFFF,0xFFFF,0xFFFF,0xFFFF,0x014A,0xFFFF,0xFFFF,0xFFFF,0x0084,0x0AEC,0x0118,0x0002,0x005C,0x0020,0xFFFF,0xFFFF,0x1100,0x1111,0xFF11,0x1111,0xF0F0,0x111F,0x0100,0x0011,0x1001,0x1111,0x0000,0x0F01,0x1F11,0x11FE,0x0011,0x6100,0x1A00,0xFF10,0x081F,0x07EA,0x18FF,0x4113,0x9EEC
2026-08-31T17:59:24,0x8003,0x0384,0x037A,0xFFFF,0x070D,0xFFFF,0xFFFF,0x01D0,0x01D1,0xFFFF,0x0000,0x0000,0xFFFF,0x0000,0x049C,0x049C,0xFFFF,0x0938,0xFFFF,0xFFFF,0x0257,0x0257,0xFFFF,0x0000,0x0001,0xFFFF,0x0000,0x0000,0x0000,0x0000,0x0000,0x0000,0x0000,0x0000,0x0000,0x0000,0x0000,0xFFFF,0x0000,0x0000,0x051E,0x0000,0x056E,0x0000,0x0046,0xFFFF,0xFFFF,0xFFFF,0xFFFF,0xFFFF,0xFFFF,0xFFFF,0x014A,0xFFFF,0xFFFF,0xFFFF,0x0084,0x0AE0,0x0118,0x0002,0x005C,0x0020,0xFFFF,0xFFFF,0x1100,0x1111,0xFF11,0x1111,0xF0F0,0x111F,0x0100,0x0011,0x1001,0x1111,0x0000,0x0F01,0x1F11,0x11FE,0x0011,0x6100,0x1A00,0xFF10,0x081F,0x07EA,0x18FF,0x4113,0x9EEC
2026-08-31T17:59:25,0x8003,0x0384,0x037A,0xFFFF,0x0704,0xFFFF,0xFFFF,0x01D2,0x01D2,0xFFFF,0x0000,0x0000,0xFFFF,0x0000,0x049C,0x049C,0xFFFF,0x0938,0xFFFF,0xFFFF,0x0257,0x0258,0xFFFF,0x0000,0x0001,0xFFFF,0x0000,0x0000,0x0000,0x0000,0x0000,0x0000,0x0000,0x0000,0x0000,0x0000,0x0000,0xFFFF,0x0000,0x0000,0x051E,0x0000,0x056E,0x0000,0x0046,0xFFFF,0xFFFF,0xFFFF,0xFFFF,0xFFFF,0xFFFF,0xFFFF,0x014A,0xFFFF,0xFFFF,0xFFFF,0x0084,0x0AEC,0x0118,0x0002,0x005C,0x0020,0xFFFF,0xFFFF,0x1100,0x1111,0xFF11,0x1111,0xF0F0,0x111F,0x0100,0x0011,0x1001,0x1111,0x0000,0x0F01,0x1F11,0x11FE,0x0011,0x6100,0x1A00,0xFF10,0x081F,0x07EA,0x18FF,0x4113,0x9EEC
2026-08-31T17:59:27,0x8003,0x0384,0x037A,0xFFFF,0x0705,0xFFFF,0xFFFF,0x01D2,0x01D3,0xFFFF,0x0000,0x0000,0xFFFF,0x0000,0x049C,0x049C,0xFFFF,0x0938,0xFFFF,0xFFFF,0x0257,0x0258,0xFFFF,0x0000,0x0001,0xFFFF,0x0000,0x0000,0x0000,0x0000,0x0000,0x0000,0x0000,0x0000,0x0000,0x0000,0x0000,0xFFFF,0x0000,0x0000,0x051E,0x0000,0x056E,0x0000,0x0046,0xFFFF,0xFFFF,0xFFFF,0xFFFF,0xFFFF,0xFFFF,0xFFFF,0x014A,0xFFFF,0xFFFF,0xFFFF,0x0084,0x0AEC,0x0118,0x0002,0x005C,0x0020,0xFFFF,0xFFFF,0x1100,0x1111,0xFF11,0x1111,0xF0F0,0x111F,0x0100,0x0011,0x1001,0x1111,0x0000,0x0F01,0x1F11,0x11FE,0x0011,0x6100,0x1A00,0xFF10,0x081F,0x07EA,0x18FF,0x4113,0x9EEC
2026-08-31T17:59:28,0x8003,0x0384,0x037A,0xFFFF,0x070D,0xFFFF,0xFFFF,0x01D3,0x01D3,0xFFFF,0x0000,0x0000,0xFFFF,0x0000,0x049C,0x049C,0xFFFF,0x0938,0xFFFF,0xFFFF,0x0258,0x0258,0xFFFF,0x0000,0x0001,0xFFFF,0x0000,0x0000,0x0000,0x0000,0x0000,0x0000,0x0000,0x0000,0x0000,0x0000,0x0000,0xFFFF,0x0000,0x0000,0x051E,0x0000,0x056E,0x0000,0x0046,0xFFFF,0xFFFF,0xFFFF,0xFFFF,0xFFFF,0xFFFF,0xFFFF,0x014A,0xFFFF,0xFFFF,0xFFFF,0x0084,0x0AF2,0x0118,0x0002,0x005C,0x0020,0xFFFF,0xFFFF,0x1100,0x1111,0xFF11,0x1111,0xF0F0,0x111F,0x0100,0x0011,0x1001,0x1111,0x0000,0x0F01,0x1F11,0x11FE,0x0011,0x6100,0x1A00,0xFF10,0x081F,0x07EA,0x18FF,0x4113,0x9EEC
2026-08-31T17:59:29,0x8003,0x0384,0x037A,0xFFFF,0x0705,0xFFFF,0xFFFF,0x01D3,0x01D4,0xFFFF,0x0000,0x0000,0xFFFF,0x0000,0x049C,0x049C,0xFFFF,0x0938,0xFFFF,0xFFFF,0x0258,0x0257,0xFFFF,0x0000,0x0001,0xFFFF,0x0000,0x0000,0x0000,0x0000,0x0000,0x0000,0x0000,0x0000,0x0000,0x0000,0x0000,0xFFFF,0x0000,0x0000,0x051E,0x0000,0x056E,0x0000,0x0046,0xFFFF,0xFFFF,0xFFFF,0xFFFF,0xFFFF,0xFFFF,0xFFFF,0x014A,0xFFFF,0xFFFF,0xFFFF,0x0084,0x0AF2,0x0118,0x0002,0x005C,0x0020,0xFFFF,0xFFFF,0x1100,0x1111,0xFF11,0x1111,0xF0F0,0x111F,0x0100,0x0011,0x1001,0x1111,0x0000,0x0F01,0x1F11,0x11FE,0x0011,0x6100,0x1A00,0xFF10,0x081F,0x07EA,0x18FF,0x4113,0x9EEC
2026-08-31T17:59:30,0x8003,0x0384,0x037A,0xFFFF,0x070B,0xFFFF,0xFFFF,0x01D5,0x01D4,0xFFFF,0x0000,0x0000,0xFFFF,0x0000,0x049C,0x049C,0xFFFF,0x0938,0xFFFF,0xFFFF,0x0258,0x0258,0xFFFF,0x0000,0x0001,0xFFFF,0x0000,0x0000,0x0000,0x0000,0x0000,0x0000,0x0000,0x0000,0x0000,0x0000,0x0000,0xFFFF,0x0000,0x0000,0x051E,0x0000,0x056E,0x0000,0x0046,0xFFFF,0xFFFF,0xFFFF,0xFFFF,0xFFFF,0xFFFF,0xFFFF,0x014A,0xFFFF,0xFFFF,0xFFFF,0x0084,0x0AFE,0x0118,0x0002,0x005C,0x0020,0xFFFF,0xFFFF,0x1100,0x1111,0xFF11,0x1111,0xF0F0,0x111F,0x0100,0x0011,0x1001,0x1111,0x0000,0x0F01,0x1F11,0x11FE,0x0011,0x6100,0x1A00,0xFF10,0x081F,0x07EA,0x18FF,0x4113,0x9EEC
2026-08-31T17:59:32,0x8003,0x0384,0x037A,0xFFFF,0x0709,0xFFFF,0xFFFF,0x01D4,0x01D3,0xFFFF,0x0000,0x0000,0xFFFF,0x0000,0x049C,0x049C,0xFFFF,0x0938,0xFFFF,0xFFFF,0x0258,0x0258,0xFFFF,0x0000,0x0001,0xFFFF,0x0000,0x0000,0x0000,0x0000,0x0000,0x0000,0x0000,0x0000,0x0000,0x0000,0x0000,0xFFFF,0x0000,0x0000,0x051E,0x0000,0x056E,0x0000,0x0046,0xFFFF,0xFFFF,0xFFFF,0xFFFF,0xFFFF,0xFFFF,0xFFFF,0x014A,0xFFFF,0xFFFF,0xFFFF,0x0084,0x0AF8,0x0118,0x0002,0x005C,0x0020,0xFFFF,0xFFFF,0x1100,0x1111,0xFF11,0x1111,0xF0F0,0x111F,0x0100,0x0011,0x1001,0x1111,0x0000,0x0F01,0x1F11,0x11FE,0x0011,0x6100,0x1A00,0xFF10,0x081F,0x07EA,0x18FF,0x4113,0x9EEC
2026-08-31T17:59:33,0x8003,0x0384,0x037A,0xFFFF,0x0705,0xFFFF,0xFFFF,0x01D3,0x01D2,0xFFFF,0x0000,0x0000,0xFFFF,0x0000,0x049C,0x049C,0xFFFF,0x0938,0xFFFF,0xFFFF,0x0257,0x0258,0xFFFF,0x0000,0x0001,0xFFFF,0x0000,0x0000,0x0000,0x0000,0x0000,0x0000,0x0000,0x0000,0x0000,0x0000,0x0000,0xFFFF,0x0000,0x0000,0x051E,0x0000,0x056E,0x0000,0x0046,0xFFFF,0xFFFF,0xFFFF,0xFFFF,0xFFFF,0xFFFF,0xFFFF,0x014A,0xFFFF,0xFFFF,0xFFFF,0x0084,0x0AF2,0x0118,0x0002,0x005C,0x0020,0xFFFF,0xFFFF,0x1100,0x1111,0xFF11,0x1111,0xF0F0,0x111F,0x0100,0x0011,0x1001,0x1111,0x0000,0x0F01,0x1F11,0x11FE,0x0011,0x6100,0x1A00,0xFF10,0x081F,0x07EA,0x18FF,0x4113,0x9EEC
2026-08-31T17:59:34,0x8003,0x0384,0x037A,0xFFFF,0x0706,0xFFFF,0xFFFF,0x01D1,0x01D1,0xFFFF,0x0000,0x0000,0xFFFF,0x0000,0x049C,0x049C,0xFFFF,0x0938,0xFFFF,0xFFFF,0x0258,0x0258,0xFFFF,0x0000,0x0001,0xFFFF,0x0000,0x0000,0x0000,0x0000,0x0000,0x0000,0x0000,0x0000,0x0000,0x0000,0x0000,0xFFFF,0x0000,0x0000,0x051E,0x0000,0x056E,0x0000,0x0046,0xFFFF,0xFFFF,0xFFFF,0xFFFF,0xFFFF,0xFFFF,0xFFFF,0x014A,0xFFFF,0xFFFF,0xFFFF,0x0084,0x0AE6,0x0118,0x0002,0x005C,0x0020,0xFFFF,0xFFFF,0x1100,0x1111,0xFF11,0x1111,0xF0F0,0x111F,0x0100,0x0011,0x1001,0x1111,0x0000,0x0F01,0x1F11,0x11FE,0x0011,0x6100,0x1A00,0xFF10,0x081F,0x07EA,0x18FF,0x4113,0x9EEC
2026-08-31T17:59:35,0x8003,0x0384,0x037A,0xFFFF,0x0709,0xFFFF,0xFFFF,0x01D2,0x01D3,0xFFFF,0x0000,0x0000,0xFFFF,0x0000,0x049C,0x049C,0xFFFF,0x0938,0xFFFF,0xFFFF,0x0257,0x0257,0xFFFF,0x0000,0x0001,0xFFFF,0x0000,0x0000,0x0000,0x0000,0x0000,0x0000,0x0000,0x0000,0x0000,0x0000,0x0000,0xFFFF,0x0000,0x0000,0x051E,0x0000,0x056E,0x0000,0x0046,0xFFFF,0xFFFF,0xFFFF,0xFFFF,0xFFFF,0xFFFF,0xFFFF,0x014A,0xFFFF,0xFFFF,0xFFFF,0x0084,0x0AEC,0x0118,0x0002,0x005C,0x0020,0xFFFF,0xFFFF,0x1100,0x1111,0xFF11,0x1111,0xF0F0,0x111F,0x0100,0x0011,0x1001,0x1111,0x0000,0x0F01,0x1F11,0x11FE,0x0011,0x6100,0x1A00,0xFF10,0x081F,0x07EA,0x18FF,0x4113,0x9EEC
2026-08-31T17:59:36,0x8003,0x0384,0x037A,0xFFFF,0x0706,0xFFFF,0xFFFF,0x01D1,0x01D1,0xFFFF,0x0000,0x0000,0xFFFF,0x0000,0x049C,0x049C,0xFFFF,0x0938,0xFFFF,0xFFFF,0x0257,0x0258,0xFFFF,0x0000,0x0001,0xFFFF,0x0000,0x0000,0x0000,0x0000,0x0000,0x0000,0x0000,0x0000,0x0000,0x0000,0x0000,0xFFFF,0x0000,0x0000,0x051E,0x0000,0x056E,0x0000,0x0046,0xFFFF,0xFFFF,0xFFFF,0xFFFF,0xFFFF,0xFFFF,0xFFFF,0x014A,0xFFFF,0xFFFF,0xFFFF,0x0084,0x0AE6,0x0118,0x0002,0x005C,0x0020,0xFFFF,0xFFFF,0x1100,0x1111,0xFF11,0x1111,0xF0F0,0x111F,0x0100,0x0011,0x1001,0x1111,0x0000,0x0F01,0x1F11,0x11FE,0x0011,0x6100,0x1A00,0xFF10,0x081F,0x07EA,0x18FF,0x4113,0x9EEC
2026-08-31T17:59:38,0x8003,0x0384,0x037A,0xFFFF,0x0708,0xFFFF,0xFFFF,0x01D3,0x01D3,0xFFFF,0x0000,0x0000,0xFFFF,0x0000,0x049C,0x049C,0xFFFF,0x0938,0xFFFF,0xFFFF,0x0257,0x0257,0xFFFF,0x0000,0x0001,0xFFFF,0x0000,0x0000,0x0000,0x0000,0x0000,0x0000,0x0000,0x0000,0x0000,0x0000,0x0000,0xFFFF,0x0000,0x0000,0x051E,0x0000,0x056E,0x0000,0x0046,0xFFFF,0xFFFF,0xFFFF,0xFFFF,0xFFFF,0xFFFF,0xFFFF,0x014A,0xFFFF,0xFFFF,0xFFFF,0x0084,0x0AF2,0x0118,0x0002,0x005C,0x0020,0xFFFF,0xFFFF,0x1100,0x1111,0xFF11,0x1111,0xF0F0,0x111F,0x0100,0x0011,0x1001,0x1111,0x0000,0x0F01,0x1F11,0x11FE,0x0011,0x6100,0x1A00,0xFF10,0x081F,0x07EA,0x18FF,0x4113,0x9EEC
2026-08-31T17:59:39,0x8003,0x0384,0x037A,0xFFFF,0x0708,0xFFFF,0xFFFF,0x01D4,0x01D5,0xFFFF,0x0000,0x0000,0xFFFF,0x0000,0x049C,0x049C,0xFFFF,0x0938,0xFFFF,0xFFFF,0x0258,0x0258,0xFFFF,0x0000,0x0001,0xFFFF,0x0000,0x0000,0x0000,0x0000,0x0000,0x0000,0x0000,0x0000,0x0000,0x0000,0x0000,0xFFFF,0x0000,0x0000,0x051E,0x0000,0x056E,0x0000,0x0046,0xFFFF,0xFFFF,0xFFFF,0xFFFF,0xFFFF,0xFFFF,0xFFFF,0x014A,0xFFFF,0xFFFF,0xFFFF,0x0084,0x0AF8,0x0118,0x0002,0x005C,0x0020,0xFFFF,0xFFFF,0x1100,0x1111,0xFF11,0x1111,0xF0F0,0x111F,0x0100,0x0011,0x1001,0x1111,0x0000,0x0F01,0x1F11,0x11FE,0x0011,0x6100,0x1A00,0xFF10,0x081F,0x07EA,0x18FF,0x4113,0x9EEC
2026-08-31T17:59:40,0x8003,0x0384,0x037A,0xFFFF,0x070A,0xFFFF,0xFFFF,0x01D4,0x01D3,0xFFFF,0x0000,0x0000,0xFFFF,0x0000,0x049C,0x049C,0xFFFF,0x0938,0xFFFF,0xFFFF,0x0258,0x0257,0xFFFF,0x0000,0x0001,0xFFFF,0x0000,0x0000,0x0000,0x0000,0x0000,0x0000,0x0000,0x0000,0x0000,0x0000,0x0000,0xFFFF,0x0000,0x0000,0x051E,0x0000,0x056E,0x0000,0x0046,0xFFFF,0xFFFF,0xFFFF,0xFFFF,0xFFFF,0xFFFF,0xFFFF,0x014A,0xFFFF,0xFFFF,0xFFFF,0x0084,0x0AF8,0x0118,0x0002,0x005C,0x0020,0xFFFF,0xFFFF,0x1100,0x1111,0xFF11,0x1111,0xF0F0,0x111F,0x0100,0x0011,0x1001,0x1111,0x0000,0x0F01,0x1F11,0x11FE,0x0011,0x6100,0x1A00,0xFF10,0x081F,0x07EA,0x18FF,0x4113,0x9EEC
2026-08-31T17:59:41,0x8003,0x0384,0x037A,0xFFFF,0x070A,0xFFFF,0xFFFF,0x01D1,0x01D1,0xFFFF,0x0000,0x0000,0xFFFF,0x0000,0x049C,0x049C,0xFFFF,0x0938,0xFFFF,0xFFFF,0x0258,0x0258,0xFFFF,0x0000,0x0001,0xFFFF,0x0000,0x0000,0x0000,0x0000,0x0000,0x0000,0x0000,0x0000,0x0000,0x0000,0x0000,0xFFFF,0x0000,0x0000,0x051E,0x0000,0x056E,0x0000,0x0046,0xFFFF,0xFFFF,0xFFFF,0xFFFF,0xFFFF,0xFFFF,0xFFFF,0x014A,0xFFFF,0xFFFF,0xFFFF,0x0084,0x0AE6,0x0118,0x0002,0x005C,0x0020,0xFFFF,0xFFFF,0x1100,0x1111,0xFF11,0x1111,0xF0F0,0x111F,0x0100,0x0011,0x1001,0x1111,0x0000,0x0F01,0x1F11,0x11FE,0x0011,0x6100,0x1A00,0xFF10,0x081F,0x07EA,0x18FF,0x4113,0x9EEC
2026-08-31T17:59:43,0x8003,0x0384,0x037A,0xFFFF,0x0705,0xFFFF,0xFFFF,0x01D2,0x01D2,0xFFFF,0x0000,0x0000,0xFFFF,0x0000,0x049C,0x049C,0xFFFF,0x0938,0xFFFF,0xFFFF,0x0258,0x0257,0xFFFF,0x0000,0x0001,0xFFFF,0x0000,0x0000,0x0000,0x0000,0x0000,0x0000,0x0000,0x0000,0x0000,0x0000,0x0000,0xFFFF,0x0000,0x0000,0x051E,0x0000,0x056E,0x0000,0x0046,0xFFFF,0xFFFF,0xFFFF,0xFFFF,0xFFFF,0xFFFF,0xFFFF,0x0154,0xFFFF,0xFFFF,0xFFFF,0x0084,0x0AEC,0x0118,0x0002,0x005C,0x0021,0xFFFF,0xFFFF,0x1100,0x1111,0xFF11,0x1111,0xF0F0,0x111F,0x0100,0x0011,0x1001,0x1111,0x0000,0x0F01,0x1F11,0x11FE,0x0011,0x6100,0x1A00,0xFF10,0x081F,0x07EA,0x18FF,0x4113,0x9EEC
2026-08-31T17:59:44,0x8003,0x0384,0x037A,0xFFFF,0x070A,0xFFFF,0xFFFF,0x01D4,0x01D3,0xFFFF,0x0000,0x0000,0xFFFF,0x0000,0x049C,0x049C,0xFFFF,0x0938,0xFFFF,0xFFFF,0x0258,0x0258,0xFFFF,0x0000,0x0001,0xFFFF,0x0000,0x0000,0x0000,0x0000,0x0000,0x0000,0x0000,0x0000,0x0000,0x0000,0x0000,0xFFFF,0x0000,0x0000,0x051E,0x0000,0x056E,0x0000,0x0046,0xFFFF,0xFFFF,0xFFFF,0xFFFF,0xFFFF,0xFFFF,0xFFFF,0x014A,0xFFFF,0xFFFF,0xFFFF,0x0084,0x0AF8,0x0118,0x0002,0x005C,0x0021,0xFFFF,0xFFFF,0x1100,0x1111,0xFF11,0x1111,0xF0F0,0x111F,0x0100,0x0011,0x1001,0x1111,0x0000,0x0F01,0x1F11,0x11FE,0x0011,0x6100,0x1A00,0xFF10,0x081F,0x07EA,0x18FF,0x4113,0x9EEC
2026-08-31T17:59:45,0x8003,0x0384,0x037A,0xFFFF,0x070E,0xFFFF,0xFFFF,0x01D4,0x01D4,0xFFFF,0x0000,0x0000,0xFFFF,0x0000,0x049C,0x049C,0xFFFF,0x0942,0xFFFF,0xFFFF,0x0258,0x0258,0xFFFF,0x0000,0x0001,0xFFFF,0x0000,0x0000,0x0000,0x0000,0x0000,0x0000,0x0000,0x0000,0x0000,0x0000,0x0000,0xFFFF,0x0000,0x0000,0x051E,0x0000,0x056E,0x0000,0x0046,0xFFFF,0xFFFF,0xFFFF,0xFFFF,0xFFFF,0xFFFF,0xFFFF,0x014A,0xFFFF,0xFFFF,0xFFFF,0x0084,0x0AF8,0x0118,0x0002,0x005C,0x0021,0xFFFF,0xFFFF,0x1100,0x1111,0xFF11,0x1111,0xF0F0,0x111F,0x0100,0x0011,0x1001,0x1111,0x0000,0x0F01,0x1F11,0x11FE,0x0011,0x6100,0x1A00,0xFF10,0x081F,0x07EA,0x18FF,0x4113,0x9EEC
2026-08-31T17:59:46,0x8003,0x0384,0x037A,0xFFFF,0x0709,0xFFFF,0xFFFF,0x01D4,0x01D4,0xFFFF,0x0000,0x0000,0xFFFF,0x0000,0x049C,0x049C,0xFFFF,0x0942,0xFFFF,0xFFFF,0x0258,0x0258,0xFFFF,0x0000,0x0001,0xFFFF,0x0000,0x0000,0x0000,0x0000,0x0000,0x0000,0x0000,0x0000,0x0000,0x0000,0x0000,0xFFFF,0x0000,0x0000,0x051E,0x0000,0x056E,0x0000,0x0046,0xFFFF,0xFFFF,0xFFFF,0xFFFF,0xFFFF,0xFFFF,0xFFFF,0x014A,0xFFFF,0xFFFF,0xFFFF,0x0084,0x0AF8,0x0118,0x0002,0x005C,0x0021,0xFFFF,0xFFFF,0x1100,0x1111,0xFF11,0x1111,0xF0F0,0x111F,0x0100,0x0011,0x1001,0x1111,0x0000,0x0F01,0x1F11,0x11FE,0x0011,0x6100,0x1A00,0xFF10,0x081F,0x07EA,0x18FF,0x4113,0x9EEC
2026-08-31T17:59:48,0x8003,0x0384,0x037A,0xFFFF,0x0707,0xFFFF,0xFFFF,0x01D4,0x01D4,0xFFFF,0x0000,0x0000,0xFFFF,0x0000,0x049C,0x049C,0xFFFF,0x0942,0xFFFF,0xFFFF,0x0257,0x0257,0xFFFF,0x0000,0x0001,0xFFFF,0x0000,0x0000,0x0000,0x0000,0x0000,0x0000,0x0000,0x0000,0x0000,0x0000,0x0000,0xFFFF,0x0000,0x0000,0x051E,0x0000,0x056E,0x0000,0x0046,0xFFFF,0xFFFF,0xFFFF,0xFFFF,0xFFFF,0xFFFF,0xFFFF,0x0154,0xFFFF,0xFFFF,0xFFFF,0x0084,0x0AF8,0x0118,0x0002,0x005C,0x0021,0xFFFF,0xFFFF,0x1100,0x1111,0xFF11,0x1111,0xF0F0,0x111F,0x0100,0x0011,0x1001,0x1111,0x0000,0x0F01,0x1F11,0x11FE,0x0011,0x6100,0x1A00,0xFF10,0x081F,0x07EA,0x18FF,0x4113,0x9EEC
2026-08-31T17:59:49,0x8003,0x0384,0x037A,0xFFFF,0x0705,0xFFFF,0xFFFF,0x01D0,0x01D0,0xFFFF,0x0000,0x0000,0xFFFF,0x0000,0x049C,0x049C,0xFFFF,0x0942,0xFFFF,0xFFFF,0x0257,0x0258,0xFFFF,0x0000,0x0001,0xFFFF,0x0000,0x0000,0x0000,0x0000,0x0000,0x0000,0x0000,0x0000,0x0000,0x0000,0x0000,0xFFFF,0x0000,0x0000,0x051E,0x0000,0x056E,0x0000,0x0046,0xFFFF,0xFFFF,0xFFFF,0xFFFF,0xFFFF,0xFFFF,0xFFFF,0x014A,0xFFFF,0xFFFF,0xFFFF,0x0084,0x0AE0,0x0118,0x0002,0x005C,0x0021,0xFFFF,0xFFFF,0x1100,0x1111,0xFF11,0x1111,0xF0F0,0x111F,0x0100,0x0011,0x1001,0x1111,0x0000,0x0F01,0x1F11,0x11FE,0x0011,0x6100,0x1A00,0xFF10,0x081F,0x07EA,0x18FF,0x4113,0x9EEC
2026-08-31T17:59:50,0x8003,0x0384,0x037A,0xFFFF,0x0705,0xFFFF,0xFFFF,0x01D2,0x01D3,0xFFFF,0x0000,0x0000,0xFFFF,0x0000,0x049C,0x049C,0xFFFF,0x0942,0xFFFF,0xFFFF,0x0257,0x0257,0xFFFF,0x0000,0x0001,0xFFFF,0x0000,0x0000,0x0000,0x0000,0x0000,0x0000,0x0000,0x0000,0x0000,0x0000,0x0000,0xFFFF,0x0000,0x0000,0x051E,0x0000,0x056E,0x0000,0x0046,0xFFFF,0xFFFF,0xFFFF,0xFFFF,0xFFFF,0xFFFF,0xFFFF,0x014A,0xFFFF,0xFFFF,0xFFFF,0x0084,0x0AEC,0x0118,0x0002,0x005C,0x0021,0xFFFF,0xFFFF,0x1100,0x1111,0xFF11,0x1111,0xF0F0,0x111F,0x0100,0x0011,0x1001,0x1111,0x0000,0x0F01,0x1F11,0x11FE,0x0011,0x6100,0x1A00,0xFF10,0x081F,0x07EA,0x18FF,0x4113,0x9EEC
2026-08-31T17:59:51,0x8003,0x0384,0x037A,0xFFFF,0x070A,0xFFFF,0xFFFF,0x01D4,0x01D5,0xFFFF,0x0000,0x0000,0xFFFF,0x0000,0x049C,0x049C,0xFFFF,0x0942,0xFFFF,0xFFFF,0x0258,0x0258,0xFFFF,0x0000,0x0001,0xFFFF,0x0000,0x0000,0x0000,0x0000,0x0000,0x0000,0x0000,0x0000,0x0000,0x0000,0x0000,0xFFFF,0x0000,0x0000,0x051E,0x0000,0x056E,0x0000,0x0046,0xFFFF,0xFFFF,0xFFFF,0xFFFF,0xFFFF,0xFFFF,0xFFFF,0x0154,0xFFFF,0xFFFF,0xFFFF,0x0084,0x0AF8,0x0118,0x0002,0x005C,0x0021,0xFFFF,0xFFFF,0x1100,0x1111,0xFF11,0x1111,0xF0F0,0x111F,0x0100,0x0011,0x1001,0x1111,0x0000,0x0F01,0x1F11,0x11FE,0x0011,0x6100,0x1B00,0xFF10,0x081F,0x07EA,0x18FF,0x4113,0x9EEC
2026-08-31T17:59:52,0x8003,0x0384,0x037A,0xFFFF,0x06FE,0xFFFF,0xFFFF,0x01CF,0x01D0,0xFFFF,0x0000,0x0000,0xFFFF,0x0000,0x049C,0x049C,0xFFFF,0x0942,0xFFFF,0xFFFF,0x0258,0x0257,0xFFFF,0x0000,0x0001,0xFFFF,0x0000,0x0000,0x0000,0x0000,0x0000,0x0000,0x0000,0x0000,0x0000,0x0000,0x0000,0xFFFF,0x0000,0x0000,0x051E,0x0000,0x056E,0x0000,0x0046,0xFFFF,0xFFFF,0xFFFF,0xFFFF,0xFFFF,0xFFFF,0xFFFF,0x0154,0xFFFF,0xFFFF,0xFFFF,0x0084,0x0ADA,0x0118,0x0002,0x005C,0x0021,0xFFFF,0xFFFF,0x1100,0x1111,0xFF11,0x1111,0xF0F0,0x111F,0x0100,0x0011,0x1001,0x1111,0x0000,0x0F01,0x1F11,0x11FE,0x0011,0x6100,0x1B00,0xFF10,0x081F,0x07EA,0x18FF,0x4113,0x9EEC
2026-08-31T17:59:54,0x8003,0x0384,0x037A,0xFFFF,0x0708,0xFFFF,0xFFFF,0x01D0,0x01D1,0xFFFF,0x0000,0x0000,0xFFFF,0x0000,0x049C,0x049C,0xFFFF,0x0942,0xFFFF,0xFFFF,0x0258,0x0258,0xFFFF,0x0000,0x0001,0xFFFF,0x0000,0x0000,0x0000,0x0000,0x0000,0x0000,0x0000,0x0000,0x0000,0x0000,0x0000,0xFFFF,0x0000,0x0000,0x051E,0x0000,0x056E,0x0000,0x0046,0xFFFF,0xFFFF,0xFFFF,0xFFFF,0xFFFF,0xFFFF,0xFFFF,0x0154,0xFFFF,0xFFFF,0xFFFF,0x0084,0x0AE0,0x0118,0x0002,0x005C,0x0021,0xFFFF,0xFFFF,0x1100,0x1111,0xFF11,0x1111,0xF0F0,0x111F,0x0100,0x0011,0x1001,0x1111,0x0000,0x0F01,0x1F11,0x11FE,0x0011,0x6100,0x1B00,0xFF10,0x081F,0x07EA,0x18FF,0x4113,0x9EEC
2026-08-31T17:59:55,0x8003,0x0384,0x037A,0xFFFF,0x0703,0xFFFF,0xFFFF,0x01D2,0x01D2,0xFFFF,0x0000,0x0000,0xFFFF,0x0000,0x049C,0x049C,0xFFFF,0x0942,0xFFFF,0xFFFF,0x0258,0x0258,0xFFFF,0x0000,0x0001,0xFFFF,0x0000,0x0000,0x0000,0x0000,0x0000,0x0000,0x0000,0x0000,0x0000,0x0000,0x0000,0xFFFF,0x0000,0x0000,0x051E,0x0000,0x056E,0x0000,0x0046,0xFFFF,0xFFFF,0xFFFF,0xFFFF,0xFFFF,0xFFFF,0xFFFF,0x0154,0xFFFF,0xFFFF,0xFFFF,0x0084,0x0AEC,0x0118,0x0002,0x005C,0x0021,0xFFFF,0xFFFF,0x1100,0x1111,0xFF11,0x1111,0xF0F0,0x111F,0x0100,0x0011,0x1001,0x1111,0x0000,0x0F01,0x1F11,0x11FE,0x0011,0x6100,0x1B00,0xFF10,0x081F,0x07EA,0x18FF,0x4113,0x9EEC
2026-08-31T17:59:56,0x8003,0x0384,0x037A,0xFFFF,0x070C,0xFFFF,0xFFFF,0x01D4,0x01D4,0xFFFF,0x0000,0x0000,0xFFFF,0x0000,0x049C,0x049C,0xFFFF,0x0942,0xFFFF,0xFFFF,0x0258,0x0258,0xFFFF,0x0000,0x0001,0xFFFF,0x0000,0x0000,0x0000,0x0000,0x0000,0x0000,0x0000,0x0000,0x0000,0x0000,0x0000,0xFFFF,0x0000,0x0000,0x051E,0x0000,0x056E,0x0000,0x0046,0xFFFF,0xFFFF,0xFFFF,0xFFFF,0xFFFF,0xFFFF,0xFFFF,0x0154,0xFFFF,0xFFFF,0xFFFF,0x0084,0x0AF8,0x0118,0x0002,0x005C,0x0021,0xFFFF,0xFFFF,0x1100,0x1111,0xFF11,0x1111,0xF0F0,0x111F,0x0100,0x0011,0x1001,0x1111,0x0000,0x0F01,0x1F11,0x11FE,0x0011,0x6100,0x1B00,0xFF10,0x081F,0x07EA,0x18FF,0x4113,0x9EEC
2026-08-31T17:59:57,0x8003,0x0384,0x037A,0xFFFF,0x0707,0xFFFF,0xFFFF,0x01D2,0x01D3,0xFFFF,0x0000,0x0000,0xFFFF,0x0000,0x049C,0x049C,0xFFFF,0x0942,0xFFFF,0xFFFF,0x0257,0x0257,0xFFFF,0x0000,0x0001,0xFFFF,0x0000,0x0000,0x0000,0x0000,0x0000,0x0000,0x0000,0x0000,0x0000,0x0000,0x0000,0xFFFF,0x0000,0x0000,0x051E,0x0000,0x056E,0x0000,0x0046,0xFFFF,0xFFFF,0xFFFF,0xFFFF,0xFFFF,0xFFFF,0xFFFF,0x0154,0xFFFF,0xFFFF,0xFFFF,0x0084,0x0AEC,0x0118,0x0002,0x005C,0x0021,0xFFFF,0xFFFF,0x1100,0x1111,0xFF11,0x1111,0xF0F0,0x111F,0x0100,0x0011,0x1001,0x1111,0x0000,0x0F01,0x1F11,0x11FE,0x0011,0x6100,0x1B00,0xFF10,0x081F,0x07EA,0x18FF,0x4113,0x9EEC
2026-08-31T17:59:59,0x8003,0x0384,0x037A,0xFFFF,0x070A,0xFFFF,0xFFFF,0x01D4,0x01D3,0xFFFF,0x0000,0x0000,0xFFFF,0x0000,0x049C,0x049C,0xFFFF,0x0942,0xFFFF,0xFFFF,0x0258,0x0257,0xFFFF,0x0000,0x0001,0xFFFF,0x0000,0x0000,0x0000,0x0000,0x0000,0x0000,0x0000,0x0000,0x0000,0x0000,0x0000,0xFFFF,0x0000,0x0000,0x051E,0x0000,0x056E,0x0000,0x0046,0xFFFF,0xFFFF,0xFFFF,0xFFFF,0xFFFF,0xFFFF,0xFFFF,0x0154,0xFFFF,0xFFFF,0xFFFF,0x0084,0x0AF8,0x0118,0x0002,0x005C,0x0021,0xFFFF,0xFFFF,0x1100,0x1111,0xFF11,0x1111,0xF0F0,0x111F,0x0100,0x0011,0x1001,0x1111,0x0000,0x0F01,0x1F11,0x11FE,0x0011,0x6100,0x1B00,0xFF10,0x081F,0x07EA,0x18FF,0x4113,0x9EEC
2026-08-31T18:00:00,0x8003,0x0384,0x037A,0xFFFF,0x0709,0xFFFF,0xFFFF,0x01D2,0x01D2,0xFFFF,0x0000,0x0000,0xFFFF,0x0000,0x049C,0x049C,0xFFFF,0x0942,0xFFFF,0xFFFF,0x0258,0x0257,0xFFFF,0x0000,0x0001,0xFFFF,0x0000,0x0000,0x0000,0x0000,0x0000,0x0000,0x0000,0x0000,0x0000,0x0000,0x0000,0xFFFF,0x0000,0x0000,0x051E,0x0000,0x056E,0x0000,0x0046,0xFFFF,0xFFFF,0xFFFF,0xFFFF,0xFFFF,0xFFFF,0xFFFF,0x0154,0xFFFF,0xFFFF,0xFFFF,0x0084,0x0AEC,0x0118,0x0002,0x005C,0x0021,0xFFFF,0xFFFF,0x1100,0x1111,0xFF11,0x1111,0xF0F0,0x111F,0x0100,0x0011,0x1001,0x1111,0x0000,0x0F01,0x1F11,0x11FE,0x0011,0x6100,0x1B00,0xFF10,0x081F,0x07EA,0x18FF,0x4113,0x9EEC
2026-08-31T18:00:01,0x8003,0x0384,0x037A,0xFFFF,0x0705,0xFFFF,0xFFFF,0x01D2,0x01D3,0xFFFF,0x0000,0x0000,0xFFFF,0x0000,0x049C,0x049C,0xFFFF,0x0942,0xFFFF,0xFFFF,0x0258,0x0258,0xFFFF,0x0000,0x0001,0xFFFF,0x0000,0x0000,0x0000,0x0000,0x0000,0x0000,0x0000,0x0000,0x0000,0x0000,0x0000,0xFFFF,0x0000,0x0000,0x051E,0x0000,0x056E,0x0000,0x0046,0xFFFF,0xFFFF,0xFFFF,0xFFFF,0xFFFF,0xFFFF,0xFFFF,0x0154,0xFFFF,0xFFFF,0xFFFF,0x0084,0x0AEC,0x0118,0x0002,0x005C,0x0021,0xFFFF,0xFFFF,0x1100,0x1111,0xFF11,0x1111,0xF0F0,0x111F,0x0100,0x0011,0x1001,0x1111,0x0000,0x0F01,0x1F11,0x11FE,0x0011,0x6100,0x1B00,0xFF10,0x081F,0x07EA,0x18FF,0x4113,0x9EEC
2026-08-31T18:00:02,0x8003,0x0384,0x037A,0xFFFF,0x0706,0xFFFF,0xFFFF,0x01D1,0x01D1,0xFFFF,0x0000,0x0000,0xFFFF,0x0000,0x049C,0x049C,0xFFFF,0x0942,0xFFFF,0xFFFF,0x0258,0x0258,0xFFFF,0x0000,0x0001,0xFFFF,0x0000,0x0000,0x0000,0x0000,0x0000,0x0000,0x0000,0x0000,0x0000,0x0000,0x0000,0xFFFF,0x0000,0x0000,0x051E,0x0000,0x056E,0x0000,0x0046,0xFFFF,0xFFFF,0xFFFF,0xFFFF,0xFFFF,0xFFFF,0xFFFF,0x0154,0xFFFF,0xFFFF,0xFFFF,0x0084,0x0AE6,0x0118,0x0002,0x005C,0x0021,0xFFFF,0xFFFF,0x1100,0x1111,0xFF11,0x1111,0xF0F0,0x111F,0x0100,0x0011,0x1001,0x1111,0x0000,0x0F01,0x1F11,0x11FE,0x0011,0x6100,0x1B00,0xFF10,0x081F,0x07EA,0x18FF,0x4113,0x9EEC
2026-08-31T18:00:04,0x8003,0x0384,0x037A,0xFFFF,0x0706,0xFFFF,0xFFFF,0x01CE,0x01CE,0xFFFF,0x0000,0x0000,0xFFFF,0x0000,0x049C,0x049C,0xFFFF,0x0942,0xFFFF,0xFFFF,0x0258,0x0258,0xFFFF,0x0000,0x0001,0xFFFF,0x0000,0x0000,0x0000,0x0000,0x0000,0x0000,0x0000,0x0000,0x0000,0x0000,0x0000,0xFFFF,0x0000,0x0000,0x051E,0x0000,0x056E,0x0000,0x0046,0xFFFF,0xFFFF,0xFFFF,0xFFFF,0xFFFF,0xFFFF,0xFFFF,0x0154,0xFFFF,0xFFFF,0xFFFF,0x0084,0x0AD4,0x0118,0x0002,0x005C,0x0021,0xFFFF,0xFFFF,0x1100,0x1111,0xFF11,0x1111,0xF0F0,0x111F,0x0100,0x0011,0x1001,0x1111,0x0000,0x0F01,0x1F11,0x11FE,0x0011,0x6100,0x1B00,0xFF10,0x081F,0x07EA,0x18FF,0x4113,0x9EEC
2026-08-31T18:00:05,0x8003,0x0384,0x037A,0xFFFF,0x070B,0xFFFF,0xFFFF,0x01D2,0x01D1,0xFFFF,0x0000,0x0000,0xFFFF,0x0000,0x049C,0x049C,0xFFFF,0x0942,0xFFFF,0xFFFF,0x0257,0x0258,0xFFFF,0x0000,0x0001,0xFFFF,0x0000,0x0000,0x0000,0x0000,0x0000,0x0000,0x0000,0x0000,0x0000,0x0000,0x0000,0xFFFF,0x0000,0x0000,0x051E,0x0000,0x056E,0x0000,0x0046,0xFFFF,0xFFFF,0xFFFF,0xFFFF,0xFFFF,0xFFFF,0xFFFF,0x0154,0xFFFF,0xFFFF,0xFFFF,0x0084,0x0AEC,0x0118,0x0002,0x005C,0x0021,0xFFFF,0xFFFF,0x1100,0x1111,0xFF11,0x1111,0xF0F0,0x111F,0x0100,0x0011,0x1001,0x1111,0x0000,0x0F01,0x1F11,0x11FE,0x0011,0x6100,0x1B00,0xFF10,0x081F,0x07EA,0x18FF,0x4113,0x9EEC
2026-08-31T18:00:06,0x8003,0x0384,0x037A,0xFFFF,0x0705,0xFFFF,0xFFFF,0x01D6,0x01D6,0xFFFF,0x0000,0x0000,0xFFFF,0x0000,0x049C,0x049C,0xFFFF,0x0942,0xFFFF,0xFFFF,0x0257,0x0257,0xFFFF,0x0000,0x0001,0xFFFF,0x0000,0x0000,0x0000,0x0000,0x0000,0x0000,0x0000,0x0000,0x0000,0x0000,0x0000,0xFFFF,0x0000,0x0000,0x051E,0x0000,0x056E,0x0000,0x0046,0xFFFF,0xFFFF,0xFFFF,0xFFFF,0xFFFF,0xFFFF,0xFFFF,0x0154,0xFFFF,0xFFFF,0xFFFF,0x0084,0x0B04,0x0118,0x0002,0x005C,0x0021,0xFFFF,0xFFFF,0x1100,0x1111,0xFF11,0x1111,0xF0F0,0x111F,0x0100,0x0011,0x1001,0x1111,0x0000,0x0F01,0x1F11,0x11FE,0x0011,0x6100,0x1B00,0xFF10,0x081F,0x07EA,0x18FF,0x4113,0x9EEC
2026-08-31T18:00:07,0x8003,0x0384,0x037A,0xFFFF,0x0709,0xFFFF,0xFFFF,0x01D1,0x01D2,0xFFFF,0x0000,0x0000,0xFFFF,0x0000,0x049C,0x049C,0xFFFF,0x0942,0xFFFF,0xFFFF,0x0258,0x0257,0xFFFF,0x0000,0x0001,0xFFFF,0x0000,0x0000,0x0000,0x0000,0x0000,0x0000,0x0000,0x0000,0x0000,0x0000,0x0000,0xFFFF,0x0000,0x0000,0x051E,0x0000,0x056E,0x0000,0x0046,0xFFFF,0xFFFF,0xFFFF,0xFFFF,0xFFFF,0xFFFF,0xFFFF,0x0154,0xFFFF,0xFFFF,0xFFFF,0x0084,0x0AE6,0x0118,0x0002,0x005C,0x0021,0xFFFF,0xFFFF,0x1100,0x1111,0xFF11,0x1111,0xF0F0,0x111F,0x0100,0x0011,0x1001,0x1111,0x0000,0x0F01,0x1F11,0x11FE,0x0011,0x6100,0x1B00,0xFF10,0x081F,0x07EA,0x18FF,0x4113,0x9EEC
2026-08-31T18:00:08,0x8003,0x0384,0x037A,0xFFFF,0x070A,0xFFFF,0xFFFF,0x01D4,0x01D5,0xFFFF,0x0000,0x0000,0xFFFF,0x0000,0x049C,0x049C,0xFFFF,0x0942,0xFFFF,0xFFFF,0x0258,0x0257,0xFFFF,0x0000,0x0001,0xFFFF,0x0000,0x0000,0x0000,0x0000,0x0000,0x0000,0x0000,0x0000,0x0000,0x0000,0x0000,0xFFFF,0x0000,0x0000,0x051E,0x0000,0x056E,0x0000,0x0046,0xFFFF,0xFFFF,0xFFFF,0xFFFF,0xFFFF,0xFFFF,0xFFFF,0x0154,0xFFFF,0xFFFF,0xFFFF,0x0084,0x0AF8,0x0118,0x0002,0x005C,0x0021,0xFFFF,0xFFFF,0x1100,0x1111,0xFF11,0x1111,0xF0F0,0x111F,0x0100,0x0011,0x1001,0x1111,0x0000,0x0F01,0x1F11,0x11FE,0x0011,0x6100,0x1B00,0xFF10,0x081F,0x07EA,0x18FF,0x4113,0x9EEC
2026-08-31T18:00:10,0x8003,0x0384,0x037A,0xFFFF,0x0703,0xFFFF,0xFFFF,0x01D3,0x01D4,0xFFFF,0x0000,0x0000,0xFFFF,0x0000,0x049C,0x049C,0xFFFF,0x0942,0xFFFF,0xFFFF,0x0258,0x0258,0xFFFF,0x0000,0x0001,0xFFFF,0x0000,0x0000,0x0000,0x0000,0x0000,0x0000,0x0000,0x0000,0x0000,0x0000,0x0000,0xFFFF,0x0000,0x0000,0x051E,0x0000,0x056E,0x0000,0x0046,0xFFFF,0xFFFF,0xFFFF,0xFFFF,0xFFFF,0xFFFF,0xFFFF,0x0154,0xFFFF,0xFFFF,0xFFFF,0x0084,0x0AF2,0x0118,0x0002,0x005C,0x0021,0xFFFF,0xFFFF,0x1100,0x1111,0xFF11,0x1111,0xF0F0,0x111F,0x0100,0x0011,0x1001,0x1111,0x0000,0x0F01,0x1F11,0x11FE,0x0011,0x6100,0x1B00,0xFF10,0x081F,0x07EA,0x18FF,0x4113,0x9EEC
2026-08-31T18:00:11,0x8003,0x0384,0x037A,0xFFFF,0x070A,0xFFFF,0xFFFF,0x01D2,0x01D2,0xFFFF,0x0000,0x0000,0xFFFF,0x0000,0x049C,0x049C,0xFFFF,0x0942,0xFFFF,0xFFFF,0x0258,0x0258,0xFFFF,0x0000,0x0001,0xFFFF,0x0000,0x0000,0x0000,0x0000,0x0000,0x0000,0x0000,0x0000,0x0000,0x0000,0x0000,0xFFFF,0x0000,0x0000,0x051E,0x0000,0x056E,0x0000,0x0046,0xFFFF,0xFFFF,0xFFFF,0xFFFF,0xFFFF,0xFFFF,0xFFFF,0x0154,0xFFFF,0xFFFF,0xFFFF,0x0084,0x0AEC,0x0118,0x0002,0x005C,0x0021,0xFFFF,0xFFFF,0x1100,0x1111,0xFF11,0x1111,0xF0F0,0x111F,0x0100,0x0011,0x1001,0x1111,0x0000,0x0F01,0x1F11,0x11FE,0x0011,0x6100,0x1B00,0xFF10,0x081F,0x07EA,0x18FF,0x4113,0x9EEC
2026-08-31T18:00:12,0x8003,0x0384,0x037A,0xFFFF,0x0706,0xFFFF,0xFFFF,0x01D2,0x01D3,0xFFFF,0x0000,0x0000,0xFFFF,0x0000,0x049C,0x049C,0xFFFF,0x0942,0xFFFF,0xFFFF,0x0258,0x0258,0xFFFF,0x0000,0x0001,0xFFFF,0x0000,0x0000,0x0000,0x0000,0x0000,0x0000,0x0000,0x0000,0x0000,0x0000,0x0000,0xFFFF,0x0000,0x0000,0x051E,0x0000,0x056E,0x0000,0x0046,0xFFFF,0xFFFF,0xFFFF,0xFFFF,0xFFFF,0xFFFF,0xFFFF,0x0154,0xFFFF,0xFFFF,0xFFFF,0x0084,0x0AEC,0x0118,0x0002,0x005C,0x0021,0xFFFF,0xFFFF,0x1100,0x1111,0xFF11,0x1111,0xF0F0,0x111F,0x0100,0x0011,0x1001,0x1111,0x0000,0x0F01,0x1F11,0x11FE,0x0011,0x6100,0x1B00,0xFF10,0x081F,0x07EA,0x18FF,0x4113,0x9EEC
2026-08-31T18:00:13,0x8003,0x0384,0x037A,0xFFFF,0x070B,0xFFFF,0xFFFF,0x01D4,0x01D4,0xFFFF,0x0000,0x0000,0xFFFF,0x0000,0x049C,0x049C,0xFFFF,0x0942,0xFFFF,0xFFFF,0x0258,0x0257,0xFFFF,0x0000,0x0001,0xFFFF,0x0000,0x0000,0x0000,0x0000,0x0000,0x0000,0x0000,0x0000,0x0000,0x0000,0x0000,0xFFFF,0x0000,0x0000,0x051E,0x0000,0x056E,0x0000,0x0046,0xFFFF,0xFFFF,0xFFFF,0xFFFF,0xFFFF,0xFFFF,0xFFFF,0x0154,0xFFFF,0xFFFF,0xFFFF,0x0084,0x0AF8,0x0118,0x0002,0x005C,0x0021,0xFFFF,0xFFFF,0x1100,0x1111,0xFF11,0x1111,0xF0F0,0x111F,0x0100,0x0011,0x1001,0x1111,0x0000,0x0F01,0x1F11,0x11FE,0x0011,0x6100,0x1B00,0xFF10,0x081F,0x07EA,0x18FF,0x4113,0x9EEC
2026-08-31T18:00:15,0x8003,0x0384,0x037A,0xFFFF,0x0706,0xFFFF,0xFFFF,0x01D3,0x01D2,0xFFFF,0x0000,0x0000,0xFFFF,0x0000,0x049C,0x049C,0xFFFF,0x0942,0xFFFF,0xFFFF,0x0258,0x0258,0xFFFF,0x0000,0x0001,0xFFFF,0x0000,0x0000,0x0000,0x0000,0x0000,0x0000,0x0000,0x0000,0x0000,0x0000,0x0000,0xFFFF,0x0000,0x0000,0x051E,0x0000,0x056E,0x0000,0x0046,0xFFFF,0xFFFF,0xFFFF,0xFFFF,0xFFFF,0xFFFF,0xFFFF,0x0154,0xFFFF,0xFFFF,0xFFFF,0x0084,0x0AF2,0x0118,0x0002,0x005C,0x0021,0xFFFF,0xFFFF,0x1100,0x1111,0xFF11,0x1111,0xF0F0,0x111F,0x0100,0x0011,0x1001,0x1111,0x0000,0x0F01,0x1F11,0x11FE,0x0011,0x6100,0x1B00,0xFF10,0x081F,0x07EA,0x18FF,0x4113,0x9EEC
2026-08-31T18:00:16,0x8003,0x0384,0x037A,0xFFFF,0x0708,0xFFFF,0xFFFF,0x01D4,0x01D4,0xFFFF,0x0000,0x0000,0xFFFF,0x0000,0x049C,0x049C,0xFFFF,0x0942,0xFFFF,0xFFFF,0x0258,0x0258,0xFFFF,0x0000,0x0001,0xFFFF,0x0000,0x0000,0x0000,0x0000,0x0000,0x0000,0x0000,0x0000,0x0000,0x0000,0x0000,0xFFFF,0x0000,0x0000,0x051E,0x0000,0x056E,0x0000,0x0046,0xFFFF,0xFFFF,0xFFFF,0xFFFF,0xFFFF,0xFFFF,0xFFFF,0x0154,0xFFFF,0xFFFF,0xFFFF,0x0084,0x0AF8,0x0118,0x0002,0x005C,0x0021,0xFFFF,0xFFFF,0x1100,0x1111,0xFF11,0x1111,0xF0F0,0x111F,0x0100,0x0011,0x1001,0x1111,0x0000,0x0F01,0x1F11,0x11FE,0x0011,0x6100,0x1B00,0xFF10,0x081F,0x07EA,0x18FF,0x4113,0x9EEC
2026-08-31T18:00:17,0x8003,0x0384,0x037A,0xFFFF,0x0705,0xFFFF,0xFFFF,0x01D0,0x01D0,0xFFFF,0x0000,0x0000,0xFFFF,0x0000,0x049C,0x049C,0xFFFF,0x0942,0xFFFF,0xFFFF,0x0258,0x0257,0xFFFF,0x0000,0x0001,0xFFFF,0x0000,0x0000,0x0000,0x0000,0x0000,0x0000,0x0000,0x0000,0x0000,0x0000,0x0000,0xFFFF,0x0000,0x0000,0x051E,0x0000,0x056E,0x0000,0x0046,0xFFFF,0xFFFF,0xFFFF,0xFFFF,0xFFFF,0xFFFF,0xFFFF,0x0154,0xFFFF,0xFFFF,0xFFFF,0x0084,0x0AE0,0x0118,0x0002,0x005C,0x0021,0xFFFF,0xFFFF,0x1100,0x1111,0xFF11,0x1111,0xF0F0,0x111F,0x0100,0x0011,0x1001,0x1111,0x0000,0x0F01,0x1F11,0x11FE,0x0011,0x6100,0x1B00,0xFF10,0x081F,0x07EA,0x18FF,0x4113,0x9EEC
2026-08-31T18:00:18,0x8003,0x0384,0x037A,0xFFFF,0x0703,0xFFFF,0xFFFF,0x01D0,0x01D0,0xFFFF,0x0000,0x0000,0xFFFF,0x0000,0x049C,0x049C,0xFFFF,0x0942,0xFFFF,0xFFFF,0x0257,0x0258,0xFFFF,0x0000,0x0001,0xFFFF,0x0000,0x0000,0x0000,0x0000,0x0000,0x0000,0x0000,0x0000,0x0000,0x0000,0x0000,0xFFFF,0x0000,0x0000,0x051E,0x0000,0x056E,0x0000,0x0046,0xFFFF,0xFFFF,0xFFFF,0xFFFF,0xFFFF,0xFFFF,0xFFFF,0x0154,0xFFFF,0xFFFF,0xFFFF,0x0084,0x0AE0,0x0118,0x0002,0x005C,0x0021,0xFFFF,0xFFFF,0x1100,0x1111,0xFF11,0x1111,0xF0F0,0x111F,0x0100,0x0011,0x1001,0x1111,0x0000,0x0F01,0x1F11,0x11FE,0x0011,0x6100,0x1B00,0xFF10,0x081F,0x07EA,0x18FF,0x4113,0x9EEC
2026-08-31T18:00:20,0x8003,0x0384,0x037A,0xFFFF,0x070C,0xFFFF,0xFFFF,0x01D3,0x01D1,0xFFFF,0x0000,0x0000,0xFFFF,0x0000,0x049C,0x049C,0xFFFF,0x0942,0xFFFF,0xFFFF,0x0258,0x0258,0xFFFF,0x0000,0x0001,0xFFFF,0x0000,0x0000,0x0000,0x0000,0x0000,0x0000,0x0000,0x0000,0x0000,0x0000,0x0000,0xFFFF,0x0000,0x0000,0x051E,0x0000,0x056E,0x0000,0x0046,0xFFFF,0xFFFF,0xFFFF,0xFFFF,0xFFFF,0xFFFF,0xFFFF,0x0154,0xFFFF,0xFFFF,0xFFFF,0x0084,0x0AF2,0x0118,0x0002,0x005C,0x0021,0xFFFF,0xFFFF,0x1100,0x1111,0xFF11,0x1111,0xF0F0,0x111F,0x0100,0x0011,0x1001,0x1111,0x0000,0x0F01,0x1F11,0x11FE,0x0011,0x6100,0x1B00,0xFF10,0x081F,0x07EA,0x18FF,0x4113,0x9EEC
2026-08-31T18:00:21,0x8003,0x0384,0x037A,0xFFFF,0x0707,0xFFFF,0xFFFF,0x01D2,0x01D3,0xFFFF,0x0000,0x0000,0xFFFF,0x0000,0x049C,0x049C,0xFFFF,0x0942,0xFFFF,0xFFFF,0x0258,0x0258,0xFFFF,0x0000,0x0001,0xFFFF,0x0000,0x0000,0x0000,0x0000,0x0000,0x0000,0x0000,0x0000,0x0000,0x0000,0x0000,0xFFFF,0x0000,0x0000,0x051E,0x0000,0x056E,0x0000,0x0046,0xFFFF,0xFFFF,0xFFFF,0xFFFF,0xFFFF,0xFFFF,0xFFFF,0x0154,0xFFFF,0xFFFF,0xFFFF,0x0084,0x0AEC,0x0118,0x0002,0x005C,0x0021,0xFFFF,0xFFFF,0x1100,0x1111,0xFF11,0x1111,0xF0F0,0x111F,0x0100,0x0011,0x1001,0x1111,0x0000,0x0F01,0x1F11,0x11FE,0x0011,0x6100,0x1B00,0xFF10,0x081F,0x07EA,0x18FF,0x4113,0x9EEC
2026-08-31T18:00:22,0x8003,0x0384,0x037A,0xFFFF,0x070A,0xFFFF,0xFFFF,0x01D5,0x01D5,0xFFFF,0x0000,0x0000,0xFFFF,0x0000,0x049C,0x049C,0xFFFF,0x0942,0xFFFF,0xFFFF,0x0258,0x0258,0xFFFF,0x0000,0x0001,0xFFFF,0x0000,0x0000,0x0000,0x0000,0x0000,0x0000,0x0000,0x0000,0x0000,0x0000,0x0000,0xFFFF,0x0000,0x0000,0x051E,0x0000,0x056E,0x0000,0x0046,0xFFFF,0xFFFF,0xFFFF,0xFFFF,0xFFFF,0xFFFF,0xFFFF,0x0154,0xFFFF,0xFFFF,0xFFFF,0x0084,0x0AFE,0x0118,0x0002,0x005C,0x0021,0xFFFF,0xFFFF,0x1100,0x1111,0xFF11,0x1111,0xF0F0,0x111F,0x0100,0x0011,0x1001,0x1111,0x0000,0x0F01,0x1F11,0x11FE,0x0011,0x6100,0x1B00,0xFF10,0x081F,0x07EA,0x18FF,0x4113,0x9EEC
2026-08-31T18:00:23,0x8003,0x0384,0x037A,0xFFFF,0x0708,0xFFFF,0xFFFF,0x01D3,0x01D3,0xFFFF,0x0000,0x0000,0xFFFF,0x0000,0x049C,0x049C,0xFFFF,0x0942,0xFFFF,0xFFFF,0x0258,0x0258,0xFFFF,0x0000,0x0001,0xFFFF,0x0000,0x0000,0x0000,0x0000,0x0000,0x0000,0x0000,0x0000,0x0000,0x0000,0x0000,0xFFFF,0x0000,0x0000,0x051E,0x0000,0x056E,0x0000,0x0046,0xFFFF,0xFFFF,0xFFFF,0xFFFF,0xFFFF,0xFFFF,0xFFFF,0x0154,0xFFFF,0xFFFF,0xFFFF,0x0084,0x0AF2,0x0118,0x0002,0x005C,0x0021,0xFFFF,0xFFFF,0x1100,0x1111,0xFF11,0x1111,0xF0F0,0x111F,0x0100,0x0011,0x1001,0x1111,0x0000,0x0F01,0x1F11,0x11FE,0x0011,0x6100,0x1B00,0xFF10,0x081F,0x07EA,0x18FF,0x4113,0x9EEC
2026-08-31T18:00:24,0x8003,0x0384,0x037A,0xFFFF,0x0708,0xFFFF,0xFFFF,0x01D1,0x01D2,0xFFFF,0x0000,0x0000,0xFFFF,0x0000,0x049C,0x049C,0xFFFF,0x0942,0xFFFF,0xFFFF,0x0258,0x0258,0xFFFF,0x0000,0x0001,0xFFFF,0x0000,0x0000,0x0000,0x0000,0x0000,0x0000,0x0000,0x0000,0x0000,0x0000,0x0000,0xFFFF,0x0000,0x0000,0x051E,0x0000,0x056E,0x0000,0x0046,0xFFFF,0xFFFF,0xFFFF,0xFFFF,0xFFFF,0xFFFF,0xFFFF,0x0154,0xFFFF,0xFFFF,0xFFFF,0x0084,0x0AE6,0x0118,0x0002,0x005C,0x0021,0xFFFF,0xFFFF,0x1100,0x1111,0xFF11,0x1111,0xF0F0,0x111F,0x0100,0x0011,0x1001,0x1111,0x0000,0x0F01,0x1F11,0x11FE,0x0011,0x6100,0x1B00,0xFF10,0x081F,0x07EA,0x18FF,0x4113,0x9EEC
2026-08-31T18:00:26,0x8003,0x0384,0x037A,0xFFFF,0x0706,0xFFFF,0xFFFF,0x01D4,0x01D4,0xFFFF,0x0000,0x0000,0xFFFF,0x0000,0x049C,0x049C,0xFFFF,0x0942,0xFFFF,0xFFFF,0x0258,0x0257,0xFFFF,0x0000,0x0001,0xFFFF,0x0000,0x0000,0x0000,0x0000,0x0000,0x0000,0x0000,0x0000,0x0000,0x0000,0x0000,0xFFFF,0x0000,0x0000,0x051E,0x0000,0x056E,0x0000,0x0046,0xFFFF,0xFFFF,0xFFFF,0xFFFF,0xFFFF,0xFFFF,0xFFFF,0x0154,0xFFFF,0xFFFF,0xFFFF,0x0084,0x0AF8,0x0118,0x0002,0x005C,0x0021,0xFFFF,0xFFFF,0x1100,0x1111,0xFF11,0x1111,0xF0F0,0x111F,0x0100,0x0011,0x1001,0x1111,0x0000,0x0F01,0x1F11,0x11FE,0x0011,0x6100,0x1B00,0xFF10,0x081F,0x07EA,0x18FF,0x4113,0x9EEC
2026-08-31T18:00:27,0x8003,0x0384,0x037A,0xFFFF,0x0708,0xFFFF,0xFFFF,0x01D1,0x01D1,0xFFFF,0x0000,0x0000,0xFFFF,0x0000,0x04A6,0x049C,0xFFFF,0x094C,0xFFFF,0xFFFF,0x0257,0x0258,0xFFFF,0x0000,0x0001,0xFFFF,0x0000,0x0000,0x0000,0x0000,0x0000,0x0000,0x0000,0x0000,0x0000,0x0000,0x0000,0xFFFF,0x0000,0x0000,0x051E,0x0000,0x056E,0x0000,0x0046,0xFFFF,0xFFFF,0xFFFF,0xFFFF,0xFFFF,0xFFFF,0xFFFF,0x0154,0xFFFF,0xFFFF,0xFFFF,0x0084,0x0AE6,0x0118,0x0002,0x005C,0x0021,0xFFFF,0xFFFF,0x1100,0x1111,0xFF11,0x1111,0xF0F0,0x111F,0x0100,0x0011,0x1001,0x1111,0x0000,0x0F01,0x1F11,0x11FE,0x0011,0x6100,0x1B00,0xFF10,0x081F,0x07EA,0x18FF,0x4113,0x9EEC
2026-08-31T18:00:28,0x8003,0x0384,0x037A,0xFFFF,0x0703,0xFFFF,0xFFFF,0x01D2,0x01D1,0xFFFF,0x0000,0x0000,0xFFFF,0x0000,0x049C,0x049C,0xFFFF,0x0942,0xFFFF,0xFFFF,0x0258,0x0258,0xFFFF,0x0000,0x0001,0xFFFF,0x0000,0x0000,0x0000,0x0000,0x0000,0x0000,0x0000,0x0000,0x0000,0x0000,0x0000,0xFFFF,0x0000,0x0000,0x051E,0x0000,0x056E,0x0000,0x0046,0xFFFF,0xFFFF,0xFFFF,0xFFFF,0xFFFF,0xFFFF,0xFFFF,0x0154,0xFFFF,0xFFFF,0xFFFF,0x0084,0x0AEC,0x0118,0x0002,0x005C,0x0021,0xFFFF,0xFFFF,0x1100,0x1111,0xFF11,0x1111,0xF0F0,0x111F,0x0100,0x0011,0x1001,0x1111,0x0000,0x0F01,0x1F11,0x11FE,0x0011,0x6100,0x1B00,0xFF10,0x081F,0x07EA,0x18FF,0x4113,0x9EEC
2026-08-31T18:00:29,0x8003,0x0384,0x037A,0xFFFF,0x070E,0xFFFF,0xFFFF,0x01D2,0x01D2,0xFFFF,0x0000,0x0000,0xFFFF,0x0000,0x049C,0x049C,0xFFFF,0x0942,0xFFFF,0xFFFF,0x0257,0x0258,0xFFFF,0x0000,0x0001,0xFFFF,0x0000,0x0000,0x0000,0x0000,0x0000,0x0000,0x0000,0x0000,0x0000,0x0000,0x0000,0xFFFF,0x0000,0x0000,0x051E,0x0000,0x056E,0x0000,0x0046,0xFFFF,0xFFFF,0xFFFF,0xFFFF,0xFFFF,0xFFFF,0xFFFF,0x0154,0xFFFF,0xFFFF,0xFFFF,0x0084,0x0AEC,0x0118,0x0002,0x005C,0x0021,0xFFFF,0xFFFF,0x1100,0x1111,0xFF11,0x1111,0xF0F0,0x111F,0x0100,0x0011,0x1001,0x1111,0x0000,0x0F01,0x1F11,0x11FE,0x0011,0x6100,0x1B00,0xFF10,0x081F,0x07EA,0x18FF,0x4113,0x9EEC
2026-08-31T18:00:31,0x8003,0x0384,0x037A,0xFFFF,0x070B,0xFFFF,0xFFFF,0x01D5,0x01D5,0xFFFF,0x0000,0x0000,0xFFFF,0x0000,0x049C,0x049C,0xFFFF,0x094C,0xFFFF,0xFFFF,0x0258,0x0258,0xFFFF,0x0000,0x0001,0xFFFF,0x0000,0x0000,0x0000,0x0000,0x0000,0x0000,0x0000,0x0000,0x0000,0x0000,0x0000,0xFFFF,0x0000,0x0000,0x051E,0x0000,0x056E,0x0000,0x0046,0xFFFF,0xFFFF,0xFFFF,0xFFFF,0xFFFF,0xFFFF,0xFFFF,0x0154,0xFFFF,0xFFFF,0xFFFF,0x0084,0x0AFE,0x0118,0x0002,0x005C,0x0021,0xFFFF,0xFFFF,0x1100,0x1111,0xFF11,0x1111,0xF0F0,0x111F,0x0100,0x0011,0x1001,0x1111,0x0000,0x0F01,0x1F11,0x11FE,0x0011,0x6100,0x1B00,0xFF10,0x081F,0x07EA,0x18FF,0x4113,0x9EEC
2026-08-31T18:00:32,0x8003,0x0384,0x037A,0xFFFF,0x0709,0xFFFF,0xFFFF,0x01D2,0x01D3,0xFFFF,0x0000,0x0000,0xFFFF,0x0000,0x049C,0x049C,0xFFFF,0x0942,0xFFFF,0xFFFF,0x0258,0x0257,0xFFFF,0x0000,0x0001,0xFFFF,0x0000,0x0000,0x0000,0x0000,0x0000,0x0000,0x0000,0x0000,0x0000,0x0000,0x0000,0xFFFF,0x0000,0x0000,0x051E,0x0000,0x056E,0x0000,0x0046,0xFFFF,0xFFFF,0xFFFF,0xFFFF,0xFFFF,0xFFFF,0xFFFF,0x0154,0xFFFF,0xFFFF,0xFFFF,0x0084,0x0AEC,0x0118,0x0002,0x005C,0x0021,0xFFFF,0xFFFF,0x1100,0x1111,0xFF11,0x1111,0xF0F0,0x111F,0x0100,0x0011,0x1001,0x1111,0x0000,0x0F01,0x1F11,0x11FE,0x0011,0x6100,0x1B00,0xFF10,0x081F,0x07EA,0x18FF,0x4113,0x9EEC
2026-08-31T18:00:33,0x8003,0x0384,0x037A,0xFFFF,0x070B,0xFFFF,0xFFFF,0x01D0,0x01CF,0xFFFF,0x0000,0x0000,0xFFFF,0x0000,0x049C,0x049C,0xFFFF,0x0942,0xFFFF,0xFFFF,0x0258,0x0258,0xFFFF,0x0000,0x0001,0xFFFF,0x0000,0x0000,0x0000,0x0000,0x0000,0x0000,0x0000,0x0000,0x0000,0x0000,0x0000,0xFFFF,0x0000,0x0000,0x051E,0x0000,0x056E,0x0000,0x0046,0xFFFF,0xFFFF,0xFFFF,0xFFFF,0xFFFF,0xFFFF,0xFFFF,0x0154,0xFFFF,0xFFFF,0xFFFF,0x0084,0x0AE0,0x0118,0x0002,0x005C,0x0021,0xFFFF,0xFFFF,0x1100,0x1111,0xFF11,0x1111,0xF0F0,0x111F,0x0100,0x0011,0x1001,0x1111,0x0000,0x0F01,0x1F11,0x11FE,0x0011,0x6100,0x1B00,0xFF10,0x081F,0x07EA,0x18FF,0x4113,0x9EEC
2026-08-31T18:00:34,0x8003,0x0384,0x037A,0xFFFF,0x0706,0xFFFF,0xFFFF,0x01D3,0x01D5,0xFFFF,0x0000,0x0000,0xFFFF,0x0000,0x049C,0x049C,0xFFFF,0x0942,0xFFFF,0xFFFF,0x0258,0x0258,0xFFFF,0x0000,0x0000,0xFFFF,0x0000,0x0000,0x0000,0x0000,0x0000,0x0000,0x0000,0x0000,0x0000,0x0000,0x0000,0xFFFF,0x0000,0x0000,0x051E,0x0000,0x056E,0x0000,0x0046,0xFFFF,0xFFFF,0xFFFF,0xFFFF,0xFFFF,0xFFFF,0xFFFF,0x0154,0xFFFF,0xFFFF,0xFFFF,0x0084,0x0AF2,0x0118,0x0002,0x005C,0x0021,0xFFFF,0xFFFF,0x1100,0x1111,0xFF11,0x1111,0xF0F0,0x111F,0x0100,0x0011,0x1001,0x1111,0x0000,0x0F01,0x1F11,0x11FE,0x0011,0x6100,0x1B00,0xFF10,0x081F,0x07EA,0x18FF,0x4113,0x9EEC
2026-08-31T18:00:36,0x8003,0x0384,0x037A,0xFFFF,0x0708,0xFFFF,0xFFFF,0x01D2,0x01D4,0xFFFF,0x0000,0x0000,0xFFFF,0x0000,0x049C,0x049C,0xFFFF,0x0942,0xFFFF,0xFFFF,0x0258,0x0258,0xFFFF,0x0000,0x0000,0xFFFF,0x0000,0x0000,0x0000,0x0000,0x0000,0x0000,0x0000,0x0000,0x0000,0x0000,0x0000,0xFFFF,0x0000,0x0000,0x051E,0x0000,0x056E,0x0000,0x0046,0xFFFF,0xFFFF,0xFFFF,0xFFFF,0xFFFF,0xFFFF,0xFFFF,0x0154,0xFFFF,0xFFFF,0xFFFF,0x0084,0x0AEC,0x0118,0x0002,0x005C,0x0021,0xFFFF,0xFFFF,0x1100,0x1111,0xFF11,0x1111,0xF0F0,0x111F,0x0100,0x0011,0x1001,0x1111,0x0000,0x0F01,0x1F11,0x11FE,0x0011,0x6100,0x1B00,0xFF10,0x081F,0x07EA,0x18FF,0x4113,0x9EEC
2026-08-31T18:00:37,0x8003,0x0384,0x037A,0xFFFF,0x070D,0xFFFF,0xFFFF,0x01D3,0x01D2,0xFFFF,0x0000,0x0000,0xFFFF,0x0000,0x049C,0x049C,0xFFFF,0x0942,0xFFFF,0xFFFF,0x0258,0x0258,0xFFFF,0x0000,0x0000,0xFFFF,0x0000,0x0000,0x0000,0x0000,0x0000,0x0000,0x0000,0x0000,0x0000,0x0000,0x0000,0xFFFF,0x0000,0x0000,0x051E,0x0000,0x056E,0x0000,0x0046,0xFFFF,0xFFFF,0xFFFF,0xFFFF,0xFFFF,0xFFFF,0xFFFF,0x0154,0xFFFF,0xFFFF,0xFFFF,0x0084,0x0AF2,0x0118,0x0002,0x005C,0x0021,0xFFFF,0xFFFF,0x1100,0x1111,0xFF11,0x1111,0xF0F0,0x111F,0x0100,0x0011,0x1001,0x1111,0x0000,0x0F01,0x1F11,0x11FE,0x0011,0x6100,0x1B00,0xFF10,0x081F,0x07EA,0x18FF,0x4113,0x9EEC
2026-08-31T18:00:38,0x8003,0x0384,0x037A,0xFFFF,0x070B,0xFFFF,0xFFFF,0x01CE,0x01CF,0xFFFF,0x0000,0x0000,0xFFFF,0x0000,0x049C,0x049C,0xFFFF,0x0942,0xFFFF,0xFFFF,0x0258,0x0258,0xFFFF,0x0000,0x0000,0xFFFF,0x0000,0x0000,0x0000,0x0000,0x0000,0x0000,0x0000,0x0000,0x0000,0x0000,0x0000,0xFFFF,0x0000,0x0000,0x051E,0x0000,0x056E,0x0000,0x0046,0xFFFF,0xFFFF,0xFFFF,0xFFFF,0xFFFF,0xFFFF,0xFFFF,0x0154,0xFFFF,0xFFFF,0xFFFF,0x0084,0x0AD4,0x0118,0x0002,0x005C,0x0021,0xFFFF,0xFFFF,0x1100,0x1111,0xFF11,0x1111,0xF0F0,0x111F,0x0100,0x0011,0x1001,0x1111,0x0000,0x0F01,0x1F11,0x11FE,0x0011,0x6100,0x1B00,0xFF10,0x081F,0x07EA,0x18FF,0x4113,0x9EEC
2026-08-31T18:00:39,0x8003,0x0384,0x037A,0xFFFF,0x070C,0xFFFF,0xFFFF,0x01D2,0x01D2,0xFFFF,0x0000,0x0000,0xFFFF,0x0000,0x049C,0x049C,0xFFFF,0x0942,0xFFFF,0xFFFF,0x0258,0x0258,0xFFFF,0x0000,0x0000,0xFFFF,0x0000,0x0000,0x0000,0x0000,0x0000,0x0000,0x0000,0x0000,0x0000,0x0000,0x0000,0xFFFF,0x0000,0x0000,0x051E,0x0000,0x056E,0x0000,0x0046,0xFFFF,0xFFFF,0xFFFF,0xFFFF,0xFFFF,0xFFFF,0xFFFF,0x0154,0xFFFF,0xFFFF,0xFFFF,0x0084,0x0AEC,0x0118,0x0002,0x005C,0x0021,0xFFFF,0xFFFF,0x1100,0x1111,0xFF11,0x1111,0xF0F0,0x111F,0x0100,0x0011,0x1001,0x1111,0x0000,0x0F01,0x1F11,0x11FE,0x0011,0x6100,0x1B00,0xFF10,0x081F,0x07EA,0x18FF,0x4113,0x9EEC
2026-08-31T18:00:41,0x8003,0x0384,0x037A,0xFFFF,0x070B,0xFFFF,0xFFFF,0x01D4,0x01D4,0xFFFF,0x0000,0x0000,0xFFFF,0x0000,0x049C,0x049C,0xFFFF,0x0942,0xFFFF,0xFFFF,0x0258,0x0258,0xFFFF,0x0000,0x0000,0xFFFF,0x0000,0x0000,0x0000,0x0000,0x0000,0x0000,0x0000,0x0000,0x0000,0x0000,0x0000,0xFFFF,0x0000,0x0000,0x051E,0x0000,0x056E,0x0000,0x0046,0xFFFF,0xFFFF,0xFFFF,0xFFFF,0xFFFF,0xFFFF,0xFFFF,0x0154,0xFFFF,0xFFFF,0xFFFF,0x0084,0x0AF8,0x0118,0x0002,0x005C,0x0021,0xFFFF,0xFFFF,0x1100,0x1111,0xFF11,0x1111,0xF0F0,0x111F,0x0100,0x0011,0x1001,0x1111,0x0000,0x0F01,0x1F11,0x11FE,0x0011,0x6100,0x1B00,0xFF10,0x081F,0x07EA,0x18FF,0x4113,0x9EEC
2026-08-31T18:00:42,0x8003,0x0384,0x037A,0xFFFF,0x0706,0xFFFF,0xFFFF,0x01D3,0x01D3,0xFFFF,0x0000,0x0000,0xFFFF,0x0000,0x049C,0x049C,0xFFFF,0x0942,0xFFFF,0xFFFF,0x0258,0x0258,0xFFFF,0x0000,0x0000,0xFFFF,0x0000,0x0000,0x0000,0x0000,0x0000,0x0000,0x0000,0x0000,0x0000,0x0000,0x0000,0xFFFF,0x0000,0x0000,0x051E,0x0000,0x056E,0x0000,0x0046,0xFFFF,0xFFFF,0xFFFF,0xFFFF,0xFFFF,0xFFFF,0xFFFF,0x0154,0xFFFF,0xFFFF,0xFFFF,0x0084,0x0AF2,0x0118,0x0002,0x005C,0x0022,0xFFFF,0xFFFF,0x1100,0x1111,0xFF11,0x1111,0xF0F0,0x111F,0x0100,0x0011,0x1001,0x1111,0x0000,0x0F01,0x1F11,0x11FE,0x0011,0x6100,0x1B00,0xFF10,0x081F,0x07EA,0x18FF,0x4113,0x9EEC
2026-08-31T18:00:43,0x8003,0x0384,0x037A,0xFFFF,0x070A,0xFFFF,0xFFFF,0x01D1,0x01CF,0xFFFF,0x0000,0x0000,0xFFFF,0x0000,0x049C,0x049C,0xFFFF,0x0942,0xFFFF,0xFFFF,0x0258,0x0258,0xFFFF,0x0000,0x0000,0xFFFF,0x0000,0x0000,0x0000,0x0000,0x0000,0x0000,0x0000,0x0000,0x0000,0x0000,0x0000,0xFFFF,0x0000,0x0000,0x051E,0x0000,0x056E,0x0000,0x0046,0xFFFF,0xFFFF,0xFFFF,0xFFFF,0xFFFF,0xFFFF,0xFFFF,0x0154,0xFFFF,0xFFFF,0xFFFF,0x0084,0x0AE6,0x0118,0x0002,0x005C,0x0022,0xFFFF,0xFFFF,0x1100,0x1111,0xFF11,0x1111,0xF0F0,0x111F,0x0100,0x0011,0x1001,0x1111,0x0000,0x0F01,0x1F11,0x11FE,0x0011,0x6100,0x1B00,0xFF10,0x081F,0x07EA,0x18FF,0x4113,0x9EEC
2026-08-31T18:00:44,0x8003,0x0384,0x037A,0xFFFF,0x0702,0xFFFF,0xFFFF,0x01D2,0x01D2,0xFFFF,0x0000,0x0000,0xFFFF,0x0000,0x049C,0x049C,0xFFFF,0x0942,0xFFFF,0xFFFF,0x0258,0x0258,0xFFFF,0x0000,0x0000,0xFFFF,0x0000,0x0000,0x0000,0x0000,0x0000,0x0000,0x0000,0x0000,0x0000,0x0000,0x0000,0xFFFF,0x0000,0x0000,0x051E,0x0000,0x056E,0x0000,0x0046,0xFFFF,0xFFFF,0xFFFF,0xFFFF,0xFFFF,0xFFFF,0xFFFF,0x0154,0xFFFF,0xFFFF,0xFFFF,0x0084,0x0AEC,0x0118,0x0002,0x005C,0x0022,0xFFFF,0xFFFF,0x1100,0x1111,0xFF11,0x1111,0xF0F0,0x111F,0x0100,0x0011,0x1001,0x1111,0x0000,0x0F01,0x1F11,0x11FE,0x0011,0x6100,0x1B00,0xFF10,0x081F,0x07EA,0x18FF,0x4113,0x9EEC
2026-08-31T18:00:45,0x8003,0x0384,0x037A,0xFFFF,0x070D,0xFFFF,0xFFFF,0x01D1,0x01D1,0xFFFF,0x0000,0x0000,0xFFFF,0x0000,0x049C,0x049C,0xFFFF,0x0942,0xFFFF,0xFFFF,0x0258,0x0258,0xFFFF,0x0000,0x0000,0xFFFF,0x0000,0x0000,0x0000,0x0000,0x0000,0x0000,0x0000,0x0000,0x0000,0x0000,0x0000,0xFFFF,0x0000,0x0000,0x051E,0x0000,0x056E,0x0000,0x0046,0xFFFF,0xFFFF,0xFFFF,0xFFFF,0xFFFF,0xFFFF,0xFFFF,0x0154,0xFFFF,0xFFFF,0xFFFF,0x0084,0x0AE6,0x0118,0x0002,0x005C,0x0022,0xFFFF,0xFFFF,0x1100,0x1111,0xFF11,0x1111,0xF0F0,0x111F,0x0100,0x0011,0x1001,0x1111,0x0000,0x0F01,0x1F11,0x11FE,0x0011,0x6100,0x1B00,0xFF10,0x081F,0x07EA,0x18FF,0x4113,0x9EEC
2026-08-31T18:00:47,0x8003,0x0384,0x037A,0xFFFF,0x0705,0xFFFF,0xFFFF,0x01D1,0x01D0,0xFFFF,0x0000,0x0000,0xFFFF,0x0000,0x049C,0x049C,0xFFFF,0x0942,0xFFFF,0xFFFF,0x0258,0x0258,0xFFFF,0x0000,0x0000,0xFFFF,0x0000,0x0000,0x0000,0x0000,0x0000,0x0000,0x0000,0x0000,0x0000,0x0000,0x0000,0xFFFF,0x0000,0x0000,0x051E,0x0000,0x056E,0x0000,0x0046,0xFFFF,0xFFFF,0xFFFF,0xFFFF,0xFFFF,0xFFFF,0xFFFF,0x0154,0xFFFF,0xFFFF,0xFFFF,0x0084,0x0AE6,0x0118,0x0002,0x005C,0x0022,0xFFFF,0xFFFF,0x1100,0x1111,0xFF11,0x1111,0xF0F0,0x111F,0x0100,0x0011,0x1001,0x1111,0x0000,0x0F01,0x1F11,0x11FE,0x0011,0x6100,0x1B00,0xFF10,0x081F,0x07EA,0x18FF,0x4113,0x9EEC
2026-08-31T18:00:48,0x8003,0x0384,0x037A,0xFFFF,0x0708,0xFFFF,0xFFFF,0x01D3,0x01D2,0xFFFF,0x0000,0x0000,0xFFFF,0x0000,0x049C,0x049C,0xFFFF,0x0942,0xFFFF,0xFFFF,0x0258,0x0258,0xFFFF,0x0000,0x0000,0xFFFF,0x0000,0x0000,0x0000,0x0000,0x0000,0x0000,0x0000,0x0000,0x0000,0x0000,0x0000,0xFFFF,0x0000,0x0000,0x051E,0x0000,0x056E,0x0000,0x0046,0xFFFF,0xFFFF,0xFFFF,0xFFFF,0xFFFF,0xFFFF,0xFFFF,0x0154,0xFFFF,0xFFFF,0xFFFF,0x0084,0x0AF2,0x0118,0x0002,0x005C,0x0022,0xFFFF,0xFFFF,0x1100,0x1111,0xFF11,0x1111,0xF0F0,0x111F,0x0100,0x0011,0x1001,0x1111,0x0000,0x0F01,0x1F11,0x11FE,0x0011,0x6100,0x1B00,0xFF10,0x081F,0x07EA,0x18FF,0x4113,0x9EEC
2026-08-31T18:00:49,0x8003,0x0384,0x037A,0xFFFF,0x0706,0xFFFF,0xFFFF,0x01D3,0x01D1,0xFFFF,0x0000,0x0000,0xFFFF,0x0000,0x049C,0x049C,0xFFFF,0x0942,0xFFFF,0xFFFF,0x0258,0x0257,0xFFFF,0x0000,0x0000,0xFFFF,0x0000,0x0000,0x0000,0x0000,0x0000,0x0000,0x0000,0x0000,0x0000,0x0000,0x0000,0xFFFF,0x0000,0x0000,0x051E,0x0000,0x056E,0x0000,0x0046,0xFFFF,0xFFFF,0xFFFF,0xFFFF,0xFFFF,0xFFFF,0xFFFF,0x0154,0xFFFF,0xFFFF,0xFFFF,0x0084,0x0AF2,0x0118,0x0002,0x005C,0x0022,0xFFFF,0xFFFF,0x1100,0x1111,0xFF11,0x1111,0xF0F0,0x111F,0x0100,0x0011,0x1001,0x1111,0x0000,0x0F01,0x1F11,0x11FE,0x0011,0x6100,0x1B00,0xFF10,0x081F,0x07EA,0x18FF,0x4113,0x9EEC
2026-08-31T18:00:50,0x8003,0x0384,0x037A,0xFFFF,0x0705,0xFFFF,0xFFFF,0x01D1,0x01D2,0xFFFF,0x0000,0x0000,0xFFFF,0x0000,0x049C,0x049C,0xFFFF,0x0942,0xFFFF,0xFFFF,0x0258,0x0258,0xFFFF,0x0000,0x0000,0xFFFF,0x0000,0x0000,0x0000,0x0000,0x0000,0x0000,0x0000,0x0000,0x0000,0x0000,0x0000,0xFFFF,0x0000,0x0000,0x051E,0x0000,0x056E,0x0000,0x0046,0xFFFF,0xFFFF,0xFFFF,0xFFFF,0xFFFF,0xFFFF,0xFFFF,0x0154,0xFFFF,0xFFFF,0xFFFF,0x0084,0x0AE6,0x0118,0x0002,0x005C,0x0022,0xFFFF,0xFFFF,0x1100,0x1111,0xFF11,0x1111,0xF0F0,0x111F,0x0100,0x0011,0x1001,0x1111,0x0000,0x0F01,0x1F11,0x11FE,0x0011,0x6100,0x1C00,0xFF10,0x081F,0x07EA,0x18FF,0x4113,0x9EEC
2026-08-31T18:00:52,0x8003,0x0384,0x037A,0xFFFF,0x0702,0xFFFF,0xFFFF,0x01D2,0x01D2,0xFFFF,0x0000,0x0000,0xFFFF,0x0000,0x049C,0x049C,0xFFFF,0x0942,0xFFFF,0xFFFF,0x0258,0x0258,0xFFFF,0x0000,0x0000,0xFFFF,0x0000,0x0000,0x0000,0x0000,0x0000,0x0000,0x0000,0x0000,0x0000,0x0000,0x0000,0xFFFF,0x0000,0x0000,0x051E,0x0000,0x056E,0x0000,0x0046,0xFFFF,0xFFFF,0xFFFF,0xFFFF,0xFFFF,0xFFFF,0xFFFF,0x0154,0xFFFF,0xFFFF,0xFFFF,0x0084,0x0AEC,0x0118,0x0002,0x005C,0x0022,0xFFFF,0xFFFF,0x1100,0x1111,0xFF11,0x1111,0xF0F0,0x111F,0x0100,0x0011,0x1001,0x1111,0x0000,0x0F01,0x1F11,0x11FE,0x0011,0x6100,0x1C00,0xFF10,0x081F,0x07EA,0x18FF,0x4113,0x9EEC
2026-08-31T18:00:53,0x8003,0x0384,0x037A,0xFFFF,0x0704,0xFFFF,0xFFFF,0x01D2,0x01D1,0xFFFF,0x0000,0x0000,0xFFFF,0x0000,0x049C,0x049C,0xFFFF,0x0942,0xFFFF,0xFFFF,0x0258,0x0258,0xFFFF,0x0000,0x0000,0xFFFF,0x0000,0x0000,0x0000,0x0000,0x0000,0x0000,0x0000,0x0000,0x0000,0x0000,0x0000,0xFFFF,0x0000,0x0000,0x051E,0x0000,0x056E,0x0000,0x0046,0xFFFF,0xFFFF,0xFFFF,0xFFFF,0xFFFF,0xFFFF,0xFFFF,0x0154,0xFFFF,0xFFFF,0xFFFF,0x0084,0x0AEC,0x0118,0x0002,0x005C,0x0022,0xFFFF,0xFFFF,0x1100,0x1111,0xFF11,0x1111,0xF0F0,0x111F,0x0100,0x0011,0x1001,0x1111,0x0000,0x0F01,0x1F11,0x11FE,0x0011,0x6100,0x1C00,0xFF10,0x081F,0x07EA,0x18FF,0x4113,0x9EEC
2026-08-31T18:00:54,0x8003,0x0384,0x037A,0xFFFF,0x0704,0xFFFF,0xFFFF,0x01D6,0x01D4,0xFFFF,0x0000,0x0000,0xFFFF,0x0000,0x049C,0x049C,0xFFFF,0x0942,0xFFFF,0xFFFF,0x0258,0x0258,0xFFFF,0x0000,0x0000,0xFFFF,0x0000,0x0000,0x0000,0x0000,0x0000,0x0000,0x0000,0x0000,0x0000,0x0000,0x0000,0xFFFF,0x0000,0x0000,0x051E,0x0000,0x056E,0x0000,0x0046,0xFFFF,0xFFFF,0xFFFF,0xFFFF,0xFFFF,0xFFFF,0xFFFF,0x0154,0xFFFF,0xFFFF,0xFFFF,0x0084,0x0B04,0x0118,0x0002,0x005C,0x0022,0xFFFF,0xFFFF,0x1100,0x1111,0xFF11,0x1111,0xF0F0,0x111F,0x0100,0x0011,0x1001,0x1111,0x0000,0x0F01,0x1F11,0x11FE,0x0011,0x6100,0x1C00,0xFF10,0x081F,0x07EA,0x18FF,0x4113,0x9EEC
2026-08-31T18:00:55,0x8003,0x0384,0x037A,0xFFFF,0x0712,0xFFFF,0xFFFF,0x01D4,0x01D3,0xFFFF,0x0000,0x0000,0xFFFF,0x0000,0x049C,0x049C,0xFFFF,0x0942,0xFFFF,0xFFFF,0x0258,0x0258,0xFFFF,0x0000,0x0000,0xFFFF,0x0000,0x0000,0x0000,0x0000,0x0000,0x0000,0x0000,0x0000,0x0000,0x0000,0x0000,0xFFFF,0x0000,0x0000,0x051E,0x0000,0x056E,0x0000,0x0046,0xFFFF,0xFFFF,0xFFFF,0xFFFF,0xFFFF,0xFFFF,0xFFFF,0x0154,0xFFFF,0xFFFF,0xFFFF,0x0084,0x0AF8,0x0118,0x0002,0x005C,0x0022,0xFFFF,0xFFFF,0x1100,0x1111,0xFF11,0x1111,0xF0F0,0x111F,0x0100,0x0011,0x1001,0x1111,0x0000,0x0F01,0x1F11,0x11FE,0x0011,0x6100,0x1C00,0xFF10,0x081F,0x07EA,0x18FF,0x4113,0x9EEC
2026-08-31T18:00:57,0x8003,0x0384,0x037A,0xFFFF,0x0704,0xFFFF,0xFFFF,0x01D2,0x01D3,0xFFFF,0x0000,0x0000,0xFFFF,0x0000,0x049C,0x049C,0xFFFF,0x0942,0xFFFF,0xFFFF,0x0258,0x0258,0xFFFF,0x0000,0x0000,0xFFFF,0x0000,0x0000,0x0000,0x0000,0x0000,0x0000,0x0000,0x0000,0x0000,0x0000,0x0000,0xFFFF,0x0000,0x0000,0x051E,0x0000,0x056E,0x0000,0x0046,0xFFFF,0xFFFF,0xFFFF,0xFFFF,0xFFFF,0xFFFF,0xFFFF,0x0154,0xFFFF,0xFFFF,0xFFFF,0x0084,0x0AEC,0x0118,0x0002,0x005C,0x0022,0xFFFF,0xFFFF,0x1100,0x1111,0xFF11,0x1111,0xF0F0,0x111F,0x0100,0x0011,0x1001,0x1111,0x0000,0x0F01,0x1F11,0x11FE,0x0011,0x6100,0x1C00,0xFF10,0x081F,0x07EA,0x18FF,0x4113,0x9EEC
2026-08-31T18:00:58,0x8003,0x0384,0x037A,0xFFFF,0x070E,0xFFFF,0xFFFF,0x01D2,0x01D1,0xFFFF,0x0000,0x0000,0xFFFF,0x0000,0x049C,0x049C,0xFFFF,0x0942,0xFFFF,0xFFFF,0x0258,0x0258,0xFFFF,0x0000,0x0000,0xFFFF,0x0000,0x0000,0x0000,0x0000,0x0000,0x0000,0x0000,0x0000,0x0000,0x0000,0x0000,0xFFFF,0x0000,0x0000,0x051E,0x0000,0x056E,0x0000,0x0046,0xFFFF,0xFFFF,0xFFFF,0xFFFF,0xFFFF,0xFFFF,0xFFFF,0x0154,0xFFFF,0xFFFF,0xFFFF,0x0084,0x0AEC,0x0118,0x0002,0x005C,0x0022,0xFFFF,0xFFFF,0x1100,0x1111,0xFF11,0x1111,0xF0F0,0x111F,0x0100,0x0011,0x1001,0x1111,0x0000,0x0F01,0x1F11,0x11FE,0x0011,0x6100,0x1C00,0xFF10,0x081F,0x07EA,0x18FF,0x4113,0x9EEC
2026-08-31T18:00:59,0x8003,0x0384,0x037A,0xFFFF,0x070A,0xFFFF,0xFFFF,0x01D2,0x01D2,0xFFFF,0x0000,0x0000,0xFFFF,0x0000,0x049C,0x049C,0xFFFF,0x0942,0xFFFF,0xFFFF,0x0258,0x0258,0xFFFF,0x0000,0x0000,0xFFFF,0x0000,0x0000,0x0000,0x0000,0x0000,0x0000,0x0000,0x0000,0x0000,0x0000,0x0000,0xFFFF,0x0000,0x0000,0x051E,0x0000,0x056E,0x0000,0x0046,0xFFFF,0xFFFF,0xFFFF,0xFFFF,0xFFFF,0xFFFF,0xFFFF,0x0154,0xFFFF,0xFFFF,0xFFFF,0x0084,0x0AEC,0x0118,0x0002,0x005C,0x0022,0xFFFF,0xFFFF,0x1100,0x1111,0xFF11,0x1111,0xF0F0,0x111F,0x0100,0x0011,0x1001,0x1111,0x0000,0x0F01,0x1F11,0x11FE,0x0011,0x6100,0x1C00,0xFF10,0x081F,0x07EA,0x18FF,0x4113,0x9EEC
2026-08-31T18:01:00,0x8003,0x0384,0x037A,0xFFFF,0x0707,0xFFFF,0xFFFF,0x01D2,0x01D1,0xFFFF,0x0000,0x0000,0xFFFF,0x0000,0x049C,0x049C,0xFFFF,0x0942,0xFFFF,0xFFFF,0x0258,0x0257,0xFFFF,0x0000,0x0000,0xFFFF,0x0000,0x0000,0x0000,0x0000,0x0000,0x0000,0x0000,0x0000,0x0000,0x0000,0x0000,0xFFFF,0x0000,0x0000,0x051E,0x0000,0x056E,0x0000,0x0046,0xFFFF,0xFFFF,0xFFFF,0xFFFF,0xFFFF,0xFFFF,0xFFFF,0x0154,0xFFFF,0xFFFF,0xFFFF,0x0084,0x0AEC,0x0118,0x0002,0x005C,0x0022,0xFFFF,0xFFFF,0x1100,0x1111,0xFF11,0x1111,0xF0F0,0x111F,0x0100,0x0011,0x1001,0x1111,0x0000,0x0F01,0x1F11,0x11FE,0x0011,0x6100,0x1C00,0xFF10,0x081F,0x07EA,0x18FF,0x4113,0x9EEC
2026-08-31T18:01:01,0x8003,0x0384,0x037A,0xFFFF,0x0708,0xFFFF,0xFFFF,0x01D6,0x01D5,0xFFFF,0x0000,0x0000,0xFFFF,0x0000,0x049C,0x049C,0xFFFF,0x0942,0xFFFF,0xFFFF,0x0258,0x0258,0xFFFF,0x0000,0x0000,0xFFFF,0x0000,0x0000,0x0000,0x0000,0x0000,0x0000,0x0000,0x0000,0x0000,0x0000,0x0000,0xFFFF,0x0000,0x0000,0x051E,0x0000,0x056E,0x0000,0x0046,0xFFFF,0xFFFF,0xFFFF,0xFFFF,0xFFFF,0xFFFF,0xFFFF,0x0154,0xFFFF,0xFFFF,0xFFFF,0x0084,0x0B04,0x0118,0x0002,0x005C,0x0022,0xFFFF,0xFFFF,0x1100,0x1111,0xFF11,0x1111,0xF0F0,0x111F,0x0100,0x0011,0x1001,0x1111,0x0000,0x0F01,0x1F11,0x11FE,0x0011,0x6100,0x1C00,0xFF10,0x081F,0x07EA,0x18FF,0x4113,0x9EEC
2026-08-31T18:01:03,0x8003,0x0384,0x037A,0xFFFF,0x0703,0xFFFF,0xFFFF,0x01D1,0x01D0,0xFFFF,0x0000,0x0000,0xFFFF,0x0000,0x049C,0x049C,0xFFFF,0x0942,0xFFFF,0xFFFF,0x0258,0x0258,0xFFFF,0x0000,0x0000,0xFFFF,0x0000,0x0000,0x0000,0x0000,0x0000,0x0000,0x0000,0x0000,0x0000,0x0000,0x0000,0xFFFF,0x0000,0x0000,0x051E,0x0000,0x056E,0x0000,0x0046,0xFFFF,0xFFFF,0xFFFF,0xFFFF,0xFFFF,0xFFFF,0xFFFF,0x0154,0xFFFF,0xFFFF,0xFFFF,0x0084,0x0AE6,0x0118,0x0002,0x005C,0x0022,0xFFFF,0xFFFF,0x1100,0x1111,0xFF11,0x1111,0xF0F0,0x111F,0x0100,0x0011,0x1001,0x1111,0x0000,0x0F01,0x1F11,0x11FE,0x0011,0x6100,0x1C00,0xFF10,0x081F,0x07EA,0x18FF,0x4113,0x9EEC
2026-08-31T18:01:04,0x8003,0x0384,0x037A,0xFFFF,0x0709,0xFFFF,0xFFFF,0x01D5,0x01D6,0xFFFF,0x0000,0x0000,0xFFFF,0x0000,0x049C,0x049C,0xFFFF,0x0942,0xFFFF,0xFFFF,0x0258,0x0258,0xFFFF,0x0000,0x0000,0xFFFF,0x0000,0x0000,0x0000,0x0000,0x0000,0x0000,0x0000,0x0000,0x0000,0x0000,0x0000,0xFFFF,0x0000,0x0000,0x051E,0x0000,0x056E,0x0000,0x0046,0xFFFF,0xFFFF,0xFFFF,0xFFFF,0xFFFF,0xFFFF,0xFFFF,0x0154,0xFFFF,0xFFFF,0xFFFF,0x0084,0x0AFE,0x0118,0x0002,0x005C,0x0022,0xFFFF,0xFFFF,0x1100,0x1111,0xFF11,0x1111,0xF0F0,0x111F,0x0100,0x0011,0x1001,0x1111,0x0000,0x0F01,0x1F11,0x11FE,0x0011,0x6100,0x1C00,0xFF10,0x081F,0x07EA,0x18FF,0x4113,0x9EEC
2026-08-31T18:01:05,0x8003,0x0384,0x037A,0xFFFF,0x070A,0xFFFF,0xFFFF,0x01D4,0x01D3,0xFFFF,0x0000,0x0000,0xFFFF,0x0000,0x049C,0x049C,0xFFFF,0x0942,0xFFFF,0xFFFF,0x0258,0x0258,0xFFFF,0x0000,0x0000,0xFFFF,0x0000,0x0000,0x0000,0x0000,0x0000,0x0000,0x0000,0x0000,0x0000,0x0000,0x0000,0xFFFF,0x0000,0x0000,0x051E,0x0000,0x056E,0x0000,0x0046,0xFFFF,0xFFFF,0xFFFF,0xFFFF,0xFFFF,0xFFFF,0xFFFF,0x0154,0xFFFF,0xFFFF,0xFFFF,0x0084,0x0AF8,0x0118,0x0002,0x005C,0x0022,0xFFFF,0xFFFF,0x1100,0x1111,0xFF11,0x1111,0xF0F0,0x111F,0x0100,0x0011,0x1001,0x1111,0x0000,0x0F01,0x1F11,0x11FE,0x0011,0x6100,0x1C00,0xFF10,0x081F,0x07EA,0x18FF,0x4113,0x9EEC
2026-08-31T18:01:06,0x8003,0x0384,0x037A,0xFFFF,0x0706,0xFFFF,0xFFFF,0x01D1,0x01D1,0xFFFF,0x0000,0x0000,0xFFFF,0x0000,0x049C,0x049C,0xFFFF,0x0942,0xFFFF,0xFFFF,0x0258,0x0258,0xFFFF,0x0000,0x0000,0xFFFF,0x0000,0x0000,0x0000,0x0000,0x0000,0x0000,0x0000,0x0000,0x0000,0x0000,0x0000,0xFFFF,0x0000,0x0000,0x051E,0x0000,0x056E,0x0000,0x0046,0xFFFF,0xFFFF,0xFFFF,0xFFFF,0xFFFF,0xFFFF,0xFFFF,0x0154,0xFFFF,0xFFFF,0xFFFF,0x0084,0x0AE6,0x0118,0x0002,0x005C,0x0022,0xFFFF,0xFFFF,0x1100,0x1111,0xFF11,0x1111,0xF0F0,0x111F,0x0100,0x0011,0x1001,0x1111,0x0000,0x0F01,0x1F11,0x11FE,0x0011,0x6100,0x1C00,0xFF10,0x081F,0x07EA,0x18FF,0x4113,0x9EEC
2026-08-31T18:01:08,0x8003,0x0384,0x037A,0xFFFF,0x0705,0xFFFF,0xFFFF,0x01D0,0x01D0,0xFFFF,0x0000,0x0000,0xFFFF,0x0000,0x049C,0x049C,0xFFFF,0x0942,0xFFFF,0xFFFF,0x0258,0x0258,0xFFFF,0x0000,0x0000,0xFFFF,0x0000,0x0000,0x0000,0x0000,0x0000,0x0000,0x0000,0x0000,0x0000,0x0000,0x0000,0xFFFF,0x0000,0x0000,0x051E,0x0000,0x056E,0x0000,0x0046,0xFFFF,0xFFFF,0xFFFF,0xFFFF,0xFFFF,0xFFFF,0xFFFF,0x0154,0xFFFF,0xFFFF,0xFFFF,0x0084,0x0AE0,0x0118,0x0002,0x005C,0x0022,0xFFFF,0xFFFF,0x1100,0x1111,0xFF11,0x1111,0xF0F0,0x111F,0x0100,0x0011,0x1001,0x1111,0x0000,0x0F01,0x1F11,0x11FE,0x0011,0x6100,0x1C00,0xFF10,0x081F,0x07EA,0x18FF,0x4113,0x9EEC
2026-08-31T18:01:09,0x8003,0x0384,0x037A,0xFFFF,0x0708,0xFFFF,0xFFFF,0x01D3,0x01D2,0xFFFF,0x0000,0x0000,0xFFFF,0x0000,0x049C,0x049C,0xFFFF,0x0942,0xFFFF,0xFFFF,0x0258,0x0257,0xFFFF,0x0000,0x0000,0xFFFF,0x0000,0x0000,0x0000,0x0000,0x0000,0x0000,0x0000,0x0000,0x0000,0x0000,0x0000,0xFFFF,0x0000,0x0000,0x051E,0x0000,0x056E,0x0000,0x0046,0xFFFF,0xFFFF,0xFFFF,0xFFFF,0xFFFF,0xFFFF,0xFFFF,0x0154,0xFFFF,0xFFFF,0xFFFF,0x0084,0x0AF2,0x0118,0x0002,0x005C,0x0022,0xFFFF,0xFFFF,0x1100,0x1111,0xFF11,0x1111,0xF0F0,0x111F,0x0100,0x0011,0x1001,0x1111,0x0000,0x0F01,0x1F11,0x11FE,0x0011,0x6100,0x1C00,0xFF10,0x081F,0x07EA,0x18FF,0x4113,0x9EEC
2026-08-31T18:01:10,0x8003,0x0384,0x037A,0xFFFF,0x0705,0xFFFF,0xFFFF,0x01D0,0x01D1,0xFFFF,0x0000,0x0000,0xFFFF,0x0000,0x049C,0x049C,0xFFFF,0x0942,0xFFFF,0xFFFF,0x0258,0x0258,0xFFFF,0x0000,0x0000,0xFFFF,0x0000,0x0000,0x0000,0x0000,0x0000,0x0000,0x0000,0x0000,0x0000,0x0000,0x0000,0xFFFF,0x0000,0x0000,0x051E,0x0000,0x056E,0x0000,0x0046,0xFFFF,0xFFFF,0xFFFF,0xFFFF,0xFFFF,0xFFFF,0xFFFF,0x0154,0xFFFF,0xFFFF,0xFFFF,0x0084,0x0AE0,0x0118,0x0002,0x005C,0x0022,0xFFFF,0xFFFF,0x1100,0x1111,0xFF11,0x1111,0xF0F0,0x111F,0x0100,0x0011,0x1001,0x1111,0x0000,0x0F01,0x1F11,0x11FE,0x0011,0x6100,0x1C00,0xFF10,0x081F,0x07EA,0x18FF,0x4113,0x9EEC
2026-08-31T18:01:11,0x8003,0x0384,0x037A,0xFFFF,0x0707,0xFFFF,0xFFFF,0x01D2,0x01D2,0xFFFF,0x0000,0x0000,0xFFFF,0x0000,0x049C,0x049C,0xFFFF,0x0938,0xFFFF,0xFFFF,0x0257,0x0258,0xFFFF,0x0000,0x0000,0xFFFF,0x0000,0x0000,0x0000,0x0000,0x0000,0x0000,0x0000,0x0000,0x0000,0x0000,0x0000,0xFFFF,0x0000,0x0000,0x051E,0x0000,0x056E,0x0000,0x0046,0xFFFF,0xFFFF,0xFFFF,0xFFFF,0xFFFF,0xFFFF,0xFFFF,0x0154,0xFFFF,0xFFFF,0xFFFF,0x0084,0x0AEC,0x0118,0x0002,0x005C,0x0022,0xFFFF,0xFFFF,0x1100,0x1111,0xFF11,0x1111,0xF0F0,0x111F,0x0100,0x0011,0x1001,0x1111,0x0000,0x0F01,0x1F11,0x11FE,0x0011,0x6100,0x1C00,0xFF10,0x081F,0x07EA,0x18FF,0x4113,0x9EEC
2026-08-31T18:01:13,0x8003,0x0384,0x037A,0xFFFF,0x070C,0xFFFF,0xFFFF,0x01CE,0x01CF,0xFFFF,0x0000,0x0000,0xFFFF,0x0000,0x049C,0x049C,0xFFFF,0x0938,0xFFFF,0xFFFF,0x0258,0x0258,0xFFFF,0x0000,0x0000,0xFFFF,0x0000,0x0000,0x0000,0x0000,0x0000,0x0000,0x0000,0x0000,0x0000,0x0000,0x0000,0xFFFF,0x0000,0x0000,0x051E,0x0000,0x056E,0x0000,0x0046,0xFFFF,0xFFFF,0xFFFF,0xFFFF,0xFFFF,0xFFFF,0xFFFF,0x0154,0xFFFF,0xFFFF,0xFFFF,0x0084,0x0AD4,0x0118,0x0002,0x005C,0x0022,0xFFFF,0xFFFF,0x1100,0x1111,0xFF11,0x1111,0xF0F0,0x111F,0x0100,0x0011,0x1001,0x1111,0x0000,0x0F01,0x1F11,0x11FE,0x0011,0x6100,0x1C00,0xFF10,0x081F,0x07EA,0x18FF,0x4113,0x9EEC
2026-08-31T18:01:14,0x8003,0x0384,0x037A,0xFFFF,0x0701,0xFFFF,0xFFFF,0x01D3,0x01D2,0xFFFF,0x0000,0x0000,0xFFFF,0x0000,0x049C,0x049C,0xFFFF,0x0938,0xFFFF,0xFFFF,0x0258,0x0258,0xFFFF,0x0000,0x0000,0xFFFF,0x0000,0x0000,0x0000,0x0000,0x0000,0x0000,0x0000,0x0000,0x0000,0x0000,0x0000,0xFFFF,0x0000,0x0000,0x051E,0x0000,0x056E,0x0000,0x0046,0xFFFF,0xFFFF,0xFFFF,0xFFFF,0xFFFF,0xFFFF,0xFFFF,0x0154,0xFFFF,0xFFFF,0xFFFF,0x0084,0x0AF2,0x0118,0x0002,0x005C,0x0022,0xFFFF,0xFFFF,0x1100,0x1111,0xFF11,0x1111,0xF0F0,0x111F,0x0100,0x0011,0x1001,0x1111,0x0000,0x0F01,0x1F11,0x11FE,0x0011,0x6100,0x1C00,0xFF10,0x081F,0x07EA,0x18FF,0x4113,0x9EEC
2026-08-31T18:01:15,0x8003,0x0384,0x037A,0xFFFF,0x0702,0xFFFF,0xFFFF,0x01CF,0x01CF,0xFFFF,0x0000,0x0000,0xFFFF,0x0000,0x049C,0x0492,0xFFFF,0x0938,0xFFFF,0xFFFF,0x0258,0x0258,0xFFFF,0x0000,0x0000,0xFFFF,0x0000,0x0000,0x0000,0x0000,0x0000,0x0000,0x0000,0x0000,0x0000,0x0000,0x0000,0xFFFF,0x0000,0x0000,0x051E,0x0000,0x056E,0x0000,0x0046,0xFFFF,0xFFFF,0xFFFF,0xFFFF,0xFFFF,0xFFFF,0xFFFF,0x0154,0xFFFF,0xFFFF,0xFFFF,0x0084,0x0ADA,0x0118,0x0002,0x005C,0x0022,0xFFFF,0xFFFF,0x1100,0x1111,0xFF11,0x1111,0xF0F0,0x111F,0x0100,0x0011,0x1001,0x1111,0x0000,0x0F01,0x1F11,0x11FE,0x0011,0x6100,0x1C00,0xFF10,0x081F,0x07EA,0x18FF,0x4113,0x9EEC
2026-08-31T18:01:16,0x8003,0x0384,0x037A,0xFFFF,0x0706,0xFFFF,0xFFFF,0x01D4,0x01D5,0xFFFF,0x0000,0x0000,0xFFFF,0x0000,0x049C,0x0492,0xFFFF,0x0938,0xFFFF,0xFFFF,0x0258,0x0257,0xFFFF,0x0000,0x0000,0xFFFF,0x0000,0x0000,0x0000,0x0000,0x0000,0x0000,0x0000,0x0000,0x0000,0x0000,0x0000,0xFFFF,0x0000,0x0000,0x051E,0x0000,0x056E,0x0000,0x0046,0xFFFF,0xFFFF,0xFFFF,0xFFFF,0xFFFF,0xFFFF,0xFFFF,0x0154,0xFFFF,0xFFFF,0xFFFF,0x0084,0x0AF8,0x0118,0x0002,0x005C,0x0022,0xFFFF,0xFFFF,0x1100,0x1111,0xFF11,0x1111,0xF0F0,0x111F,0x0100,0x0011,0x1001,0x1111,0x0000,0x0F01,0x1F11,0x11FE,0x0011,0x6100,0x1C00,0xFF10,0x081F,0x07EA,0x18FF,0x4113,0x9EEC
2026-08-31T18:01:17,0x8003,0x0384,0x037A,0xFFFF,0x0708,0xFFFF,0xFFFF,0x01CF,0x01D0,0xFFFF,0x0000,0x0000,0xFFFF,0x0000,0x049C,0x0492,0xFFFF,0x0938,0xFFFF,0xFFFF,0x0258,0x0258,0xFFFF,0x0000,0x0000,0xFFFF,0x0000,0x0000,0x0000,0x0000,0x0000,0x0000,0x0000,0x0000,0x0000,0x0000,0x0000,0xFFFF,0x0000,0x0000,0x051E,0x0000,0x056E,0x0000,0x0046,0xFFFF,0xFFFF,0xFFFF,0xFFFF,0xFFFF,0xFFFF,0xFFFF,0x0154,0xFFFF,0xFFFF,0xFFFF,0x0084,0x0ADA,0x0118,0x0002,0x005C,0x0022,0xFFFF,0xFFFF,0x1100,0x1111,0xFF11,0x1111,0xF0F0,0x111F,0x0100,0x0011,0x1001,0x1111,0x0000,0x0F01,0x1F11,0x11FE,0x0011,0x6100,0x1C00,0xFF10,0x081F,0x07EA,0x18FF,0x4113,0x9EEC
2026-08-31T18:01:19,0x8003,0x0384,0x037A,0xFFFF,0x0704,0xFFFF,0xFFFF,0x01D1,0x01D1,0xFFFF,0x0000,0x0000,0xFFFF,0x0000,0x049C,0x0492,0xFFFF,0x0938,0xFFFF,0xFFFF,0x0258,0x0258,0xFFFF,0x0000,0x0000,0xFFFF,0x0000,0x0000,0x0000,0x0000,0x0000,0x0000,0x0000,0x0000,0x0000,0x0000,0x0000,0xFFFF,0x0000,0x0000,0x051E,0x0000,0x056E,0x0000,0x0046,0xFFFF,0xFFFF,0xFFFF,0xFFFF,0xFFFF,0xFFFF,0xFFFF,0x0154,0xFFFF,0xFFFF,0xFFFF,0x0084,0x0AE6,0x0118,0x0002,0x005C,0x0022,0xFFFF,0xFFFF,0x1100,0x1111,0xFF11,0x1111,0xF0F0,0x111F,0x0100,0x0011,0x1001,0x1111,0x0000,0x0F01,0x1F11,0x11FE,0x0011,0x6100,0x1C00,0xFF10,0x081F,0x07EA,0x18FF,0x4113,0x9EEC
2026-08-31T18:01:20,0x8003,0x0384,0x037A,0xFFFF,0x0708,0xFFFF,0xFFFF,0x01D2,0x01D2,0xFFFF,0x0000,0x0000,0xFFFF,0x0000,0x049C,0x0492,0xFFFF,0x0942,0xFFFF,0xFFFF,0x0258,0x0258,0xFFFF,0x0000,0x0000,0xFFFF,0x0000,0x0000,0x0000,0x0000,0x0000,0x0000,0x0000,0x0000,0x0000,0x0000,0x0000,0xFFFF,0x0000,0x0000,0x051E,0x0000,0x056E,0x0000,0x0046,0xFFFF,0xFFFF,0xFFFF,0xFFFF,0xFFFF,0xFFFF,0xFFFF,0x0154,0xFFFF,0xFFFF,0xFFFF,0x0084,0x0AEC,0x0118,0x0002,0x005C,0x0022,0xFFFF,0xFFFF,0x1100,0x1111,0xFF11,0x1111,0xF0F0,0x111F,0x0100,0x0011,0x1001,0x1111,0x0000,0x0F01,0x1F11,0x11FE,0x0011,0x6100,0x1C00,0xFF10,0x081F,0x07EA,0x18FF,0x4113,0x9EEC
2026-08-31T18:01:21,0x8003,0x0384,0x037A,0xFFFF,0x070A,0xFFFF,0xFFFF,0x01D6,0x01D5,0xFFFF,0x0000,0x0000,0xFFFF,0x0000,0x049C,0x0492,0xFFFF,0x0938,0xFFFF,0xFFFF,0x0258,0x0258,0xFFFF,0x0000,0x0000,0xFFFF,0x0000,0x0000,0x0000,0x0000,0x0000,0x0000,0x0000,0x0000,0x0000,0x0000,0x0000,0xFFFF,0x0000,0x0000,0x051E,0x0000,0x056E,0x0000,0x0046,0xFFFF,0xFFFF,0xFFFF,0xFFFF,0xFFFF,0xFFFF,0xFFFF,0x0154,0xFFFF,0xFFFF,0xFFFF,0x0084,0x0B04,0x0118,0x0002,0x005C,0x0022,0xFFFF,0xFFFF,0x1100,0x1111,0xFF11,0x1111,0xF0F0,0x111F,0x0100,0x0011,0x1001,0x1111,0x0000,0x0F01,0x1F11,0x11FE,0x0011,0x6100,0x1C00,0xFF10,0x081F,0x07EA,0x18FF,0x4113,0x9EEC
2026-08-31T18:01:22,0x8003,0x0384,0x037A,0xFFFF,0x0707,0xFFFF,0xFFFF,0x01D3,0x01D3,0xFFFF,0x0000,0x0000,0xFFFF,0x0000,0x049C,0x0492,0xFFFF,0x0938,0xFFFF,0xFFFF,0x0257,0x0258,0xFFFF,0x0000,0x0000,0xFFFF,0x0000,0x0000,0x0000,0x0000,0x0000,0x0000,0x0000,0x0000,0x0000,0x0000,0x0000,0xFFFF,0x0000,0x0000,0x051E,0x0000,0x056E,0x0000,0x0046,0xFFFF,0xFFFF,0xFFFF,0xFFFF,0xFFFF,0xFFFF,0xFFFF,0x0154,0xFFFF,0xFFFF,0xFFFF,0x0084,0x0AF2,0x0118,0x0002,0x005C,0x0022,0xFFFF,0xFFFF,0x1100,0x1111,0xFF11,0x1111,0xF0F0,0x111F,0x0100,0x0011,0x1001,0x1111,0x0000,0x0F01,0x1F11,0x11FE,0x0011,0x6100,0x1C00,0xFF10,0x081F,0x07EA,0x18FF,0x4113,0x9EEC
2026-08-31T18:01:24,0x8003,0x0384,0x037A,0xFFFF,0x0706,0xFFFF,0xFFFF,0x01CF,0x01CF,0xFFFF,0x0000,0x0000,0xFFFF,0x0000,0x049C,0x049C,0xFFFF,0x0942,0xFFFF,0xFFFF,0x0257,0x0258,0xFFFF,0x0000,0x0000,0xFFFF,0x0000,0x0000,0x0000,0x0000,0x0000,0x0000,0x0000,0x0000,0x0000,0x0000,0x0000,0xFFFF,0x0000,0x0000,0x051E,0x0000,0x056E,0x0000,0x0046,0xFFFF,0xFFFF,0xFFFF,0xFFFF,0xFFFF,0xFFFF,0xFFFF,0x0154,0xFFFF,0xFFFF,0xFFFF,0x0084,0x0ADA,0x0118,0x0002,0x005C,0x0022,0xFFFF,0xFFFF,0x1100,0x1111,0xFF11,0x1111,0xF0F0,0x111F,0x0100,0x0011,0x1001,0x1111,0x0000,0x0F01,0x1F11,0x11FE,0x0011,0x6100,0x1C00,0xFF10,0x081F,0x07EA,0x18FF,0x4113,0x9EEC
2026-08-31T18:01:25,0x8003,0x0384,0x037A,0xFFFF,0x0702,0xFFFF,0xFFFF,0x01D4,0x01D2,0xFFFF,0x0000,0x0000,0xFFFF,0x0000,0x049C,0x0492,0xFFFF,0x0938,0xFFFF,0xFFFF,0x0257,0x0258,0xFFFF,0x0000,0x0000,0xFFFF,0x0000,0x0000,0x0000,0x0000,0x0000,0x0000,0x0000,0x0000,0x0000,0x0000,0x0000,0xFFFF,0x0000,0x0000,0x051E,0x0000,0x056E,0x0000,0x0046,0xFFFF,0xFFFF,0xFFFF,0xFFFF,0xFFFF,0xFFFF,0xFFFF,0x0154,0xFFFF,0xFFFF,0xFFFF,0x0084,0x0AF8,0x0118,0x0002,0x005C,0x0022,0xFFFF,0xFFFF,0x1100,0x1111,0xFF11,0x1111,0xF0F0,0x111F,0x0100,0x0011,0x1001,0x1111,0x0000,0x0F01,0x1F11,0x11FE,0x0011,0x6100,0x1C00,0xFF10,0x081F,0x07EA,0x18FF,0x4113,0x9EEC
2026-08-31T18:01:26,0x8003,0x0384,0x037A,0xFFFF,0x0711,0xFFFF,0xFFFF,0x01D1,0x01D1,0xFFFF,0x0000,0x0000,0xFFFF,0x0000,0x049C,0x0492,0xFFFF,0x0938,0xFFFF,0xFFFF,0x0258,0x0258,0xFFFF,0x0000,0x0000,0xFFFF,0x0000,0x0000,0x0000,0x0000,0x0000,0x0000,0x0000,0x0000,0x0000,0x0000,0x0000,0xFFFF,0x0000,0x0000,0x051E,0x0000,0x056E,0x0000,0x0046,0xFFFF,0xFFFF,0xFFFF,0xFFFF,0xFFFF,0xFFFF,0xFFFF,0x0154,0xFFFF,0xFFFF,0xFFFF,0x0084,0x0AE6,0x0118,0x0002,0x005C,0x0022,0xFFFF,0xFFFF,0x1100,0x1111,0xFF11,0x1111,0xF0F0,0x111F,0x0100,0x0011,0x1001,0x1111,0x0000,0x0F01,0x1F11,0x11FE,0x0011,0x6100,0x1C00,0xFF10,0x081F,0x07EA,0x18FF,0x4113,0x9EEC
2026-08-31T18:01:27,0x8003,0x0384,0x037A,0xFFFF,0x0707,0xFFFF,0xFFFF,0x01D2,0x01D3,0xFFFF,0x0000,0x0000,0xFFFF,0x0000,0x049C,0x0492,0xFFFF,0x0942,0xFFFF,0xFFFF,0x0258,0x0258,0xFFFF,0x0000,0x0000,0xFFFF,0x0000,0x0000,0x0000,0x0000,0x0000,0x0000,0x0000,0x0000,0x0000,0x0000,0x0000,0xFFFF,0x0000,0x0000,0x051E,0x0000,0x056E,0x0000,0x0046,0xFFFF,0xFFFF,0xFFFF,0xFFFF,0xFFFF,0xFFFF,0xFFFF,0x0154,0xFFFF,0xFFFF,0xFFFF,0x0084,0x0AEC,0x0118,0x0002,0x005C,0x0022,0xFFFF,0xFFFF,0x1100,0x1111,0xFF11,0x1111,0xF0F0,0x111F,0x0100,0x0011,0x1001,0x1111,0x0000,0x0F01,0x1F11,0x11FE,0x0011,0x6100,0x1C00,0xFF10,0x081F,0x07EA,0x18FF,0x4113,0x9EEC
2026-08-31T18:01:29,0x8003,0x0384,0x037A,0xFFFF,0x0709,0xFFFF,0xFFFF,0x01CF,0x01D0,0xFFFF,0x0000,0x0000,0xFFFF,0x0000,0x049C,0x0492,0xFFFF,0x0938,0xFFFF,0xFFFF,0x0258,0x0257,0xFFFF,0x0000,0x0000,0xFFFF,0x0000,0x0000,0x0000,0x0000,0x0000,0x0000,0x0000,0x0000,0x0000,0x0000,0x0000,0xFFFF,0x0000,0x0000,0x051E,0x0000,0x056E,0x0000,0x0046,0xFFFF,0xFFFF,0xFFFF,0xFFFF,0xFFFF,0xFFFF,0xFFFF,0x0154,0xFFFF,0xFFFF,0xFFFF,0x0084,0x0ADA,0x0118,0x0002,0x005C,0x0022,0xFFFF,0xFFFF,0x1100,0x1111,0xFF11,0x1111,0xF0F0,0x111F,0x0100,0x0011,0x1001,0x1111,0x0000,0x0F01,0x1F11,0x11FE,0x0011,0x6100,0x1C00,0xFF10,0x081F,0x07EA,0x18FF,0x4113,0x9EEC
2026-08-31T18:01:30,0x8003,0x0384,0x037A,0xFFFF,0x0706,0xFFFF,0xFFFF,0x01D1,0x01D2,0xFFFF,0x0000,0x0000,0xFFFF,0x0000,0x049C,0x0492,0xFFFF,0x0938,0xFFFF,0xFFFF,0x0258,0x0258,0xFFFF,0x0000,0x0000,0xFFFF,0x0000,0x0000,0x0000,0x0000,0x0000,0x0000,0x0000,0x0000,0x0000,0x0000,0x0000,0xFFFF,0x0000,0x0000,0x051E,0x0000,0x056E,0x0000,0x0046,0xFFFF,0xFFFF,0xFFFF,0xFFFF,0xFFFF,0xFFFF,0xFFFF,0x0154,0xFFFF,0xFFFF,0xFFFF,0x0084,0x0AE6,0x0118,0x0002,0x005C,0x0022,0xFFFF,0xFFFF,0x1100,0x1111,0xFF11,0x1111,0xF0F0,0x111F,0x0100,0x0011,0x1001,0x1111,0x0000,0x0F01,0x1F11,0x11FE,0x0011,0x6100,0x1C00,0xFF10,0x081F,0x07EA,0x18FF,0x4113,0x9EEC
2026-08-31T18:01:31,0x8003,0x0384,0x037A,0xFFFF,0x070B,0xFFFF,0xFFFF,0x01D2,0x01D3,0xFFFF,0x0000,0x0000,0xFFFF,0x0000,0x049C,0x0492,0xFFFF,0x0938,0xFFFF,0xFFFF,0x0258,0x0258,0xFFFF,0x0000,0x0000,0xFFFF,0x0000,0x0000,0x0000,0x0000,0x0000,0x0000,0x0000,0x0000,0x0000,0x0000,0x0000,0xFFFF,0x0000,0x0000,0x051E,0x0000,0x056E,0x0000,0x0046,0xFFFF,0xFFFF,0xFFFF,0xFFFF,0xFFFF,0xFFFF,0xFFFF,0x0154,0xFFFF,0xFFFF,0xFFFF,0x0084,0x0AEC,0x0118,0x0002,0x005C,0x0022,0xFFFF,0xFFFF,0x1100,0x1111,0xFF11,0x1111,0xF0F0,0x111F,0x0100,0x0011,0x1001,0x1111,0x0000,0x0F01,0x1F11,0x11FE,0x0011,0x6100,0x1C00,0xFF10,0x081F,0x07EA,0x18FF,0x4113,0x9EEC
2026-08-31T18:01:32,0x8003,0x0384,0x037A,0xFFFF,0x0709,0xFFFF,0xFFFF,0x01D1,0x01D2,0xFFFF,0x0000,0x0000,0xFFFF,0x0000,0x049C,0x0492,0xFFFF,0x0938,0xFFFF,0xFFFF,0x0258,0x0258,0xFFFF,0x0000,0x0000,0xFFFF,0x0000,0x0000,0x0000,0x0000,0x0000,0x0000,0x0000,0x0000,0x0000,0x0000,0x0000,0xFFFF,0x0000,0x0000,0x051E,0x0000,0x056E,0x0000,0x0046,0xFFFF,0xFFFF,0xFFFF,0xFFFF,0xFFFF,0xFFFF,0xFFFF,0x0154,0xFFFF,0xFFFF,0xFFFF,0x0084,0x0AE6,0x0118,0x0002,0x005C,0x0022,0xFFFF,0xFFFF,0x1100,0x1111,0xFF11,0x1111,0xF0F0,0x111F,0x0100,0x0011,0x1001,0x1111,0x0000,0x0F01,0x1F11,0x11FE,0x0011,0x6100,0x1C00,0xFF10,0x081F,0x07EA,0x18FF,0x4113,0x9EEC
2026-08-31T18:01:33,0x8003,0x0384,0x037A,0xFFFF,0x070C,0xFFFF,0xFFFF,0x01D3,0x01D3,0xFFFF,0x0000,0x0000,0xFFFF,0x0000,0x049C,0x0492,0xFFFF,0x0938,0xFFFF,0xFFFF,0x0258,0x0258,0xFFFF,0x0000,0x0000,0xFFFF,0x0000,0x0000,0x0000,0x0000,0x0000,0x0000,0x0000,0x0000,0x0000,0x0000,0x0000,0xFFFF,0x0000,0x0000,0x051E,0x0000,0x056E,0x0000,0x0046,0xFFFF,0xFFFF,0xFFFF,0xFFFF,0xFFFF,0xFFFF,0xFFFF,0x015E,0xFFFF,0xFFFF,0xFFFF,0x0084,0x0AF2,0x0118,0x0002,0x005C,0x0022,0xFFFF,0xFFFF,0x1100,0x1111,0xFF11,0x1111,0xF0F0,0x111F,0x0100,0x0011,0x1001,0x1111,0x0000,0x0F01,0x1F11,0x11FE,0x0011,0x6100,0x1C00,0xFF10,0x081F,0x07EA,0x18FF,0x4113,0x9EEC
2026-08-31T18:01:35,0x8003,0x0384,0x037A,0xFFFF,0x0702,0xFFFF,0xFFFF,0x01D1,0x01D1,0xFFFF,0x0000,0x0000,0xFFFF,0x0000,0x049C,0x0492,0xFFFF,0x0938,0xFFFF,0xFFFF,0x0258,0x0258,0xFFFF,0x0000,0x0000,0xFFFF,0x0000,0x0000,0x0000,0x0000,0x0000,0x0000,0x0000,0x0000,0x0000,0x0000,0x0000,0xFFFF,0x0000,0x0000,0x051E,0x0000,0x056E,0x0000,0x0046,0xFFFF,0xFFFF,0xFFFF,0xFFFF,0xFFFF,0xFFFF,0xFFFF,0x0154,0xFFFF,0xFFFF,0xFFFF,0x0084,0x0AE6,0x0118,0x0002,0x005C,0x0022,0xFFFF,0xFFFF,0x1100,0x1111,0xFF11,0x1111,0xF0F0,0x111F,0x0100,0x0011,0x1001,0x1111,0x0000,0x0F01,0x1F11,0x11FE,0x0011,0x6100,0x1C00,0xFF10,0x081F,0x07EA,0x18FF,0x4113,0x9EEC
2026-08-31T18:01:36,0x8003,0x0384,0x037A,0xFFFF,0x0704,0xFFFF,0xFFFF,0x01D2,0x01D2,0xFFFF,0x0000,0x0000,0xFFFF,0x0000,0x049C,0x0492,0xFFFF,0x0938,0xFFFF,0xFFFF,0x0258,0x0258,0xFFFF,0x0000,0x0000,0xFFFF,0x0000,0x0000,0x0000,0x0000,0x0000,0x0000,0x0000,0x0000,0x0000,0x0000,0x0000,0xFFFF,0x0000,0x0000,0x051E,0x0000,0x056E,0x0000,0x0046,0xFFFF,0xFFFF,0xFFFF,0xFFFF,0xFFFF,0xFFFF,0xFFFF,0x015E,0xFFFF,0xFFFF,0xFFFF,0x0084,0x0AEC,0x0118,0x0002,0x005C,0x0022,0xFFFF,0xFFFF,0x1100,0x1111,0xFF11,0x1111,0xF0F0,0x111F,0x0100,0x0011,0x1001,0x1111,0x0000,0x0F01,0x1F11,0x11FE,0x0011,0x6100,0x1C00,0xFF10,0x081F,0x07EA,0x18FF,0x4113,0x9EEC
2026-08-31T18:01:37,0x8003,0x0384,0x037A,0xFFFF,0x0705,0xFFFF,0xFFFF,0x01D4,0x01D4,0xFFFF,0x0000,0x0000,0xFFFF,0x0000,0x049C,0x0492,0xFFFF,0x0938,0xFFFF,0xFFFF,0x0258,0x0258,0xFFFF,0x0000,0x0000,0xFFFF,0x0000,0x0000,0x0000,0x0000,0x0000,0x0000,0x0000,0x0000,0x0000,0x0000,0x0000,0xFFFF,0x0000,0x0000,0x051E,0x0000,0x056E,0x0000,0x0046,0xFFFF,0xFFFF,0xFFFF,0xFFFF,0xFFFF,0xFFFF,0xFFFF,0x015E,0xFFFF,0xFFFF,0xFFFF,0x0084,0x0AF8,0x0118,0x0002,0x005C,0x0022,0xFFFF,0xFFFF,0x1100,0x1111,0xFF11,0x1111,0xF0F0,0x111F,0x0100,0x0011,0x1001,0x1111,0x0000,0x0F01,0x1F11,0x11FE,0x0011,0x6100,0x1C00,0xFF10,0x081F,0x07EA,0x18FF,0x4113,0x9EEC
2026-08-31T18:01:38,0x8003,0x0384,0x037A,0xFFFF,0x0706,0xFFFF,0xFFFF,0x01D1,0x01D1,0xFFFF,0x0000,0x0000,0xFFFF,0x0000,0x049C,0x0492,0xFFFF,0x0938,0xFFFF,0xFFFF,0x0258,0x0258,0xFFFF,0x0000,0x0000,0xFFFF,0x0000,0x0000,0x0000,0x0000,0x0000,0x0000,0x0000,0x0000,0x0000,0x0000,0x0000,0xFFFF,0x0000,0x0000,0x051E,0x0000,0x056E,0x0000,0x0046,0xFFFF,0xFFFF,0xFFFF,0xFFFF,0xFFFF,0xFFFF,0xFFFF,0x015E,0xFFFF,0xFFFF,0xFFFF,0x0084,0x0AE6,0x0118,0x0002,0x005C,0x0022,0xFFFF,0xFFFF,0x1100,0x1111,0xFF11,0x1111,0xF0F0,0x111F,0x0100,0x0011,0x1001,0x1111,0x0000,0x0F01,0x1F11,0x11FE,0x0011,0x6100,0x1C00,0xFF10,0x081F,0x07EA,0x18FF,0x4113,0x9EEC
2026-08-31T18:01:40,0x8003,0x0384,0x037A,0xFFFF,0x070A,0xFFFF,0xFFFF,0x01D4,0x01D3,0xFFFF,0x0000,0x0000,0xFFFF,0x0000,0x049C,0x0492,0xFFFF,0x0938,0xFFFF,0xFFFF,0x0258,0x0258,0xFFFF,0x0000,0x0000,0xFFFF,0x0000,0x0000,0x0000,0x0000,0x0000,0x0000,0x0000,0x0000,0x0000,0x0000,0x0000,0xFFFF,0x0000,0x0000,0x051E,0x0000,0x056E,0x0000,0x0046,0xFFFF,0xFFFF,0xFFFF,0xFFFF,0xFFFF,0xFFFF,0xFFFF,0x015E,0xFFFF,0xFFFF,0xFFFF,0x0084,0x0AF8,0x0118,0x0002,0x005C,0x0022,0xFFFF,0xFFFF,0x1100,0x1111,0xFF11,0x1111,0xF0F0,0x111F,0x0100,0x0011,0x1001,0x1111,0x0000,0x0F01,0x1F11,0x11FE,0x0011,0x6100,0x1C00,0xFF10,0x081F,0x07EA,0x18FF,0x4113,0x9EEC
2026-08-31T18:01:41,0x8003,0x0384,0x037A,0xFFFF,0x0709,0xFFFF,0xFFFF,0x01D0,0x01D1,0xFFFF,0x0000,0x0000,0xFFFF,0x0000,0x049C,0x0492,0xFFFF,0x0938,0xFFFF,0xFFFF,0x0258,0x0258,0xFFFF,0x0000,0x0000,0xFFFF,0x0000,0x0000,0x0000,0x0000,0x0000,0x0000,0x0000,0x0000,0x0000,0x0000,0x0000,0xFFFF,0x0000,0x0000,0x051E,0x0000,0x056E,0x0000,0x0046,0xFFFF,0xFFFF,0xFFFF,0xFFFF,0xFFFF,0xFFFF,0xFFFF,0x015E,0xFFFF,0xFFFF,0xFFFF,0x0084,0x0AE0,0x0118,0x0002,0x005C,0x0022,0xFFFF,0xFFFF,0x1100,0x1111,0xFF11,0x1111,0xF0F0,0x111F,0x0100,0x0011,0x1001,0x1111,0x0000,0x0F01,0x1F11,0x11FE,0x0011,0x6100,0x1C00,0xFF10,0x081F,0x07EA,0x18FF,0x4113,0x9EEC
2026-08-31T18:01:42,0x8003,0x0384,0x037A,0xFFFF,0x0706,0xFFFF,0xFFFF,0x01D1,0x01D2,0xFFFF,0x0000,0x0000,0xFFFF,0x0000,0x049C,0x0492,0xFFFF,0x0938,0xFFFF,0xFFFF,0x0258,0x0257,0xFFFF,0x0000,0x0000,0xFFFF,0x0000,0x0000,0x0000,0x0000,0x0000,0x0000,0x0000,0x0000,0x0000,0x0000,0x0000,0xFFFF,0x0000,0x0000,0x051E,0x0000,0x056E,0x0000,0x0046,0xFFFF,0xFFFF,0xFFFF,0xFFFF,0xFFFF,0xFFFF,0xFFFF,0x015E,0xFFFF,0xFFFF,0xFFFF,0x0084,0x0AE6,0x0118,0x0002,0x005C,0x0023,0xFFFF,0xFFFF,0x1100,0x1111,0xFF11,0x1111,0xF0F0,0x111F,0x0100,0x0011,0x1001,0x1111,0x0000,0x0F01,0x1F11,0x11FE,0x0011,0x6100,0x1C00,0xFF10,0x081F,0x07EA,0x18FF,0x4113,0x9EEC
2026-08-31T18:01:43,0x8003,0x0384,0x037A,0xFFFF,0x0704,0xFFFF,0xFFFF,0x01D3,0x01D4,0xFFFF,0x0000,0x0000,0xFFFF,0x0000,0x049C,0x0492,0xFFFF,0x0938,0xFFFF,0xFFFF,0x0258,0x0258,0xFFFF,0x0000,0x0000,0xFFFF,0x0000,0x0000,0x0000,0x0000,0x0000,0x0000,0x0000,0x0000,0x0000,0x0000,0x0000,0xFFFF,0x0000,0x0000,0x051E,0x0000,0x056E,0x0000,0x0046,0xFFFF,0xFFFF,0xFFFF,0xFFFF,0xFFFF,0xFFFF,0xFFFF,0x015E,0xFFFF,0xFFFF,0xFFFF,0x0084,0x0AF2,0x0118,0x0002,0x005C,0x0023,0xFFFF,0xFFFF,0x1100,0x1111,0xFF11,0x1111,0xF0F0,0x111F,0x0100,0x0011,0x1001,0x1111,0x0000,0x0F01,0x1F11,0x11FE,0x0011,0x6100,0x1C00,0xFF10,0x081F,0x07EA,0x18FF,0x4113,0x9EEC
2026-08-31T18:01:45,0x8003,0x0384,0x037A,0xFFFF,0x0704,0xFFFF,0xFFFF,0x01D3,0x01D4,0xFFFF,0x0000,0x0000,0xFFFF,0x0000,0x049C,0x0492,0xFFFF,0x0938,0xFFFF,0xFFFF,0x0257,0x0258,0xFFFF,0x0000,0x0000,0xFFFF,0x0000,0x0000,0x0000,0x0000,0x0000,0x0000,0x0000,0x0000,0x0000,0x0000,0x0000,0xFFFF,0x0000,0x0000,0x051E,0x0000,0x056E,0x0000,0x0046,0xFFFF,0xFFFF,0xFFFF,0xFFFF,0xFFFF,0xFFFF,0xFFFF,0x015E,0xFFFF,0xFFFF,0xFFFF,0x0084,0x0AF2,0x0118,0x0002,0x005C,0x0023,0xFFFF,0xFFFF,0x1100,0x1111,0xFF11,0x1111,0xF0F0,0x111F,0x0100,0x0011,0x1001,0x1111,0x0000,0x0F01,0x1F11,0x11FE,0x0011,0x6100,0x1C00,0xFF10,0x081F,0x07EA,0x18FF,0x4113,0x9EEC
2026-08-31T18:01:46,0x8003,0x0384,0x037A,0xFFFF,0x0708,0xFFFF,0xFFFF,0x01D1,0x01D1,0xFFFF,0x0000,0x0000,0xFFFF,0x0000,0x049C,0x0492,0xFFFF,0x0938,0xFFFF,0xFFFF,0x0258,0x0258,0xFFFF,0x0000,0x0000,0xFFFF,0x0000,0x0000,0x0000,0x0000,0x0000,0x0000,0x0000,0x0000,0x0000,0x0000,0x0000,0xFFFF,0x0000,0x0000,0x051E,0x0000,0x056E,0x0000,0x0046,0xFFFF,0xFFFF,0xFFFF,0xFFFF,0xFFFF,0xFFFF,0xFFFF,0x015E,0xFFFF,0xFFFF,0xFFFF,0x0084,0x0AE6,0x0118,0x0002,0x005C,0x0023,0xFFFF,0xFFFF,0x1100,0x1111,0xFF11,0x1111,0xF0F0,0x111F,0x0100,0x0011,0x1001,0x1111,0x0000,0x0F01,0x1F11,0x11FE,0x0011,0x6100,0x1C00,0xFF10,0x081F,0x07EA,0x18FF,0x4113,0x9EEC
2026-08-31T18:01:47,0x8003,0x0384,0x037A,0xFFFF,0x0709,0xFFFF,0xFFFF,0x01D2,0x01D3,0xFFFF,0x0000,0x0000,0xFFFF,0x0000,0x049C,0x0492,0xFFFF,0x0938,0xFFFF,0xFFFF,0x0258,0x0258,0xFFFF,0x0000,0x0000,0xFFFF,0x0000,0x0000,0x0000,0x0000,0x0000,0x0000,0x0000,0x0000,0x0000,0x0000,0x0000,0xFFFF,0x0000,0x0000,0x051E,0x0000,0x056E,0x0000,0x0046,0xFFFF,0xFFFF,0xFFFF,0xFFFF,0xFFFF,0xFFFF,0xFFFF,0x015E,0xFFFF,0xFFFF,0xFFFF,0x0084,0x0AEC,0x0118,0x0002,0x005C,0x0023,0xFFFF,0xFFFF,0x1100,0x1111,0xFF11,0x1111,0xF0F0,0x111F,0x0100,0x0011,0x1001,0x1111,0x0000,0x0F01,0x1F11,0x11FE,0x0011,0x6100,0x1C00,0xFF10,0x081F,0x07EA,0x18FF,0x4113,0x9EEC
2026-08-31T18:01:48,0x8003,0x0384,0x037A,0xFFFF,0x0702,0xFFFF,0xFFFF,0x01D1,0x01D1,0xFFFF,0x0000,0x0000,0xFFFF,0x0000,0x049C,0x0492,0xFFFF,0x0938,0xFFFF,0xFFFF,0x0257,0x0258,0xFFFF,0x0000,0x0000,0xFFFF,0x0000,0x0000,0x0000,0x0000,0x0000,0x0000,0x0000,0x0000,0x0000,0x0000,0x0000,0xFFFF,0x0000,0x0000,0x051E,0x0000,0x056E,0x0000,0x0046,0xFFFF,0xFFFF,0xFFFF,0xFFFF,0xFFFF,0xFFFF,0xFFFF,0x015E,0xFFFF,0xFFFF,0xFFFF,0x0084,0x0AE6,0x0118,0x0002,0x005C,0x0023,0xFFFF,0xFFFF,0x1100,0x1111,0xFF11,0x1111,0xF0F0,0x111F,0x0100,0x0011,0x1001,0x1111,0x0000,0x0F01,0x1F11,0x11FE,0x0011,0x6100,0x1C00,0xFF10,0x081F,0x07EA,0x18FF,0x4113,0x9EEC
2026-08-31T18:01:50,0x8003,0x0384,0x037A,0xFFFF,0x0712,0xFFFF,0xFFFF,0x01D2,0x01D0,0xFFFF,0x0000,0x0000,0xFFFF,0x0000,0x049C,0x0492,0xFFFF,0x0938,0xFFFF,0xFFFF,0x0258,0x0258,0xFFFF,0x0000,0x0000,0xFFFF,0x0000,0x0000,0x0000,0x0000,0x0000,0x0000,0x0000,0x0000,0x0000,0x0000,0x0000,0xFFFF,0x0000,0x0000,0x051E,0x0000,0x056E,0x0000,0x0046,0xFFFF,0xFFFF,0xFFFF,0xFFFF,0xFFFF,0xFFFF,0xFFFF,0x015E,0xFFFF,0xFFFF,0xFFFF,0x0084,0x0AEC,0x0118,0x0002,0x005C,0x0023,0xFFFF,0xFFFF,0x1100,0x1111,0xFF11,0x1111,0xF0F0,0x111F,0x0100,0x0011,0x1001,0x1111,0x0000,0x0F01,0x1F11,0x11FE,0x0011,0x6100,0x1C00,0xFF10,0x081F,0x07EA,0x18FF,0x4113,0x9EEC
2026-08-31T18:01:51,0x8003,0x0384,0x037A,0xFFFF,0x0705,0xFFFF,0xFFFF,0x01D1,0x01D1,0xFFFF,0x0000,0x0000,0xFFFF,0x0000,0x049C,0x0492,0xFFFF,0x0942,0xFFFF,0xFFFF,0x0258,0x0257,0xFFFF,0x0000,0x0000,0xFFFF,0x0000,0x0000,0x0000,0x0000,0x0000,0x0000,0x0000,0x0000,0x0000,0x0000,0x0000,0xFFFF,0x0000,0x0000,0x051E,0x0000,0x056E,0x0000,0x0046,0xFFFF,0xFFFF,0xFFFF,0xFFFF,0xFFFF,0xFFFF,0xFFFF,0x015E,0xFFFF,0xFFFF,0xFFFF,0x0084,0x0AE6,0x0118,0x0002,0x005C,0x0023,0xFFFF,0xFFFF,0x1100,0x1111,0xFF11,0x1111,0xF0F0,0x111F,0x0100,0x0011,0x1001,0x1111,0x0000,0x0F01,0x1F11,0x11FE,0x0011,0x6100,0x1C00,0xFF10,0x081F,0x07EA,0x18FF,0x4113,0x9EEC
2026-08-31T18:01:52,0x8003,0x0384,0x037A,0xFFFF,0x070D,0xFFFF,0xFFFF,0x01D4,0x01D4,0xFFFF,0x0000,0x0000,0xFFFF,0x0000,0x04A6,0x049C,0xFFFF,0x0942,0xFFFF,0xFFFF,0x0258,0x0257,0xFFFF,0x0000,0x0000,0xFFFF,0x0000,0x0000,0x0000,0x0000,0x0000,0x0000,0x0000,0x0000,0x0000,0x0000,0x0000,0xFFFF,0x0000,0x0000,0x051E,0x0000,0x056E,0x0000,0x0046,0xFFFF,0xFFFF,0xFFFF,0xFFFF,0xFFFF,0xFFFF,0xFFFF,0x015E,0xFFFF,0xFFFF,0xFFFF,0x0084,0x0AF8,0x0118,0x0002,0x005C,0x0023,0xFFFF,0xFFFF,0x1100,0x1111,0xFF11,0x1111,0xF0F0,0x111F,0x0100,0x0011,0x1001,0x1111,0x0000,0x0F01,0x1F11,0x11FE,0x0011,0x6100,0x1C00,0xFF10,0x081F,0x07EA,0x18FF,0x4113,0x9EEC
2026-08-31T18:01:53,0x8003,0x0384,0x037A,0xFFFF,0x0711,0xFFFF,0xFFFF,0x01D4,0x01D4,0xFFFF,0x0000,0x0000,0xFFFF,0x0000,0x04A6,0x049C,0xFFFF,0x0942,0xFFFF,0xFFFF,0x0258,0x0258,0xFFFF,0x0000,0x0000,0xFFFF,0x0000,0x0000,0x0000,0x0000,0x0000,0x0000,0x0000,0x0000,0x0000,0x0000,0x0000,0xFFFF,0x0000,0x0000,0x051E,0x0000,0x056E,0x0000,0x0046,0xFFFF,0xFFFF,0xFFFF,0xFFFF,0xFFFF,0xFFFF,0xFFFF,0x015E,0xFFFF,0xFFFF,0xFFFF,0x0084,0x0AF8,0x0118,0x0002,0x005C,0x0023,0xFFFF,0xFFFF,0x1100,0x1111,0xFF11,0x1111,0xF0F0,0x111F,0x0100,0x0011,0x1001,0x1111,0x0000,0x0F01,0x1F11,0x11FE,0x0011,0x6100,0x1C00,0xFF10,0x081F,0x07EA,0x18FF,0x4113,0x9EEC
2026-08-31T18:01:54,0x8003,0x0384,0x037A,0xFFFF,0x0703,0xFFFF,0xFFFF,0x01D2,0x01D1,0xFFFF,0x0000,0x0000,0xFFFF,0x0000,0x04A6,0x049C,0xFFFF,0x0942,0xFFFF,0xFFFF,0x0258,0x0258,0xFFFF,0x0000,0x0000,0xFFFF,0x0000,0x0000,0x0000,0x0000,0x0000,0x0000,0x0000,0x0000,0x0000,0x0000,0x0000,0xFFFF,0x0000,0x0000,0x051E,0x0000,0x056E,0x0000,0x0046,0xFFFF,0xFFFF,0xFFFF,0xFFFF,0xFFFF,0xFFFF,0xFFFF,0x015E,0xFFFF,0xFFFF,0xFFFF,0x0084,0x0AEC,0x0118,0x0002,0x005C,0x0023,0xFFFF,0xFFFF,0x1100,0x1111,0xFF11,0x1111,0xF0F0,0x111F,0x0100,0x0011,0x1001,0x1111,0x0000,0x0F01,0x1F11,0x11FE,0x0011,0x6100,0x1C00,0xFF10,0x081F,0x07EA,0x18FF,0x4113,0x9EEC
2026-08-31T18:01:56,0x8003,0x0384,0x037A,0xFFFF,0x0708,0xFFFF,0xFFFF,0x01D4,0x01D3,0xFFFF,0x0000,0x0000,0xFFFF,0x0000,0x04A6,0x049C,0xFFFF,0x0942,0xFFFF,0xFFFF,0x0258,0x0258,0xFFFF,0x0000,0x0000,0xFFFF,0x0000,0x0000,0x0000,0x0000,0x0000,0x0000,0x0000,0x0000,0x0000,0x0000,0x0000,0xFFFF,0x0000,0x0000,0x051E,0x0000,0x056E,0x0000,0x0046,0xFFFF,0xFFFF,0xFFFF,0xFFFF,0xFFFF,0xFFFF,0xFFFF,0x015E,0xFFFF,0xFFFF,0xFFFF,0x0084,0x0AF8,0x0118,0x0002,0x005C,0x0023,0xFFFF,0xFFFF,0x1100,0x1111,0xFF11,0x1111,0xF0F0,0x111F,0x0100,0x0011,0x1001,0x1111,0x0000,0x0F01,0x1F11,0x11FE,0x0011,0x6100,0x1C00,0xFF10,0x081F,0x07EA,0x18FF,0x4113,0x9EEC
2026-08-31T18:01:57,0x8003,0x0384,0x037A,0xFFFF,0x070C,0xFFFF,0xFFFF,0x01D3,0x01D4,0xFFFF,0x0000,0x0000,0xFFFF,0x0000,0x04A6,0x049C,0xFFFF,0x0942,0xFFFF,0xFFFF,0x0258,0x0258,0xFFFF,0x0000,0x0000,0xFFFF,0x0000,0x0000,0x0000,0x0000,0x0000,0x0000,0x0000,0x0000,0x0000,0x0000,0x0000,0xFFFF,0x0000,0x0000,0x051E,0x0000,0x056E,0x0000,0x0046,0xFFFF,0xFFFF,0xFFFF,0xFFFF,0xFFFF,0xFFFF,0xFFFF,0x015E,0xFFFF,0xFFFF,0xFFFF,0x0084,0x0AF2,0x0118,0x0002,0x005C,0x0023,0xFFFF,0xFFFF,0x1100,0x1111,0xFF11,0x1111,0xF0F0,0x111F,0x0100,0x0011,0x1001,0x1111,0x0000,0x0F01,0x1F11,0x11FE,0x0011,0x6100,0x1C00,0xFF10,0x081F,0x07EA,0x18FF,0x4113,0x9EEC
2026-08-31T18:01:58,0x8003,0x0384,0x037A,0xFFFF,0x0709,0xFFFF,0xFFFF,0x01D0,0x01D0,0xFFFF,0x0000,0x0000,0xFFFF,0x0000,0x04A6,0x049C,0xFFFF,0x0942,0xFFFF,0xFFFF,0x0258,0x0258,0xFFFF,0x0000,0x0000,0xFFFF,0x0000,0x0000,0x0000,0x0000,0x0000,0x0000,0x0000,0x0000,0x0000,0x0000,0x0000,0xFFFF,0x0000,0x0000,0x051E,0x0000,0x056E,0x0000,0x0046,0xFFFF,0xFFFF,0xFFFF,0xFFFF,0xFFFF,0xFFFF,0xFFFF,0x015E,0xFFFF,0xFFFF,0xFFFF,0x0084,0x0AE0,0x0118,0x0002,0x005C,0x0023,0xFFFF,0xFFFF,0x1100,0x1111,0xFF11,0x1111,0xF0F0,0x111F,0x0100,0x0011,0x1001,0x1111,0x0000,0x0F01,0x1F11,0x11FE,0x0011,0x6100,0x1C00,0xFF10,0x081F,0x07EA,0x18FF,0x4113,0x9EEC
2026-08-31T18:01:59,0x8003,0x0384,0x037A,0xFFFF,0x0709,0xFFFF,0xFFFF,0x01D4,0x01D4,0xFFFF,0x0000,0x0000,0xFFFF,0x0000,0x04A6,0x049C,0xFFFF,0x0942,0xFFFF,0xFFFF,0x0258,0x0258,0xFFFF,0x0000,0x0000,0xFFFF,0x0000,0x0000,0x0000,0x0000,0x0000,0x0000,0x0000,0x0000,0x0000,0x0000,0x0000,0xFFFF,0x0000,0x0000,0x051E,0x0000,0x056E,0x0000,0x0046,0xFFFF,0xFFFF,0xFFFF,0xFFFF,0xFFFF,0xFFFF,0xFFFF,0x015E,0xFFFF,0xFFFF,0xFFFF,0x0084,0x0AF8,0x0118,0x0002,0x005C,0x0023,0xFFFF,0xFFFF,0x1100,0x1111,0xFF11,0x1111,0xF0F0,0x111F,0x0100,0x0011,0x1001,0x1111,0x0000,0x0F01,0x1F11,0x11FE,0x0011,0x6100,0x1C00,0xFF10,0x081F,0x07EA,0x18FF,0x4113,0x9EEC
2026-08-31T18:02:01,0x8003,0x0384,0x037A,0xFFFF,0x0706,0xFFFF,0xFFFF,0x01D3,0x01D3,0xFFFF,0x0000,0x0000,0xFFFF,0x0000,0x04A6,0x049C,0xFFFF,0x0942,0xFFFF,0xFFFF,0x0258,0x0258,0xFFFF,0x0000,0x0000,0xFFFF,0x0000,0x0000,0x0000,0x0000,0x0000,0x0000,0x0000,0x0000,0x0000,0x0000,0x0000,0xFFFF,0x0000,0x0000,0x051E,0x0000,0x056E,0x0000,0x0046,0xFFFF,0xFFFF,0xFFFF,0xFFFF,0xFFFF,0xFFFF,0xFFFF,0x015E,0xFFFF,0xFFFF,0xFFFF,0x0084,0x0AF2,0x0118,0x0002,0x005C,0x0023,0xFFFF,0xFFFF,0x1100,0x1111,0xFF11,0x1111,0xF0F0,0x111F,0x0100,0x0011,0x1001,0x1111,0x0000,0x0F01,0x1F11,0x11FE,0x0011,0x6100,0x1D00,0xFF10,0x081F,0x07EA,0x18FF,0x4113,0x9EEC
2026-08-31T18:02:02,0x8003,0x0384,0x037A,0xFFFF,0x0704,0xFFFF,0xFFFF,0x01D5,0x01D4,0xFFFF,0x0000,0x0000,0xFFFF,0x0000,0x04A6,0x049C,0xFFFF,0x0942,0xFFFF,0xFFFF,0x0257,0x0257,0xFFFF,0x0000,0x0000,0xFFFF,0x0000,0x0000,0x0000,0x0000,0x0000,0x0000,0x0000,0x0000,0x0000,0x0000,0x0000,0xFFFF,0x0000,0x0000,0x051E,0x0000,0x056E,0x0000,0x0046,0xFFFF,0xFFFF,0xFFFF,0xFFFF,0xFFFF,0xFFFF,0xFFFF,0x015E,0xFFFF,0xFFFF,0xFFFF,0x0084,0x0AFE,0x0118,0x0002,0x005C,0x0023,0xFFFF,0xFFFF,0x1100,0x1111,0xFF11,0x1111,0xF0F0,0x111F,0x0100,0x0011,0x1001,0x1111,0x0000,0x0F01,0x1F11,0x11FE,0x0011,0x6100,0x1D00,0xFF10,0x081F,0x07EA,0x18FF,0x4113,0x9EEC
2026-08-31T18:02:03,0x8003,0x0384,0x037A,0xFFFF,0x0705,0xFFFF,0xFFFF,0x01D4,0x01D3,0xFFFF,0x0000,0x0000,0xFFFF,0x0000,0x049C,0x049C,0xFFFF,0x0942,0xFFFF,0xFFFF,0x0258,0x0258,0xFFFF,0x0000,0x0000,0xFFFF,0x0000,0x0000,0x0000,0x0000,0x0000,0x0000,0x0000,0x0000,0x0000,0x0000,0x0000,0xFFFF,0x0000,0x0000,0x051E,0x0000,0x056E,0x0000,0x0046,0xFFFF,0xFFFF,0xFFFF,0xFFFF,0xFFFF,0xFFFF,0xFFFF,0x015E,0xFFFF,0xFFFF,0xFFFF,0x0084,0x0AF8,0x0118,0x0002,0x005C,0x0023,0xFFFF,0xFFFF,0x1100,0x1111,0xFF11,0x1111,0xF0F0,0x111F,0x0100,0x0011,0x1001,0x1111,0x0000,0x0F01,0x1F11,0x11FE,0x0011,0x6100,0x1D00,0xFF10,0x081F,0x07EA,0x18FF,0x4113,0x9EEC
2026-08-31T18:02:04,0x8003,0x0384,0x037A,0xFFFF,0x0708,0xFFFF,0xFFFF,0x01D4,0x01D4,0xFFFF,0x0000,0x0000,0xFFFF,0x0000,0x04A6,0x049C,0xFFFF,0x0942,0xFFFF,0xFFFF,0x0258,0x0258,0xFFFF,0x0000,0x0000,0xFFFF,0x0000,0x0000,0x0000,0x0000,0x0000,0x0000,0x0000,0x0000,0x0000,0x0000,0x0000,0xFFFF,0x0000,0x0000,0x051E,0x0000,0x056E,0x0000,0x0046,0xFFFF,0xFFFF,0xFFFF,0xFFFF,0xFFFF,0xFFFF,0xFFFF,0x015E,0xFFFF,0xFFFF,0xFFFF,0x0084,0x0AF8,0x0118,0x0002,0x005C,0x0023,0xFFFF,0xFFFF,0x1100,0x1111,0xFF11,0x1111,0xF0F0,0x111F,0x0100,0x0011,0x1001,0x1111,0x0000,0x0F01,0x1F11,0x11FE,0x0011,0x6100,0x1D00,0xFF10,0x081F,0x07EA,0x18FF,0x4113,0x9EEC
2026-08-31T18:02:06,0x8003,0x0384,0x037A,0xFFFF,0x070B,0xFFFF,0xFFFF,0x01D1,0x01CF,0xFFFF,0x0000,0x0000,0xFFFF,0x0000,0x04A6,0x049C,0xFFFF,0x0942,0xFFFF,0xFFFF,0x0258,0x0258,0xFFFF,0x0000,0x0000,0xFFFF,0x0000,0x0000,0x0000,0x0000,0x0000,0x0000,0x0000,0x0000,0x0000,0x0000,0x0000,0xFFFF,0x0000,0x0000,0x051E,0x0000,0x056E,0x0000,0x0046,0xFFFF,0xFFFF,0xFFFF,0xFFFF,0xFFFF,0xFFFF,0xFFFF,0x015E,0xFFFF,0xFFFF,0xFFFF,0x0084,0x0AE6,0x0118,0x0002,0x005C,0x0023,0xFFFF,0xFFFF,0x1100,0x1111,0xFF11,0x1111,0xF0F0,0x111F,0x0100,0x0011,0x1001,0x1111,0x0000,0x0F01,0x1F11,0x11FE,0x0011,0x6100,0x1D00,0xFF10,0x081F,0x07EA,0x18FF,0x4113,0x9EEC
2026-08-31T18:02:07,0x8003,0x0384,0x037A,0xFFFF,0x0704,0xFFFF,0xFFFF,0x01D1,0x01D2,0xFFFF,0x0000,0x0000,0xFFFF,0x0000,0x04A6,0x049C,0xFFFF,0x0942,0xFFFF,0xFFFF,0x0258,0x0258,0xFFFF,0x0000,0x0000,0xFFFF,0x0000,0x0000,0x0000,0x0000,0x0000,0x0000,0x0000,0x0000,0x0000,0x0000,0x0000,0xFFFF,0x0000,0x0000,0x051E,0x0000,0x056E,0x0000,0x0046,0xFFFF,0xFFFF,0xFFFF,0xFFFF,0xFFFF,0xFFFF,0xFFFF,0x015E,0xFFFF,0xFFFF,0xFFFF,0x0084,0x0AE6,0x0118,0x0002,0x005C,0x0023,0xFFFF,0xFFFF,0x1100,0x1111,0xFF11,0x1111,0xF0F0,0x111F,0x0100,0x0011,0x1001,0x1111,0x0000,0x0F01,0x1F11,0x11FE,0x0011,0x6100,0x1D00,0xFF10,0x081F,0x07EA,0x18FF,0x4113,0x9EEC
2026-08-31T18:02:08,0x8003,0x0384,0x037A,0xFFFF,0x0708,0xFFFF,0xFFFF,0x01D4,0x01D3,0xFFFF,0x0000,0x0000,0xFFFF,0x0000,0x04A6,0x049C,0xFFFF,0x0942,0xFFFF,0xFFFF,0x0257,0x0258,0xFFFF,0x0000,0x0000,0xFFFF,0x0000,0x0000,0x0000,0x0000,0x0000,0x0000,0x0000,0x0000,0x0000,0x0000,0x0000,0xFFFF,0x0000,0x0000,0x051E,0x0000,0x056E,0x0000,0x0046,0xFFFF,0xFFFF,0xFFFF,0xFFFF,0xFFFF,0xFFFF,0xFFFF,0x015E,0xFFFF,0xFFFF,0xFFFF,0x0084,0x0AF8,0x0118,0x0002,0x005C,0x0023,0xFFFF,0xFFFF,0x1100,0x1111,0xFF11,0x1111,0xF0F0,0x111F,0x0100,0x0011,0x1001,0x1111,0x0000,0x0F01,0x1F11,0x11FE,0x0011,0x6100,0x1D00,0xFF10,0x081F,0x07EA,0x18FF,0x4113,0x9EEC
2026-08-31T18:02:09,0x8003,0x0384,0x037A,0xFFFF,0x0709,0xFFFF,0xFFFF,0x0195,0x0194,0xFFFF,0x0000,0x0000,0xFFFF,0x0000,0x04A6,0x049C,0xFFFF,0x0942,0xFFFF,0xFFFF,0x0253,0x0253,0xFFFF,0x0000,0x0000,0xFFFF,0x0000,0x0000,0x0000,0x0000,0x0000,0x0000,0x0000,0x0000,0x0000,0x0000,0x0000,0xFFFF,0x0000,0x0000,0x051E,0x0000,0x056E,0x0000,0x0046,0xFFFF,0xFFFF,0xFFFF,0xFFFF,0xFFFF,0xFFFF,0xFFFF,0x015E,0xFFFF,0xFFFF,0xFFFF,0x0085,0x097E,0x0118,0x0002,0x005C,0x0023,0xFFFF,0xFFFF,0x1100,0x1111,0xFF11,0x1111,0xF0F0,0x111F,0x0100,0x0011,0x1001,0x1111,0x0000,0x0F01,0x1F11,0x11FE,0x0001,0x6100,0x1D00,0xFF10,0x081F,0x07EA,0x18FF,0x4113,0x9EEC
2026-08-31T18:02:10,0x8003,0x02D0,0x02C6,0xFFFF,0x0455,0xFFFF,0xFFFF,0x011A,0x011B,0xFFFF,0x0000,0x0000,0xFFFF,0x0000,0x04A6,0x049C,0xFFFF,0x0942,0xFFFF,0xFFFF,0x0257,0x0257,0xFFFF,0x0000,0x0000,0xFFFF,0x0000,0x0000,0x0000,0x0000,0x0000,0x0000,0x0000,0x0000,0x0000,0x0000,0x0000,0xFFFF,0x0000,0x0000,0x051E,0x0000,0x056E,0x0000,0x0046,0xFFFF,0xFFFF,0xFFFF,0xFFFF,0xFFFF,0xFFFF,0xFFFF,0x015E,0xFFFF,0xFFFF,0xFFFF,0x0086,0x069C,0x0118,0x0002,0x005C,0x0023,0xFFFF,0xFFFF,0x1100,0x1111,0xFF11,0x1111,0xF0F0,0x111F,0x0100,0x0011,0x1001,0x1111,0x0000,0x0F01,0x1F11,0x11FE,0x0001,0x6100,0x1D00,0xFF10,0x081F,0x07EA,0x18FF,0x4113,0x9EEC
2026-08-31T18:02:12,0x8003,0x023A,0x0230,0xFFFF,0x037C,0xFFFF,0xFFFF,0x00AD,0x00A9,0xFFFF,0x0000,0x0000,0xFFFF,0x0000,0x04A6,0x049C,0xFFFF,0x0942,0xFFFF,0xFFFF,0x0258,0x0258,0xFFFF,0x0000,0x0000,0xFFFF,0x0000,0x0000,0x0000,0x0000,0x0000,0x0000,0x0000,0x0000,0x0000,0x0000,0x0000,0xFFFF,0x0000,0x0000,0x051E,0x0000,0x056E,0x0000,0x0046,0xFFFF,0xFFFF,0xFFFF,0xFFFF,0xFFFF,0xFFFF,0xFFFF,0x015E,0xFFFF,0xFFFF,0xFFFF,0x0086,0x040E,0x0118,0x0002,0x005C,0x0023,0xFFFF,0xFFFF,0x1100,0x1111,0xFF11,0x1111,0xF0F0,0x111F,0x0100,0x0011,0x1001,0x1111,0x0000,0x0F01,0x1F11,0x11FE,0x0001,0x6100,0x1D00,0xFF10,0x081F,0x07EA,0x18FF,0x4113,0x9EEC
2026-08-31T18:02:13,0x8003,0x015E,0x015E,0xFFFF,0x0134,0xFFFF,0xFFFF,0x0080,0x0084,0xFFFF,0x0000,0x0000,0xFFFF,0x0000,0x04A6,0x049C,0xFFFF,0x0942,0xFFFF,0xFFFF,0x0258,0x0257,0xFFFF,0x0000,0x0000,0xFFFF,0x0000,0x0000,0x0000,0x0000,0x0000,0x0000,0x0000,0x0000,0x0000,0x0000,0x0000,0xFFFF,0x0000,0x0000,0x051E,0x0000,0x056E,0x0000,0x0046,0xFFFF,0xFFFF,0xFFFF,0xFFFF,0xFFFF,0xFFFF,0xFFFF,0x015E,0xFFFF,0xFFFF,0xFFFF,0x0086,0x0300,0x0118,0x0002,0x005C,0x0023,0xFFFF,0xFFFF,0x1100,0x1111,0xFF11,0x1111,0xF0F0,0x111F,0x0100,0x0011,0x1001,0x1111,0x0000,0x0F01,0x1F11,0x11FE,0x0001,0x6100,0x1D00,0xFF10,0x081F,0x07EA,0x18FF,0x4113,0x9EEC
2026-08-31T18:02:14,0x8003,0x0082,0x0082,0xFFFF,0x0017,0xFFFF,0xFFFF,0x0000,0x0000,0xFFFF,0x0000,0x0000,0xFFFF,0x0000,0x04A6,0x049C,0xFFFF,0x0942,0xFFFF,0xFFFF,0x0254,0x0254,0xFFFF,0x0000,0x0000,0xFFFF,0x0000,0x0000,0x0000,0x0000,0x0000,0x0000,0x0000,0x0000,0x0000,0x0000,0x0000,0xFFFF,0x0000,0x0000,0x051E,0x0000,0x056E,0x0000,0x0046,0xFFFF,0xFFFF,0xFFFF,0xFFFF,0xFFFF,0xFFFF,0xFFFF,0x015E,0xFFFF,0xFFFF,0xFFFF,0x0086,0x0000,0x0118,0x0002,0x005C,0x0023,0xFFFF,0xFFFF,0x1100,0x1111,0xFF11,0x1111,0xF0F0,0x111F,0x0100,0x0011,0x1001,0x1111,0x0000,0x0F01,0x1F11,0x11FE,0x0001,0x6080,0x1D00,0xFF10,0x081F,0x07EA,0x18FF,0x4113,0x9EEC
2026-08-31T18:02:15,0x8003,0x0028,0x001E,0xFFFF,0x0000,0xFFFF,0xFFFF,0x0000,0x0000,0xFFFF,0x0000,0x0000,0xFFFF,0x0000,0x04A6,0x049C,0xFFFF,0x0942,0xFFFF,0xFFFF,0x0258,0x0258,0xFFFF,0x0000,0x0000,0xFFFF,0x0000,0x0000,0x0000,0x0000,0x0000,0x0000,0x0000,0x0000,0x0000,0x0000,0x0000,0xFFFF,0x0000,0x0000,0x051E,0x0000,0x056E,0x0000,0x0046,0xFFFF,0xFFFF,0xFFFF,0xFFFF,0xFFFF,0xFFFF,0xFFFF,0x015E,0xFFFF,0xFFFF,0xFFFF,0x0086,0x0000,0x0118,0x0002,0x005C,0x0023,0xFFFF,0xFFFF,0x1100,0x1111,0xFF11,0x1111,0xF0F0,0x111F,0x0100,0x0011,0x1001,0x1111,0x0000,0x0F01,0x1F11,0x11FE,0x0001,0x6080,0x1D00,0xFF10,0x081F,0x07EA,0x18FF,0x4113,0x9EEC
2026-08-31T18:02:17,0x8003,0x000A,0x000A,0xFFFF,0x0000,0xFFFF,0xFFFF,0x0000,0x0000,0xFFFF,0x0000,0x0000,0xFFFF,0x0000,0x04A6,0x049C,0xFFFF,0x0942,0xFFFF,0xFFFF,0x0258,0x0258,0xFFFF,0x0000,0x0000,0xFFFF,0x0000,0x0000,0x0000,0x0000,0x0000,0x0000,0x0000,0x0000,0x0000,0x0000,0x0000,0xFFFF,0x0000,0x0000,0x051E,0x0000,0x056E,0x0000,0x0046,0xFFFF,0xFFFF,0xFFFF,0xFFFF,0xFFFF,0xFFFF,0xFFFF,0x015E,0xFFFF,0xFFFF,0xFFFF,0x0087,0x0000,0x0118,0x0002,0x005C,0x0023,0xFFFF,0xFFFF,0x1100,0x1111,0xFF11,0x1111,0xF0F0,0x111F,0x0100,0x0011,0x1001,0x1111,0x0000,0x0F01,0x1F11,0x11FE,0x0001,0x6080,0x1D00,0xFF10,0x081F,0x07EA,0x18FF,0x4113,0x9EEC
2026-08-31T18:02:18,0x8003,0x0000,0x0000,0xFFFF,0x0000,0xFFFF,0xFFFF,0x0000,0x0000,0xFFFF,0x0000,0x0000,0xFFFF,0x0000,0x04A6,0x049C,0xFFFF,0x0942,0xFFFF,0xFFFF,0x0257,0x0257,0xFFFF,0x0001,0x0000,0xFFFF,0x0000,0x0000,0x0000,0x0000,0x0000,0x0000,0x0000,0x0000,0x0000,0x0000,0x0000,0xFFFF,0x0000,0x0000,0x051E,0x0000,0x056E,0x0000,0x0046,0xFFFF,0xFFFF,0xFFFF,0xFFFF,0xFFFF,0xFFFF,0xFFFF,0x015E,0xFFFF,0xFFFF,0xFFFF,0x0087,0x0000,0x0118,0x0002,0x005C,0x0023,0xFFFF,0xFFFF,0x1100,0x1111,0xFF11,0x1111,0xF0F0,0x111F,0x0100,0x0011,0x1001,0x1111,0x0000,0x0F01,0x1F11,0x11FE,0x0001,0x6080,0x1D00,0xFF10,0x081F,0x07EA,0x18FF,0x4113,0x9EEC
2026-08-31T18:02:19,0x8003,0x0000,0x0000,0xFFFF,0x0000,0xFFFF,0xFFFF,0x0000,0x0000,0xFFFF,0x0000,0x0000,0xFFFF,0x0000,0x04A6,0x049C,0xFFFF,0x0942,0xFFFF,0xFFFF,0x0257,0x0257,0xFFFF,0x0001,0x0000,0xFFFF,0x0000,0x0000,0x0000,0x0000,0x0000,0x0000,0x0000,0x0000,0x0000,0x0000,0x0000,0xFFFF,0x0000,0x0000,0x051E,0x0000,0x056E,0x0000,0x0046,0xFFFF,0xFFFF,0xFFFF,0xFFFF,0xFFFF,0xFFFF,0xFFFF,0x015E,0xFFFF,0xFFFF,0xFFFF,0x0087,0x0000,0x0118,0x0002,0x005C,0x0023,0xFFFF,0xFFFF,0x1100,0x1111,0xFF11,0x1111,0xF0F0,0x111F,0x0100,0x0011,0x1001,0x1111,0x0000,0x0F01,0x1F11,0x11FE,0x0001,0x6080,0x1D00,0xFF10,0x081F,0x07EA,0x18FF,0x4113,0x9EEC
2026-08-31T18:02:20,0x8003,0x0000,0x0000,0xFFFF,0x0000,0xFFFF,0xFFFF,0x0000,0x0000,0xFFFF,0x0000,0x0000,0xFFFF,0x0000,0x04A6,0x049C,0xFFFF,0x0942,0xFFFF,0xFFFF,0x0257,0x0258,0xFFFF,0x0001,0x0000,0xFFFF,0x0000,0x0000,0x0000,0x0000,0x0000,0x0000,0x0000,0x0000,0x0000,0x0000,0x0000,0xFFFF,0x0000,0x0000,0x051E,0x0000,0x056E,0x0000,0x0046,0xFFFF,0xFFFF,0xFFFF,0xFFFF,0xFFFF,0xFFFF,0xFFFF,0x015E,0xFFFF,0xFFFF,0xFFFF,0x0087,0x0000,0x0118,0x0002,0x005C,0x0023,0xFFFF,0xFFFF,0x1100,0x1111,0xFF11,0x1111,0xF0F0,0x111F,0x0100,0x0011,0x1001,0x1111,0x0000,0x0F01,0x1F11,0x11FE,0x0001,0x6080,0x1D00,0xFF10,0x081F,0x07EA,0x18FF,0x4113,0x9EEC
2026-08-31T18:02:22,0x8003,0x0000,0x0000,0xFFFF,0x0000,0xFFFF,0xFFFF,0x0000,0x0000,0xFFFF,0x0000,0x0000,0xFFFF,0x0000,0x04A6,0x049C,0xFFFF,0x0942,0xFFFF,0xFFFF,0x0258,0x0257,0xFFFF,0x0001,0x0000,0xFFFF,0x0000,0x0000,0x0000,0x0000,0x0000,0x0000,0x0000,0x0000,0x0000,0x0000,0x0000,0xFFFF,0x0000,0x0000,0x051E,0x0000,0x056E,0x0000,0x0046,0xFFFF,0xFFFF,0xFFFF,0xFFFF,0xFFFF,0xFFFF,0xFFFF,0x015E,0xFFFF,0xFFFF,0xFFFF,0x0087,0x0000,0x0118,0x0002,0x005C,0x0023,0xFFFF,0xFFFF,0x1100,0x1111,0xFF11,0x1111,0xF0F0,0x111F,0x0100,0x0011,0x1001,0x1111,0x0000,0x0F01,0x1F11,0x11FE,0x0001,0x6080,0x1D00,0xFF10,0x081F,0x07EA,0x18FF,0x4113,0x9EEC
2026-08-31T18:02:23,0x8003,0x0000,0x0000,0xFFFF,0x0000,0xFFFF,0xFFFF,0x0000,0x0000,0xFFFF,0x0000,0x0000,0xFFFF,0x0000,0x04A6,0x049C,0xFFFF,0x0942,0xFFFF,0xFFFF,0x0258,0x0258,0xFFFF,0x0001,0x0000,0xFFFF,0x0000,0x0000,0x0000,0x0000,0x0000,0x0000,0x0000,0x0000,0x0000,0x0000,0x0000,0xFFFF,0x0000,0x0000,0x051E,0x0000,0x056E,0x0000,0x0046,0xFFFF,0xFFFF,0xFFFF,0xFFFF,0xFFFF,0xFFFF,0xFFFF,0x015E,0xFFFF,0xFFFF,0xFFFF,0x0087,0x0000,0x0118,0x0002,0x005C,0x0023,0xFFFF,0xFFFF,0x1100,0x1111,0xFF11,0x1111,0xF0F0,0x111F,0x0100,0x0011,0x1001,0x1111,0x0000,0x0F01,0x1F11,0x11FE,0x0001,0x6080,0x1D00,0xFF10,0x081F,0x07EA,0x18FF,0x4113,0x9EEC
2026-08-31T18:02:24,0x8003,0x0000,0x0000,0xFFFF,0x0000,0xFFFF,0xFFFF,0x0000,0x0000,0xFFFF,0x0000,0x0000,0xFFFF,0x0000,0x04A6,0x049C,0xFFFF,0x0942,0xFFFF,0xFFFF,0x0258,0x0257,0xFFFF,0x0001,0x0000,0xFFFF,0x0000,0x0000,0x0000,0x0000,0x0000,0x0000,0x0000,0x0000,0x0000,0x0000,0x0000,0xFFFF,0x0000,0x0000,0x051E,0x0000,0x056E,0x0000,0x0046,0xFFFF,0xFFFF,0xFFFF,0xFFFF,0xFFFF,0xFFFF,0xFFFF,0x015E,0xFFFF,0xFFFF,0xFFFF,0x0086,0x0000,0x0118,0x0002,0x005C,0x0023,0xFFFF,0xFFFF,0x1100,0x1111,0xFF11,0x1111,0xF0F0,0x111F,0x0100,0x0011,0x1001,0x1111,0x0000,0x0F01,0x1F11,0x11FE,0x0001,0x6080,0x1D00,0xFF10,0x081F,0x07EA,0x18FF,0x4113,0x9EEC
2026-08-31T18:02:25,0x8003,0x0000,0x0000,0xFFFF,0x0000,0xFFFF,0xFFFF,0x0000,0x0000,0xFFFF,0x0000,0x0000,0xFFFF,0x0000,0x049C,0x049C,0xFFFF,0x0942,0xFFFF,0xFFFF,0x0257,0x0258,0xFFFF,0x0001,0x0000,0xFFFF,0x0000,0x0000,0x0000,0x0000,0x0000,0x0000,0x0000,0x0000,0x0000,0x0000,0x0000,0xFFFF,0x0000,0x0000,0x051E,0x0000,0x056E,0x0000,0x0046,0xFFFF,0xFFFF,0xFFFF,0xFFFF,0xFFFF,0xFFFF,0xFFFF,0x015E,0xFFFF,0xFFFF,0xFFFF,0x0085,0x0000,0x0118,0x0002,0x005C,0x0023,0xFFFF,0xFFFF,0x1100,0x1111,0xFF11,0x1111,0xF0F0,0x111F,0x0100,0x0011,0x1001,0x1111,0x0000,0x0F01,0x1F11,0x11FE,0x0001,0x6080,0x1D00,0xFF10,0x081F,0x07EA,0x18FF,0x4113,0x9EEC
2026-08-31T18:02:26,0x8003,0x0000,0x0000,0xFFFF,0x0000,0xFFFF,0xFFFF,0x0000,0x0000,0xFFFF,0x0000,0x0000,0xFFFF,0x0000,0x049C,0x049C,0xFFFF,0x0942,0xFFFF,0xFFFF,0x0258,0x0258,0xFFFF,0x0001,0x0000,0xFFFF,0x0000,0x0000,0x0000,0x0000,0x0000,0x0000,0x0000,0x0000,0x0000,0x0000,0x0000,0xFFFF,0x0000,0x0000,0x051E,0x0000,0x056E,0x0000,0x0046,0xFFFF,0xFFFF,0xFFFF,0xFFFF,0xFFFF,0xFFFF,0xFFFF,0x015E,0xFFFF,0xFFFF,0xFFFF,0x0085,0x0000,0x0118,0x0002,0x005C,0x0023,0xFFFF,0xFFFF,0x1100,0x1111,0xFF11,0x1111,0xF0F0,0x111F,0x0100,0x0011,0x1001,0x1111,0x0000,0x0F01,0x1F11,0x11FE,0x0001,0x6080,0x1D00,0xFF10,0x081F,0x07EA,0x18FF,0x4113,0x9EEC
2026-08-31T18:02:28,0x8003,0x0000,0x0000,0xFFFF,0x0000,0xFFFF,0xFFFF,0x0000,0x0000,0xFFFF,0x0000,0x0000,0xFFFF,0x0000,0x049C,0x049C,0xFFFF,0x0942,0xFFFF,0xFFFF,0x0258,0x0258,0xFFFF,0x0001,0x0000,0xFFFF,0x0000,0x0000,0x0000,0x0000,0x0000,0x0000,0x0000,0x0000,0x0000,0x0000,0x0000,0xFFFF,0x0000,0x0000,0x051E,0x0000,0x056E,0x0000,0x0046,0xFFFF,0xFFFF,0xFFFF,0xFFFF,0xFFFF,0xFFFF,0xFFFF,0x015E,0xFFFF,0xFFFF,0xFFFF,0x0085,0x0000,0x0118,0x0002,0x005C,0x0023,0xFFFF,0xFFFF,0x1100,0x1111,0xFF11,0x1111,0xF0F0,0x111F,0x0100,0x0011,0x1001,0x1111,0x0000,0x0F01,0x1F11,0x11FE,0x0001,0x6080,0x1D00,0xFF10,0x081F,0x07EA,0x18FF,0x4113,0x9EEC
2026-08-31T18:02:29,0x8003,0x0000,0x0000,0xFFFF,0x0000,0xFFFF,0xFFFF,0x0000,0x0000,0xFFFF,0x0000,0x0000,0xFFFF,0x0000,0x049C,0x049C,0xFFFF,0x0942,0xFFFF,0xFFFF,0x0258,0x0257,0xFFFF,0x0001,0x0000,0xFFFF,0x0000,0x0000,0x0000,0x0000,0x0000,0x0000,0x0000,0x0000,0x0000,0x0000,0x0000,0xFFFF,0x0000,0x0000,0x051E,0x0000,0x056E,0x0000,0x0046,0xFFFF,0xFFFF,0xFFFF,0xFFFF,0xFFFF,0xFFFF,0xFFFF,0x015E,0xFFFF,0xFFFF,0xFFFF,0x0085,0x0000,0x0118,0x0002,0x005C,0x0023,0xFFFF,0xFFFF,0x1100,0x1111,0xFF11,0x1111,0xF0F0,0x111F,0x0100,0x0011,0x1001,0x1111,0x0000,0x0F01,0x1F11,0x11FE,0x0001,0x6080,0x1D00,0xFF10,0x081F,0x07EA,0x18FF,0x4113,0x9EEC
2026-08-31T18:02:30,0x8003,0x0000,0x0000,0xFFFF,0x0000,0xFFFF,0xFFFF,0x0000,0x0000,0xFFFF,0x0000,0x0000,0xFFFF,0x0000,0x04A6,0x049C,0xFFFF,0x0942,0xFFFF,0xFFFF,0x0258,0x0258,0xFFFF,0x0001,0x0000,0xFFFF,0x0000,0x0000,0x0000,0x0000,0x0000,0x0000,0x0000,0x0000,0x0000,0x0000,0x0000,0xFFFF,0x0000,0x0000,0x051E,0x0000,0x056E,0x0000,0x0046,0xFFFF,0xFFFF,0xFFFF,0xFFFF,0xFFFF,0xFFFF,0xFFFF,0x015E,0xFFFF,0xFFFF,0xFFFF,0x0085,0x0000,0x0118,0x0002,0x005C,0x0023,0xFFFF,0xFFFF,0x1100,0x1111,0xFF11,0x1111,0xF0F0,0x111F,0x0100,0x0011,0x1001,0x1111,0x0000,0x0F01,0x1F11,0x11FE,0x0001,0x6080,0x1D00,0xFF10,0x081F,0x07EA,0x18FF,0x4113,0x9EEC
2026-08-31T18:02:31,0x8003,0x0000,0x0000,0xFFFF,0x0000,0xFFFF,0xFFFF,0x0000,0x0000,0xFFFF,0x0000,0x0000,0xFFFF,0x0000,0x049C,0x049C,0xFFFF,0x0942,0xFFFF,0xFFFF,0x0257,0x0257,0xFFFF,0x0000,0x0000,0xFFFF,0x0000,0x0000,0x0000,0x0000,0x0000,0x0000,0x0000,0x0000,0x0000,0x0000,0x0000,0xFFFF,0x0000,0x0000,0x051E,0x0000,0x056E,0x0000,0x0046,0xFFFF,0xFFFF,0xFFFF,0xFFFF,0xFFFF,0xFFFF,0xFFFF,0x015E,0xFFFF,0xFFFF,0xFFFF,0x0085,0x0000,0x0118,0x0002,0x005C,0x0023,0xFFFF,0xFFFF,0x1100,0x1111,0xFF11,0x1111,0xF0F0,0x111F,0x0100,0x0011,0x1001,0x1111,0x0000,0x0F01,0x1F11,0x11FE,0x0001,0x6080,0x1D00,0xFF10,0x081F,0x07EA,0x18FF,0x4113,0x9EEC
2026-08-31T18:02:33,0x8003,0x0000,0x0000,0xFFFF,0x0000,0xFFFF,0xFFFF,0x0000,0x0000,0xFFFF,0x0000,0x0000,0xFFFF,0x0000,0x04A6,0x049C,0xFFFF,0x0942,0xFFFF,0xFFFF,0x0257,0x0258,0xFFFF,0x0000,0x0000,0xFFFF,0x0000,0x0000,0x0000,0x0000,0x0000,0x0000,0x0000,0x0000,0x0000,0x0000,0x0000,0xFFFF,0x0000,0x0000,0x051E,0x0000,0x056E,0x0000,0x0046,0xFFFF,0xFFFF,0xFFFF,0xFFFF,0xFFFF,0xFFFF,0xFFFF,0x015E,0xFFFF,0xFFFF,0xFFFF,0x0085,0x0000,0x0118,0x0002,0x005C,0x0023,0xFFFF,0xFFFF,0x1100,0x1111,0xFF11,0x1111,0xF0F0,0x111F,0x0100,0x0011,0x1001,0x1111,0x0000,0x0F01,0x1F11,0x11FE,0x0001,0x6080,0x1D00,0xFF10,0x081F,0x07EA,0x18FF,0x4113,0x9EEC
2026-08-31T18:02:34,0x8003,0x0000,0x0000,0xFFFF,0x0000,0xFFFF,0xFFFF,0x0000,0x0000,0xFFFF,0x0000,0x0000,0xFFFF,0x0000,0x04A6,0x049C,0xFFFF,0x0942,0xFFFF,0xFFFF,0x0258,0x0258,0xFFFF,0x0000,0x0000,0xFFFF,0x0000,0x0000,0x0000,0x0000,0x0000,0x0000,0x0000,0x0000,0x0000,0x0000,0x0000,0xFFFF,0x0000,0x0000,0x051E,0x0000,0x056E,0x0000,0x0046,0xFFFF,0xFFFF,0xFFFF,0xFFFF,0xFFFF,0xFFFF,0xFFFF,0x015E,0xFFFF,0xFFFF,0xFFFF,0x0085,0x0000,0x0118,0x0002,0x005C,0x0023,0xFFFF,0xFFFF,0x1100,0x1111,0xFF11,0x1111,0xF0F0,0x111F,0x0100,0x0011,0x1001,0x1111,0x0000,0x0F01,0x1F11,0x11FE,0x0001,0x6080,0x1D00,0xFF10,0x081F,0x07EA,0x18FF,0x4113,0x9EEC
2026-08-31T18:02:35,0x8003,0x0000,0x0000,0xFFFF,0x0000,0xFFFF,0xFFFF,0x0000,0x0000,0xFFFF,0x0000,0x0000,0xFFFF,0x0000,0x04A6,0x049C,0xFFFF,0x0942,0xFFFF,0xFFFF,0x0258,0x0257,0xFFFF,0x0000,0x0000,0xFFFF,0x0000,0x0000,0x0000,0x0000,0x0000,0x0000,0x0000,0x0000,0x0000,0x0000,0x0000,0xFFFF,0x0000,0x0000,0x051E,0x0000,0x056E,0x0000,0x0046,0xFFFF,0xFFFF,0xFFFF,0xFFFF,0xFFFF,0xFFFF,0xFFFF,0x015E,0xFFFF,0xFFFF,0xFFFF,0x0085,0x0000,0x0118,0x0002,0x005C,0x0023,0xFFFF,0xFFFF,0x1100,0x1111,0xFF11,0x1111,0xF0F0,0x111F,0x0100,0x0011,0x1001,0x1111,0x0000,0x0F01,0x1F11,0x11FE,0x0001,0x6080,0x1D00,0xFF10,0x081F,0x07EA,0x18FF,0x4113,0x9EEC
2026-08-31T18:02:36,0x8003,0x0000,0x0000,0xFFFF,0x0000,0xFFFF,0xFFFF,0x0000,0x0000,0xFFFF,0x0000,0x0000,0xFFFF,0x0000,0x049C,0x049C,0xFFFF,0x0942,0xFFFF,0xFFFF,0x0258,0x0258,0xFFFF,0x0000,0x0000,0xFFFF,0x0000,0x0000,0x0000,0x0000,0x0000,0x0000,0x0000,0x0000,0x0000,0x0000,0x0000,0xFFFF,0x0000,0x0000,0x051E,0x0000,0x056E,0x0000,0x0046,0xFFFF,0xFFFF,0xFFFF,0xFFFF,0xFFFF,0xFFFF,0xFFFF,0x015E,0xFFFF,0xFFFF,0xFFFF,0x0085,0x0000,0x0118,0x0002,0x005C,0x0023,0xFFFF,0xFFFF,0x1100,0x1111,0xFF11,0x1111,0xF0F0,0x111F,0x0100,0x0011,0x1001,0x1111,0x0000,0x0F01,0x1F11,0x11FE,0x0001,0x6080,0x1D00,0xFF10,0x081F,0x07EA,0x18FF,0x4113,0x9EEC
2026-08-31T18:02:38,0x8003,0x0000,0x0000,0xFFFF,0x0000,0xFFFF,0xFFFF,0x0000,0x0000,0xFFFF,0x0000,0x0000,0xFFFF,0x0000,0x04A6,0x049C,0xFFFF,0x0942,0xFFFF,0xFFFF,0x0258,0x0258,0xFFFF,0x0000,0x0000,0xFFFF,0x0000,0x0000,0x0000,0x0000,0x0000,0x0000,0x0000,0x0000,0x0000,0x0000,0x0000,0xFFFF,0x0000,0x0000,0x051E,0x0000,0x056E,0x0000,0x0046,0xFFFF,0xFFFF,0xFFFF,0xFFFF,0xFFFF,0xFFFF,0xFFFF,0x015E,0xFFFF,0xFFFF,0xFFFF,0x0085,0x0000,0x0118,0x0002,0x005C,0x0023,0xFFFF,0xFFFF,0x1100,0x1111,0xFF11,0x1111,0xF0F0,0x111F,0x0100,0x0011,0x1001,0x1111,0x0000,0x0F01,0x1F11,0x11FE,0x0001,0x6080,0x1D00,0xFF10,0x081F,0x07EA,0x18FF,0x4113,0x9EEC
2026-08-31T18:02:39,0x8003,0x0000,0x0000,0xFFFF,0x0000,0xFFFF,0xFFFF,0x0000,0x0000,0xFFFF,0x0000,0x0000,0xFFFF,0x0000,0x04A6,0x049C,0xFFFF,0x0942,0xFFFF,0xFFFF,0x0258,0x0257,0xFFFF,0x0000,0x0000,0xFFFF,0x0000,0x0000,0x0000,0x0000,0x0000,0x0000,0x0000,0x0000,0x0000,0x0000,0x0000,0xFFFF,0x0000,0x0000,0x051E,0x0000,0x056E,0x0000,0x0046,0xFFFF,0xFFFF,0xFFFF,0xFFFF,0xFFFF,0xFFFF,0xFFFF,0x015E,0xFFFF,0xFFFF,0xFFFF,0x0085,0x0000,0x0118,0x0002,0x005C,0x0023,0xFFFF,0xFFFF,0x1100,0x1111,0xFF11,0x1111,0xF0F0,0x111F,0x0100,0x0011,0x1001,0x1111,0x0000,0x0F01,0x1F11,0x11FE,0x0001,0x6080,0x1D00,0xFF10,0x081F,0x07EA,0x18FF,0x4113,0x9EEC
2026-08-31T18:02:40,0x8003,0x0000,0x0000,0xFFFF,0x0000,0xFFFF,0xFFFF,0x0000,0x0000,0xFFFF,0x0000,0x0000,0xFFFF,0x0000,0x04A6,0x049C,0xFFFF,0x0942,0xFFFF,0xFFFF,0x0258,0x0258,0xFFFF,0x0000,0x0000,0xFFFF,0x0000,0x0000,0x0000,0x0000,0x0000,0x0000,0x0000,0x0000,0x0000,0x0000,0x0000,0xFFFF,0x0000,0x0000,0x051E,0x0000,0x056E,0x0000,0x0046,0xFFFF,0xFFFF,0xFFFF,0xFFFF,0xFFFF,0xFFFF,0xFFFF,0x015E,0xFFFF,0xFFFF,0xFFFF,0x0085,0x0000,0x0118,0x0002,0x005C,0x0023,0xFFFF,0xFFFF,0x1100,0x1111,0xFF11,0x1111,0xF0F0,0x111F,0x0100,0x0011,0x1001,0x1111,0x0000,0x0F01,0x1F11,0x11FE,0x0001,0x6080,0x1D00,0xFF10,0x081F,0x07EA,0x18FF,0x4113,0x9EEC
2026-08-31T18:02:41,0x8003,0x0000,0x0000,0xFFFF,0x0000,0xFFFF,0xFFFF,0x0000,0x0000,0xFFFF,0x0000,0x0000,0xFFFF,0x0000,0x04A6,0x049C,0xFFFF,0x0942,0xFFFF,0xFFFF,0x0257,0x0258,0xFFFF,0x0000,0x0000,0xFFFF,0x0000,0x0000,0x0000,0x0000,0x0000,0x0000,0x0000,0x0000,0x0000,0x0000,0x0000,0xFFFF,0x0000,0x0000,0x051E,0x0000,0x056E,0x0000,0x0046,0xFFFF,0xFFFF,0xFFFF,0xFFFF,0xFFFF,0xFFFF,0xFFFF,0x015E,0xFFFF,0xFFFF,0xFFFF,0x0085,0x0000,0x0118,0x0002,0x005C,0x0023,0xFFFF,0xFFFF,0x1100,0x1111,0xFF11,0x1111,0xF0F0,0x111F,0x0100,0x0011,0x1001,0x1111,0x0000,0x0F01,0x1F11,0x11FE,0x0001,0x6080,0x1D00,0xFF10,0x081F,0x07EA,0x18FF,0x4113,0x9EEC
2026-08-31T18:02:43,0x8003,0x0000,0x0000,0xFFFF,0x0000,0xFFFF,0xFFFF,0x0000,0x0000,0xFFFF,0x0000,0x0000,0xFFFF,0x0000,0x04A6,0x049C,0xFFFF,0x0942,0xFFFF,0xFFFF,0x0257,0x0257,0xFFFF,0x0000,0x0000,0xFFFF,0x0000,0x0000,0x0000,0x0000,0x0000,0x0000,0x0000,0x0000,0x0000,0x0000,0x0000,0xFFFF,0x0000,0x0000,0x051E,0x0000,0x056E,0x0000,0x0046,0xFFFF,0xFFFF,0xFFFF,0xFFFF,0xFFFF,0xFFFF,0xFFFF,0x015E,0xFFFF,0xFFFF,0xFFFF,0x0085,0x0000,0x0118,0x0002,0x005C,0x0023,0xFFFF,0xFFFF,0x1100,0x1111,0xFF11,0x1111,0xF0F0,0x111F,0x0100,0x0011,0x1001,0x1111,0x0000,0x0F01,0x1F11,0x11FE,0x0001,0x6080,0x1D00,0xFF10,0x081F,0x07EA,0x18FF,0x4113,0x9EEC
2026-08-31T18:02:44,0x8003,0x0000,0x0000,0xFFFF,0x0000,0xFFFF,0xFFFF,0x0000,0x0000,0xFFFF,0x0000,0x0000,0xFFFF,0x0000,0x04A6,0x049C,0xFFFF,0x0942,0xFFFF,0xFFFF,0x0258,0x0257,0xFFFF,0x0000,0x0000,0xFFFF,0x0000,0x0000,0x0000,0x0000,0x0000,0x0000,0x0000,0x0000,0x0000,0x0000,0x0000,0xFFFF,0x0000,0x0000,0x051E,0x0000,0x056E,0x0000,0x0046,0xFFFF,0xFFFF,0xFFFF,0xFFFF,0xFFFF,0xFFFF,0xFFFF,0x015E,0xFFFF,0xFFFF,0xFFFF,0x0085,0x0000,0x0118,0x0002,0x005C,0x0023,0xFFFF,0xFFFF,0x1100,0x1111,0xFF11,0x1111,0xF0F0,0x111F,0x0100,0x0011,0x1001,0x1111,0x0000,0x0F01,0x1F11,0x11FE,0x0001,0x6080,0x1D00,0xFF10,0x081F,0x07EA,0x18FF,0x4113,0x9EEC
2026-08-31T18:02:45,0x8003,0x0000,0x0000,0xFFFF,0x0000,0xFFFF,0xFFFF,0x0000,0x0000,0xFFFF,0x0000,0x0000,0xFFFF,0x0000,0x04A6,0x049C,0xFFFF,0x0942,0xFFFF,0xFFFF,0x0257,0x0258,0xFFFF,0x0000,0x0000,0xFFFF,0x0000,0x0000,0x0000,0x0000,0x0000,0x0000,0x0000,0x0000,0x0000,0x0000,0x0000,0xFFFF,0x0000,0x0000,0x051E,0x0000,0x056E,0x0000,0x0046,0xFFFF,0xFFFF,0xFFFF,0xFFFF,0xFFFF,0xFFFF,0xFFFF,0x015E,0xFFFF,0xFFFF,0xFFFF,0x0085,0x0000,0x0118,0x0002,0x005C,0x0023,0xFFFF,0xFFFF,0x1100,0x1111,0xFF11,0x1111,0xF0F0,0x111F,0x0100,0x0011,0x1001,0x1111,0x0000,0x0F01,0x1F11,0x11FE,0x0001,0x6080,0x1D00,0xFF10,0x081F,0x07EA,0x18FF,0x4113,0x9EEC
2026-08-31T18:02:46,0x8003,0x0000,0x0000,0xFFFF,0x0000,0xFFFF,0xFFFF,0x0000,0x0000,0xFFFF,0x0000,0x0000,0xFFFF,0x0000,0x04A6,0x049C,0xFFFF,0x0942,0xFFFF,0xFFFF,0x0258,0x0258,0xFFFF,0x0000,0x0000,0xFFFF,0x0000,0x0000,0x0000,0x0000,0x0000,0x0000,0x0000,0x0000,0x0000,0x0000,0x0000,0xFFFF,0x0000,0x0000,0x051E,0x0000,0x056E,0x0000,0x0046,0xFFFF,0xFFFF,0xFFFF,0xFFFF,0xFFFF,0xFFFF,0xFFFF,0x015E,0xFFFF,0xFFFF,0xFFFF,0x0085,0x0000,0x0118,0x0002,0x005C,0x0023,0xFFFF,0xFFFF,0x1100,0x1111,0xFF11,0x1111,0xF0F0,0x111F,0x0100,0x0011,0x1001,0x1111,0x0000,0x0F01,0x1F11,0x11FE,0x0001,0x6080,0x1D00,0xFF10,0x081F,0x07EA,0x18FF,0x4113,0x9EEC
2026-08-31T18:02:47,0x8003,0x0000,0x0000,0xFFFF,0x0000,0xFFFF,0xFFFF,0x0000,0x0000,0xFFFF,0x0000,0x0000,0xFFFF,0x0000,0x049C,0x049C,0xFFFF,0x0942,0xFFFF,0xFFFF,0x0257,0x0258,0xFFFF,0x0000,0x0000,0xFFFF,0x0000,0x0000,0x0000,0x0000,0x0000,0x0000,0x0000,0x0000,0x0000,0x0000,0x0000,0xFFFF,0x0000,0x0000,0x051E,0x0000,0x056E,0x0000,0x0046,0xFFFF,0xFFFF,0xFFFF,0xFFFF,0xFFFF,0xFFFF,0xFFFF,0x015E,0xFFFF,0xFFFF,0xFFFF,0x0085,0x0000,0x0118,0x0002,0x005C,0x0023,0xFFFF,0xFFFF,0x1100,0x1111,0xFF11,0x1111,0xF0F0,0x111F,0x0100,0x0011,0x1001,0x1111,0x0000,0x0F01,0x1F11,0x11FE,0x0001,0x6080,0x1D00,0xFF10,0x081F,0x07EA,0x18FF,0x4113,0x9EEC
